filename,source_dir,label,label_index,split,md5,dhash
001187a0-57ab-4329-baff-e7246a9edeb0___RS_Early.B 8178.JPG,Potato___Early_blight,Early Blight,0,val,179b88359c32acd18b02dca04586f7b7,262261d3c2221b86
002a55fb-7a3d-4a3a-aca8-ce2d5ebc6925___RS_Early.B 8170.JPG,Potato___Early_blight,Early Blight,0,train,8585f704f9406aa306a427d0677f4bb3,36332129329a4231
009c8c31-f22d-4ffd-8f16-189c6f06c577___RS_Early.B 7885.JPG,Potato___Early_blight,Early Blight,0,train,294deb003487eeb5beabb1223140c643,3936c36165398bc3
00d8f10f-5038-4e0f-bb58-0b885ddc0cc5___RS_Early.B 8722.JPG,Potato___Early_blight,Early Blight,0,val,c11fc2ca546edb1a428a66d963664151,2627787a368e4600
0182e991-97f0-4805-a1f7-6e1b4306d518___RS_Early.B 7015.JPG,Potato___Early_blight,Early Blight,0,train,ca7295a546c9b579777ee2b13ed90d04,8b137179736e1c30
02578b86-b234-4ac0-9bc3-691b5610e2bf___RS_Early.B 7562.JPG,Potato___Early_blight,Early Blight,0,train,0fbcf861d74c2f0016c208ca05096abe,cb2d64647431169c
0267d4ca-522e-4ca0-b1a2-ce925e5b54a2___RS_Early.B 7020.JPG,Potato___Early_blight,Early Blight,0,test,f9b3028faf8d61b44cedd9dbcb432968,9e356393a3cbce73
028f9b73-142f-499a-9c7b-d7c1ed5e5506___RS_Early.B 8546.JPG,Potato___Early_blight,Early Blight,0,val,f14128f1b138e4d1a277e7bfc32842bc,360bcdc662328401
034959c1-f1e8-4a79-a6d5-3c1d14efa2f3___RS_Early.B 7136.JPG,Potato___Early_blight,Early Blight,0,train,a76019b9ef1c2703b2b6b831dedec37c,fdb6d3cdcf4c07f9
03b0d3c1-b5b0-48f4-98aa-f8904670290f___RS_Early.B 7051.JPG,Potato___Early_blight,Early Blight,0,train,fafdca391f6e9147738ba1030eb8a033,2d6560b03014b312
042135e2-e126-4900-9212-d42d900b8125___RS_Early.B 8791.JPG,Potato___Early_blight,Early Blight,0,train,855543e2106e25c944b18ec003155938,8b356ce4e3632c98
044c3abc-0bc9-45fb-8fd5-094aeb605f90___RS_Early.B 8044.JPG,Potato___Early_blight,Early Blight,0,val,a56b4fe44f6c6a30eff40b7e7a7e44b7,18cee34404088600
048d18ae-98b1-484d-97da-5a0e69b9ebc1___RS_Early.B 6845.JPG,Potato___Early_blight,Early Blight,0,train,67dd76d9fab791e06feeb951259a615e,33795071713786cc
04c8e6b9-7710-4cdd-b259-2d78b15d1036___RS_Early.B 7066.JPG,Potato___Early_blight,Early Blight,0,train,2b19a04189a32ce5de14e9318e83e25e,d395393119130e3c
04ee51b6-07e2-4182-84f8-46b22c8938a2___RS_Early.B 8091.JPG,Potato___Early_blight,Early Blight,0,train,0c6babda0929b9cb5663456ec75d18de,3771d139596f6f3c
04fd2a46-ddd4-4b0b-8f19-5ecca482a7d5___RS_Early.B 7273.JPG,Potato___Early_blight,Early Blight,0,train,738044c85b7e10fba758f7e03d6831e1,1603c14066348902
05c35093-11b8-4cd0-b67a-148859754440___RS_Early.B 8939.JPG,Potato___Early_blight,Early Blight,0,train,bc8284dcad09609d355cce016daa4b78,4f67757b737fffbf
0604174e-3018-4faa-9975-0be32d2c0789___RS_Early.B 7123.JPG,Potato___Early_blight,Early Blight,0,train,429dceb5dbba1caeb81a4971829a6bc7,38dc8ec753339b49
060fd5a7-1606-4a59-895b-604c90d6b414___RS_Early.B 7205.JPG,Potato___Early_blight,Early Blight,0,train,b189836cc6aad6e973a18dfd508f407c,8361646264252106
065fc68f-88c9-4fc3-b0a6-a6f5e1072eaa___RS_Early.B 7174.JPG,Potato___Early_blight,Early Blight,0,val,4808177433a01400a623dc84be5ead57,0c337165717b1b8c
06ac6596-8d65-46dd-a343-a2209f3480e4___RS_Early.B 6921.JPG,Potato___Early_blight,Early Blight,0,train,7aee2bde16369c772a803e0b0f6432cc,36b3b995dc0d85c3
06d9fcc9-4eea-4736-8392-5e483e2e948d___RS_Early.B 7411.JPG,Potato___Early_blight,Early Blight,0,val,27f6db7eaeba1c9d99dde5f7cbeefb4a,9c1f454062248166
07953ca1-8935-449f-b338-4357ed683b2d___RS_Early.B 6815.JPG,Potato___Early_blight,Early Blight,0,train,a98c28dfc96644ed5050dd57485326a7,932e4bc9b36b4e18
07baabd8-e118-47dd-9d8d-132d4347836a___RS_Early.B 8555.JPG,Potato___Early_blight,Early Blight,0,train,e6ecca91483b473d4104b9a9e286a961,0d34747262242306
07d777f8-2c5a-48da-935e-f17c572b1e6e___RS_Early.B 7880.JPG,Potato___Early_blight,Early Blight,0,train,b8f04d970e55116314e5134fb35a4460,8b09599999bb3a3d
08029ccc-387e-4be6-9389-04f7b82fdb2a___RS_Early.B 9130.JPG,Potato___Early_blight,Early Blight,0,test,ddb613a7e5ea9eed7c56b0427b3aa81b,376153b4c7c3f7ff
08194ca3-f0b2-4aaa-8df8-5ec5ddc6696a___RS_Early.B 8151.JPG,Potato___Early_blight,Early Blight,0,train,f3cb5fdb4ffda39401f2d81bdc3147a4,c719346459dbc61c
08392b44-ecc6-4f38-8566-361b552cfe21___RS_Early.B 7393.JPG,Potato___Early_blight,Early Blight,0,test,8f5b4fbce969f5d24838798b945fadad,96174985c55b1fcc
0898bffc-57aa-4fdb-92d1-fd6a03d2a011___RS_Early.B 6946.JPG,Potato___Early_blight,Early Blight,0,train,89196c0ca5e7a75696bcc48704d5c4a4,010d2c3464491314
089fb289-4bea-48b6-a29a-3a1d268d9dd3___RS_Early.B 8081.JPG,Potato___Early_blight,Early Blight,0,train,3ad4cf5cf05feec60494a03801ec2a48,9d3d787479db4e5d
08a892eb-19cc-45ea-babc-181b98f89238___RS_Early.B 7367.JPG,Potato___Early_blight,Early Blight,0,test,2a729732dacf222ca15ca90f678bb0bb,cd9d3969cbcf8e79
08bbd7f1-169d-4e38-946f-8d91589b263e___RS_Early.B 7106.JPG,Potato___Early_blight,Early Blight,0,train,cc1c6a488002ca975697bf9bb4531c26,8d3552595b823c70
08cf1add-91f8-41ea-bc13-54e7d1cb6da0___RS_Early.B 6865.JPG,Potato___Early_blight,Early Blight,0,test,38fee354ecadb4c510f185a3047ca504,cf91326c4d4f4c58
094fbf4c-da00-4037-82af-03e712d8db47___RS_Early.B 6908.JPG,Potato___Early_blight,Early Blight,0,train,a47edabf9a71b517eca1a777bfbe0bdd,6341e4d24a498902
096a2c48-104c-4570-9e34-8dd60aa5ebcf___RS_Early.B 6979.JPG,Potato___Early_blight,Early Blight,0,train,21fa13c53b740f65e91ba1077df49591,8938627959331cd8
096f6928-24dd-4efd-acc6-b8246318676c___RS_Early.B 8970.JPG,Potato___Early_blight,Early Blight,0,train,2c7f27c75b50b63322303afd0fdc05b3,5ee785d4de4e4f97
09ab9573-90d5-4001-9b74-14551935deef___RS_Early.B 7603.JPG,Potato___Early_blight,Early Blight,0,train,84bc94c21872342cf2ce5f60d79f239e,8b293226a0424908
0a0744dc-8486-4fbb-a44b-4d63e6db6197___RS_Early.B 7575.JPG,Potato___Early_blight,Early Blight,0,train,5b6191eae5acb2ef9e76ab2caec094d8,c39d336d9b66cd5b
0a47f32c-1724-4c8d-bfe4-986cedd3587b___RS_Early.B 8001.JPG,Potato___Early_blight,Early Blight,0,train,67d1edca8c5ddb1362fe436d4c0ff120,9b3974ecc9733e8d
0a6983a5-895e-4e68-9edb-88adf79211e9___RS_Early.B 9072.JPG,Potato___Early_blight,Early Blight,0,train,b1964496ae56fdcc7b79aab41f57d16d,2643dc4400140401
0a79700b-f834-41f5-ae51-6ceda6f67a48___RS_Early.B 8951.JPG,Potato___Early_blight,Early Blight,0,train,103d70cd08976edc220061ef1182b29d,376fdfad6b23339b
0a8a68ee-f587-4dea-beec-79d02e7d3fa4___RS_Early.B 8461.JPG,Potato___Early_blight,Early Blight,0,train,3500894ac8e5461e1e1d1f21e1349da0,df7f7fe5775b199d
0ad3ba53-f01b-403b-a99d-5991eed85045___RS_Early.B 7600.JPG,Potato___Early_blight,Early Blight,0,train,9f129066ddee9befedcf1238f3c36132,7f5ff7b3792d85e7
0bbb8bce-2020-416b-8bd6-c160c2db9921___RS_Early.B 8386.JPG,Potato___Early_blight,Early Blight,0,train,bea45baabfa263fbbfadac7af85ff211,8d79cdd999d35e79
0c4f6f72-c7a2-42e1-9671-41ab3bf37fe7___RS_Early.B 6752.JPG,Potato___Early_blight,Early Blight,0,test,7d054c7c2f3cd1e545832744f9b58839,1ef3c834252eb2de
0c5b14d9-8b1c-4c39-bb23-1835b5760caa___RS_Early.B 7937.JPG,Potato___Early_blight,Early Blight,0,train,5f16cf550c8152f88aebfb79a960e9d9,38ce634b6d398de1
0caf6a39-3f5f-4201-a4d7-3ea35fdf1303___RS_Early.B 6762.JPG,Potato___Early_blight,Early Blight,0,test,3342d6a9c7d8e679bd8ebd82ff7bcca6,0e19d0d6da083116
0d2325ff-4e3e-44bf-9614-e5ad6c23fc16___RS_Early.B 6797.JPG,Potato___Early_blight,Early Blight,0,train,05afb389c508ad091e629078e1ae1fe6,8b1b656c99712796
0d2e2971-f1c9-4278-b35c-91dd8a22a64d___RS_Early.B 7581.JPG,Potato___Early_blight,Early Blight,0,val,9105cc0cdcb93131d21dc01d8fc02bef,cb992c4dcd9f5b77
0d987d4a-26bc-4f74-8a16-12f8969dfed8___RS_Early.B 7013.JPG,Potato___Early_blight,Early Blight,0,train,b01e26e6b0dc19314e9a1deb54498662,9f3765cb93879fbb
0d9dbf50-53a9-42b2-8b29-0360fb7dbd98___RS_Early.B 6692.JPG,Potato___Early_blight,Early Blight,0,train,486db781e026b4052872ededb69c1fec,3548b6aaa93126cc
0ddd62cd-a999-4d58-a8f1-506e1004a595___RS_Early.B 8041.JPG,Potato___Early_blight,Early Blight,0,train,1c593aa3e0b14f09518159cc7b9f1841,c71d396d4c4913de
0e0a1b51-f61c-4934-bc57-a820af1faacb___RS_Early.B 7147.JPG,Potato___Early_blight,Early Blight,0,train,2e60f216c20fe88b33ba94117d38d47f,02112852524645a3
0e6b9e09-2bcd-41e0-b001-b80a33a8a78b___RS_Early.B 8694.JPG,Potato___Early_blight,Early Blight,0,train,4567dcd6aae511e0c3f1f29d9c36668d,3b6775c98b8fbfbf
0ed45bc2-c8cc-4d65-8f53-bdc10d78a7dc___RS_Early.B 8504.JPG,Potato___Early_blight,Early Blight,0,train,a47f4cbcf5d8b686ba745b5b861e8923,7f9e9bdb9bd971a7
0ede4acd-3685-40d9-b52b-7b3cb6536fa8___RS_Early.B 7377.JPG,Potato___Early_blight,Early Blight,0,train,4360bb96a48e0695087d7389eda269da,1e3363cddaa68c38
0f223bbc-d2b4-4d58-8314-359d92d0102b___RS_Early.B 8052.JPG,Potato___Early_blight,Early Blight,0,train,3178440d2387d66a012c293fe9dbf137,5ee36565291dcda3
0f9c098f-a6df-4a73-8c14-8e7d4dbb1b0b___RS_Early.B 7991.JPG,Potato___Early_blight,Early Blight,0,test,afb75149099e96f5a3e530fe3935e183,cf3c7c4dcdef6c7b
0faca7fe-7254-4dfa-8388-bbc776338c9c___RS_Early.B 7929.JPG,Potato___Early_blight,Early Blight,0,train,29bc72eefbea93e9468691f7590c7b2a,833624704ec56f38
0fd22207-cb37-42a1-965f-7dfe43f9d579___RS_Early.B 6876.JPG,Potato___Early_blight,Early Blight,0,val,f1b973ab198e9b7db09bef907607e87c,9c064ba1c0701ec7
107827b3-faa5-457c-97fd-3e34d2657f6b___RS_Early.B 7162.JPG,Potato___Early_blight,Early Blight,0,val,370fb7f72cc1c40bf0a612f90af6a51e,1c43d13535348461
1082eee1-189d-4e0f-96b5-8b1393be4c4c___RS_Early.B 8743.JPG,Potato___Early_blight,Early Blight,0,train,6fdcb1b9177bdd80cb5c572371e47f53,190b193041430b0c
109730cd-03f3-4139-a464-5f9151483e8c___RS_Early.B 6738.JPG,Potato___Early_blight,Early Blight,0,train,f60b01c1c3b119d8c733b496652a1a45,1dd6a3b55c26b647
10a3920b-dd04-406d-8bbd-f92f221e4dee___RS_Early.B 7035.JPG,Potato___Early_blight,Early Blight,0,train,5b444394cd5265c4676adc1977cb3bd4,8fa3271527370e48
10c438df-8ed7-4de7-94df-83298ebcf373___RS_Early.B 7001.JPG,Potato___Early_blight,Early Blight,0,train,51c8a02f2902071ce482b73a870cacff,1e33584e46338dc4
1131b92e-ef46-441e-ac5f-c18ac09bf69a___RS_Early.B 8064.JPG,Potato___Early_blight,Early Blight,0,val,fc83abe38288246d577822d99c65a193,0c477184446415c3
1132bee0-fe6b-41a9-9583-7b959c2ca25f___RS_Early.B 7482.JPG,Potato___Early_blight,Early Blight,0,train,631c1ed65427f1de61c708fff61d061f,932d4593868e3962
11e974fa-928f-45f6-b983-e74c74c7d163___RS_Early.B 7992.JPG,Potato___Early_blight,Early Blight,0,test,a240fb67a76bf8c0dc4f1673fdf9895a,2b69cdcc85e7961f
12429fa8-02ea-4017-88ef-b2d219b892f7___RS_Early.B 6916.JPG,Potato___Early_blight,Early Blight,0,train,0c7d46c5464b542eaf2e9794ed0b143a,193c666850213386
12826416-efc5-49d3-b615-731629c95435___RS_Early.B 7215.JPG,Potato___Early_blight,Early Blight,0,val,b5aaf4d7c5b1cd19d9e3b65ebe51f212,862b413771759bc6
129b1c3a-4f7d-4c45-ae03-2a4c3eb17dd4___RS_Early.B 7413.JPG,Potato___Early_blight,Early Blight,0,val,5d337856d64a343b3a48e135e9cd19ad,c38f656353d3f6fd
12a7bc09-8d7f-4790-8046-6e3f12f71399___RS_Early.B 7973.JPG,Potato___Early_blight,Early Blight,0,test,4363cd22f20ed1514f20e39b8cd2905e,7bede793d97139cd
12ebe6fe-c8ce-4a00-866f-8776aca75159___RS_Early.B 6873.JPG,Potato___Early_blight,Early Blight,0,val,e08607389b5a80433adbf2e4536591aa,0341e170593d0fc6
12f7b8bd-7aab-48de-ba2e-d2562408542f___RS_Early.B 7386.JPG,Potato___Early_blight,Early Blight,0,test,1d87d078e8b39f6e39494e562c4ae8ca,4e993264b973436c
1328ae8b-76e1-42e9-a0c4-7dd0612fdf99___RS_Early.B 8303.JPG,Potato___Early_blight,Early Blight,0,train,f70ef34e99606ae8c6f732409fb9970d,411021591b120c50
1367d3e9-74fe-4d61-ab24-dd389dcb5d54___RS_Early.B 8011.JPG,Potato___Early_blight,Early Blight,0,train,4bd4097c6fc048a75c382f82e056f743,9e337979654913c6
13cfb9dc-8951-44c0-8c16-e96fd6ccc659___RS_Early.B 7070.JPG,Potato___Early_blight,Early Blight,0,train,3670c5db648ca9962b648eac49bf01a4,9d3062d8d4170e3c
13ddd965-db42-4392-9798-fe0ba5ad7928___RS_Early.B 7631.JPG,Potato___Early_blight,Early Blight,0,train,4cd2a11d8fd5aa291c82d9d33c4ba8b2,8617616575210e9c
13e2be1d-56bc-40c6-b5d1-e3bafc1b111e___RS_Early.B 8830.JPG,Potato___Early_blight,Early Blight,0,train,f8c71329612284f31fd6730eb8891c22,8f3169407471378e
14efc692-8ac6-4bd8-a71a-943192d6831a___RS_Early.B 6841.JPG,Potato___Early_blight,Early Blight,0,train,7c8e84bdad1cbf3a0fb3d21e03a860c3,2663d4181a1c0600
159f49c5-8d80-41cb-b730-333fdefdff62___RS_Early.B 7301.JPG,Potato___Early_blight,Early Blight,0,test,67f24e920cb9281deea68e0b7f0d1285,923174c444c90b5c
15ab8118-01fb-4e9c-83a9-94ab224d6854___RS_Early.B 7962.JPG,Potato___Early_blight,Early Blight,0,test,465a6fb842a89b54feb3f575783545c2,9b3565d8b38beefb
16133ed7-f960-44a5-bd03-8e665e777363___RS_Early.B 7504.JPG,Potato___Early_blight,Early Blight,0,train,e64f13a7b1ad3c524154abee08133156,c93c363638616638
16a6f216-6d2a-48fe-b8bc-ff385c96d0d3___RS_Early.B 7220.JPG,Potato___Early_blight,Early Blight,0,train,241e59ca83e99b2aa330e1b60c1a6d07,1846c3cc70398dc1
17520079-9d7b-481a-bc9e-676c5404d160___RS_Early.B 6774.JPG,Potato___Early_blight,Early Blight,0,train,6d07c8dda200bac5f5521e4a2834446a,1b787455554f3691
17667077-cf29-4976-9282-359c6da25cf6___RS_Early.B 6971.JPG,Potato___Early_blight,Early Blight,0,train,ef423f02045f796d61b7ed9a2ad5f3a1,193a6491876e329c
1767fee7-18fd-4597-8c77-d41ec2d62f4e___RS_Early.B 6932.JPG,Potato___Early_blight,Early Blight,0,train,cfe2fc263b193b06bac5ab6269d74596,0211602266193304
1769d41b-fd4c-49b1-adce-e89fee6a352e___RS_Early.B 6741.JPG,Potato___Early_blight,Early Blight,0,val,79e9464f4d5a064e1c031f313fedcf12,963369ecee6c3889
17756ec1-9c95-43b3-bedc-933b6e0887f3___RS_Early.B 8251.JPG,Potato___Early_blight,Early Blight,0,train,d1492d57f45eeac275fa909125671e01,cb0d5d5d979396dd
17848019-6609-4cc9-b27b-c70b296ceb09___RS_Early.B 7049.JPG,Potato___Early_blight,Early Blight,0,test,5b6fe331a206f556bb4f35fe14e7258b,963261b0e0602c10
1797b5ac-ed8b-4b35-bd01-f8a14d34d6e1___RS_Early.B 8812.JPG,Potato___Early_blight,Early Blight,0,train,b6e19b0d8c03102509b7b0a4ffbd97e3,03992444454b461c
17a06d03-8a7b-48a8-aaf9-3300741c65de___RS_Early.B 7625.JPG,Potato___Early_blight,Early Blight,0,train,f5b2a11d6bb1024c9a328cd1f1f06dad,678c392b5b727c78
1896de06-b6eb-4c01-a6c6-3247405765b8___RS_Early.B 8335.JPG,Potato___Early_blight,Early Blight,0,train,1bab2a8134726c3ac208ec29e7ae17ed,3c47416435996179
192c9d29-4a86-457b-a779-1dd36f225a5b___RS_Early.B 8012.JPG,Potato___Early_blight,Early Blight,0,val,e52c2abf0d97d57c78c38444766a0a29,1c07e3fb75359cc9
1994cd3e-4000-4c56-bede-d35a1eecc287___RS_Early.B 6867.JPG,Potato___Early_blight,Early Blight,0,test,9351b225b74c216a04b2e3ab10223333,090c22025179064c
1a2970b6-bafd-4812-93bc-57ff969e1045___RS_Early.B 7330.JPG,Potato___Early_blight,Early Blight,0,test,62e45123a762c480dae75e4db62094cc,0c226124664c2306
1a38f06b-da2a-4c57-bef1-a73254896403___RS_Early.B 9178.JPG,Potato___Early_blight,Early Blight,0,val,e365d34f18367bb744516f8146720cd8,cd992d462619a30c
1a77c047-7ed8-4f02-bfaf-a19e7a67c3dd___RS_Early.B 7076.JPG,Potato___Early_blight,Early Blight,0,train,c02bc65d3b71279907a2600f1b0a034d,ede7b3a5c5c93bb3
1af20ff8-980d-4912-b337-804b09667de3___RS_Early.B 7392.JPG,Potato___Early_blight,Early Blight,0,train,d956475a78387bd7422107bdfb8f1d14,d8d6c3696cae97c5
1b0a2898-00b9-4a12-b4dc-a89b77b9e8b7___RS_Early.B 6928.JPG,Potato___Early_blight,Early Blight,0,test,e57e33ec9a55da9298b88caeec7a1b09,4acbc989a9c3c62d
1b4304a9-88c2-4c09-bfea-830fa162a35a___RS_Early.B 7188.JPG,Potato___Early_blight,Early Blight,0,train,8d99db411b2330178105535fc5e06b73,cbb56c59e963cec8
1c42eae7-29c8-42fd-b05a-9b8255790f6f___RS_Early.B 7719.JPG,Potato___Early_blight,Early Blight,0,train,be9d2344f75f956c8826bf06f357a777,8e77f9edcdcdce7d
1c4e0445-375a-4c5d-b6fd-6123d22f009f___RS_Early.B 7972.JPG,Potato___Early_blight,Early Blight,0,train,c6d04c63815a64072d67829d69ab178a,1677f99d99c3663d
1ca9e3ba-e029-48bf-b207-e8cb3546f953___RS_Early.B 7978.JPG,Potato___Early_blight,Early Blight,0,test,38869b64d3c5b04bd82955b733724116,276144e267359143
1cb05d87-027d-4bf0-b5c4-4c1a57896ac6___RS_Early.B 7936.JPG,Potato___Early_blight,Early Blight,0,test,8f526d9699294bd98f6bd18985c98db5,9e3b796d75398706
1d038d64-7f3c-4b4d-9b3d-7736f97b59a0___RS_Early.B 7994.JPG,Potato___Early_blight,Early Blight,0,train,1aabdd75397455032808ffe1f3c65be7,870f531a3933371c
1d18a770-8a16-4765-bae9-5d96f781db89___RS_Early.B 7803.JPG,Potato___Early_blight,Early Blight,0,train,ca3eab4108dcf6f2671593c922747c07,2e6f5dbc99cb6f2c
1d2ec63e-acfb-4a80-ba21-853a724fff4a___RS_Early.B 8083.JPG,Potato___Early_blight,Early Blight,0,train,c7d724dc924a451b4e17b08839eeb6e1,13393c32786d230e
1d301622-e359-49d5-b4ca-6837f254fd1b___RS_Early.B 6719.JPG,Potato___Early_blight,Early Blight,0,val,ebe956a7d131f33f658544898ca85864,ffa693a9cc603cc2
1d466431-007d-4b3b-bd45-b09f1a6f7bad___RS_Early.B 8932.JPG,Potato___Early_blight,Early Blight,0,train,d52ed6617758f062804b491feeaf0522,1fdeb56367a61559
1d4fc5d0-fee6-40bf-8e7b-e1598ea64161___RS_Early.B 8912.JPG,Potato___Early_blight,Early Blight,0,train,20308b42b6bdf083c0be4e287293a883,4ecbc98c94d85ddb
1daae61a-7014-4efe-b855-018999a5be9b___RS_Early.B 6852.JPG,Potato___Early_blight,Early Blight,0,train,61bfeda2d9240f263d759420f37fd4a6,63c9a061593b1fcc
1de8ed75-0778-4364-9178-52c1bd0dffb4___RS_Early.B 6729.JPG,Potato___Early_blight,Early Blight,0,val,a88e8f526b190bac36faae40a9bb35f8,36725565cd993ad6
1defd277-6394-4049-895d-470f1e27e189___RS_Early.B 8931.JPG,Potato___Early_blight,Early Blight,0,train,003699660ad959cc7634ca4a1090631e,531b3b69dd4f6b9f
1e671694-5713-4568-b8ad-06f15688d25e___RS_Early.B 7659.JPG,Potato___Early_blight,Early Blight,0,test,e9eb64b075c1e7f3dbacf6ae1f912801,bf5f6fafdf5b8bc6
1e99ce6b-b7fa-4ae1-9076-279f430b8c5f___RS_Early.B 7092.JPG,Potato___Early_blight,Early Blight,0,train,1546fc507b15a993d20b2490e6fb7d0e,c59c347943467870
1ee04a42-fa1c-4f6b-a88b-4cf583b188ea___RS_Early.B 8494.JPG,Potato___Early_blight,Early Blight,0,train,615766182bfd6875a8104e895da9500f,8e3b75fdbfabe66d
1f56ef5b-9a3b-4731-bf82-b08aeb84fcb5___RS_Early.B 9032.JPG,Potato___Early_blight,Early Blight,0,val,c2a0f76af0bc988d0a6c758daa08beb5,9b3c6cf0b16b4438
1f80f111-6a3e-4dfc-8456-0f3e9a19ae10___RS_Early.B 6879.JPG,Potato___Early_blight,Early Blight,0,train,6e63811f2c9da9e6e27f6a3794106e30,4f11353d7b1b3699
1f830d02-1fc6-41d6-99c6-851e0d2af4ad___RS_Early.B 9182.JPG,Potato___Early_blight,Early Blight,0,train,af3fc3dadfc5812330e4636bff7c5647,2da7a78f9b4d3b9b
1ff86a73-9f36-45c5-8012-c5d90445b7ac___RS_Early.B 8563.JPG,Potato___Early_blight,Early Blight,0,train,1dd4528951a3f05e9f41e2029f7d1800,0f65426262050386
201fed44-8dde-4ece-9e76-3706b8afdf46___RS_Early.B 8259.JPG,Potato___Early_blight,Early Blight,0,train,45562e610518dfe0f8713f8efc3fa3c7,1c67e57612880523
203357f4-1deb-42b2-99ed-32df34aa166c___RS_Early.B 6780.JPG,Potato___Early_blight,Early Blight,0,train,a5affee4eb2dfb1faf2437d504d307b5,c7c3ebcde4361bcb
20421747-c083-48a1-aed5-b1097ae50491___RS_Early.B 8203.JPG,Potato___Early_blight,Early Blight,0,val,044c4ac4bbf6e69a6f0f47df08aecdfd,2671584264763d9f
20978e65-f4d0-419a-bab9-f6042ab2d318___RS_Early.B 6868.JPG,Potato___Early_blight,Early Blight,0,train,2842e53b40000eaf6a8ffcf107304e9b,062f54581a9a4101
20e451e3-74a4-4a5b-b11c-257506f13a8f___RS_Early.B 6984.JPG,Potato___Early_blight,Early Blight,0,train,1271dcf2b906423c00043d8250217ff7,377191b3e1711bcf
211094c5-4983-49ff-a92e-b992039bd048___RS_Early.B 6927.JPG,Potato___Early_blight,Early Blight,0,train,456fd62d42f52ef406ce33e9fb4a7749,cd4653cb4d6139cb
212c3c65-e30e-496f-ab5e-c2f4b0446d8f___RS_Early.B 8195.JPG,Potato___Early_blight,Early Blight,0,test,5f4a3590ce175f8a086988524933767d,17796a6a2e040907
216a1a08-c4be-4fa9-b880-c260909e1dbc___RS_Early.B 6881.JPG,Potato___Early_blight,Early Blight,0,val,c95c4147d0dcd275a42bf67deae22e39,1b61645a0f0e0e02
21ca5caf-147b-4a1a-a2da-edfc1c81b62e___RS_Early.B 8926.JPG,Potato___Early_blight,Early Blight,0,train,61e5d56a4114f9d55c56cd1f90947b7c,136263a470140d04
21d50c27-900e-4644-ab01-0cc96214d2f6___RS_Early.B 7153.JPG,Potato___Early_blight,Early Blight,0,train,eadb43f3deb144afaad6ae8aa5d03500,5b9b3133666c3020
221c911f-e483-407c-b672-21150d09d57e___RS_Early.B 7678.JPG,Potato___Early_blight,Early Blight,0,val,178d131dd64b866a2b6a3e82c339afba,29091c2075677e70
22b28f50-4141-4ca7-be3f-ccb1c521c2df___RS_Early.B 8285.JPG,Potato___Early_blight,Early Blight,0,train,c68e2ab5e4b21d9373cfa070f5950d3d,219c186c666e733e
22d1678a-3abd-4fe6-ac13-b654e2589280___RS_Early.B 8523.JPG,Potato___Early_blight,Early Blight,0,train,49ab46378233d1be030af5c6b3ee76c7,1f5f9d99991b1f9d
232c8d25-3bfe-41ea-b24f-2b3629a0253a___RS_Early.B 9200.JPG,Potato___Early_blight,Early Blight,0,train,2945152b23c1ea2f30566e5edd495702,3f7b77f5e5636f6d
23546e04-7151-4dbd-95a1-687d963eb132___RS_Early.B 7402.JPG,Potato___Early_blight,Early Blight,0,val,daab02f61158bfe28793777463229f51,c5152c66c221172c
2356a4d6-8015-434e-a5f8-03197fef2c28___RS_Early.B 8139.JPG,Potato___Early_blight,Early Blight,0,train,5a12e7a8bfbd991070f65b24df6cf001,8331724294494e4c
2446ca09-aa29-4ae4-8d34-45115c32cde7___RS_Early.B 8971.JPG,Potato___Early_blight,Early Blight,0,train,5af662814354cf827b5cc0b138694c8c,7dcedb47c767b3c9
24a34259-1c47-4e87-ac83-5decf37b42e4___RS_Early.B 6896.JPG,Potato___Early_blight,Early Blight,0,train,4dc535c1dbf78dde924c818cd94e7046,e7c9be5cc9c39ebf
24ced43c-a862-4e3d-8300-dffd350de2c4___RS_Early.B 6957.JPG,Potato___Early_blight,Early Blight,0,train,d4dee2ffb1d99c1b87be6f07bfb3d0f0,63d9b4fcdc794b3f
24fb74df-0aa9-4e89-9ba4-55a4664438ab___RS_Early.B 8634.JPG,Potato___Early_blight,Early Blight,0,train,bff7335a3133072b4245190de050adfd,1d37eca9b3875d7b
25642761-2905-48af-b8da-1064a0f6b876___RS_Early.B 6831.JPG,Potato___Early_blight,Early Blight,0,val,20c5c92a0edc1216d228d9300b933356,49912b6161561c70
25703c4f-ec40-4099-b249-a4fd07b07752___RS_Early.B 7040.JPG,Potato___Early_blight,Early Blight,0,test,a88d513e689941747f2bd2c7f7c5bcc6,fe8f8d9d9d4d2d96
2639ad26-c7e9-4bd6-8000-c002f676a4c6___RS_Early.B 7150.JPG,Potato___Early_blight,Early Blight,0,train,ba64048ab55ca1610b6bb40b49a201c3,dbb9296e36b36765
268bb1c3-a714-46af-b6a5-bea66496158c___RS_Early.B 8678.JPG,Potato___Early_blight,Early Blight,0,train,c4f35473380a4084670e7b64b7bd2b59,0f795a587173378c
26d0502d-5fb3-48fa-a86d-d1de92703285___RS_Early.B 6959.JPG,Potato___Early_blight,Early Blight,0,train,8c7217c8f8ba6fff1d3fcc2bedf28502,09397a705571178c
26d0fa09-d463-461b-830c-3e970244cabb___RS_Early.B 7406.JPG,Potato___Early_blight,Early Blight,0,test,3b40a944496857e3796e3752b43f8b49,1ce6badb4d6db7c6
26d2af6a-f52e-457c-8006-fa106ad39fbe___RS_Early.B 8586.JPG,Potato___Early_blight,Early Blight,0,train,873b69a4be47ad704a2f5f5e2104db3a,cf1d694971473c70
26f15c9c-5cbf-49c8-ac4e-c5b15d03e319___RS_Early.B 9022.JPG,Potato___Early_blight,Early Blight,0,train,1d7d6770a047e8727c3c8166b0928250,cdb06269c9666221
275c3337-11ee-487c-9093-bcd5e310c72c___RS_Early.B 7671.JPG,Potato___Early_blight,Early Blight,0,train,688478360be36c512505866cea665113,06032d2c24258353
2767ef91-3383-4872-9804-e0bcd2bc43fc___RS_Early.B 7783.JPG,Potato___Early_blight,Early Blight,0,train,e231aafe9b7192f87fa1c4ee13c15a5e,5d769b8dc663319b
2771e005-3cb4-4e12-8868-80adca5ce02a___RS_Early.B 8640.JPG,Potato___Early_blight,Early Blight,0,train,d9154825e81e844eb23b3c4a42f3b5ec,0731747270381953
283134dd-8b32-447e-8e82-547d3b69f4d4___RS_Early.B 7494.JPG,Potato___Early_blight,Early Blight,0,train,d58ff5a4f263881748e88260a616ea84,794cb34b3524c0e0
28f275f9-4dd9-479a-a005-ed442362840a___RS_Early.B 6790.JPG,Potato___Early_blight,Early Blight,0,train,6bca1a0415841e6f19ccf4d9581c353f,42132246c5cb1604
292a3f93-96a2-4b0d-879f-581136c57bcf___RS_Early.B 7099.JPG,Potato___Early_blight,Early Blight,0,train,98b6d3ed2c3e35a9bff7f3887e188b2f,c709320913433e38
29386668-721c-4359-99a6-734f1a4b096b___RS_Early.B 8362.JPG,Potato___Early_blight,Early Blight,0,train,0d2f5a14ea6d548d0fd1476566563c85,499830727571434c
29508e75-1a9d-4838-b929-cf42f8638e83___RS_Early.B 6782.JPG,Potato___Early_blight,Early Blight,0,val,16cccce14d38e02826c89c17b29414d9,4c8639313625c2ac
29922d76-0eda-4e7c-89af-7688c656bfdd___RS_Early.B 8353.JPG,Potato___Early_blight,Early Blight,0,train,57ffeb8cbe55a987878d90249f5b0b3a,040c2a081c381942
29978e78-7d4a-4fff-a659-52e45e9b96b3___RS_Early.B 7672.JPG,Potato___Early_blight,Early Blight,0,train,9106ff7d7b761407d73a6095acd9031a,8f2d2d0c0b9b8eee
29f79006-adf2-4d71-a6a8-bfc02c020b71___RS_Early.B 6833.JPG,Potato___Early_blight,Early Blight,0,test,476fcf483a101b28956cbc32486f6577,82060c1a486c4e28
2a4fd894-0c4f-471b-b80b-d362a7b513f4___RS_Early.B 8038.JPG,Potato___Early_blight,Early Blight,0,train,9ffd551224fd7871a2ba79a2bb3d247b,36d399adcce53396
2a9d3616-0bf1-4d98-b649-0a46d36dab7c___RS_Early.B 6703.JPG,Potato___Early_blight,Early Blight,0,val,16d3099d8e232bcb43ba6b92124a216c,032a1ab872344920
2b1718b3-c951-4f24-b6ec-4eb7df77c913___RS_Early.B 7475.JPG,Potato___Early_blight,Early Blight,0,train,bed3b9f464d6810cfd9a47bdc3b52133,8f3fdda9913386c9
2b3e46d9-09dd-4966-99c6-fe44c741b94c___RS_Early.B 8290.JPG,Potato___Early_blight,Early Blight,0,test,a820fa3274a0fc92d16fda4eee0071c3,339dc7f3fd7d95c7
2b6f9564-80a2-4db7-a5e6-72be5ef33a71___RS_Early.B 8009.JPG,Potato___Early_blight,Early Blight,0,train,eec13c1ddad40eea6201a6033c49c3d0,dee6fbe9ec6511d9
2b8cfa81-e20f-4c28-b403-2cec2e5c0f2a___RS_Early.B 8145.JPG,Potato___Early_blight,Early Blight,0,val,5d38ded4b65ee02d607501a8e5c52228,872d59cd99a34e78
2b982641-10ea-4426-874f-509e6377ff59___RS_Early.B 7663.JPG,Potato___Early_blight,Early Blight,0,test,a349e8cafca66e0d44d9f33e449a317d,8e496462663c8c21
2bc972a0-789f-4e60-9882-2f16fc363dfc___RS_Early.B 7234.JPG,Potato___Early_blight,Early Blight,0,test,86ad56bd0a4d97797a2d97407597de30,cc93716425c3623c
2c0e712a-fb21-44b6-bbe1-7c67cec7b965___RS_Early.B 7084.JPG,Potato___Early_blight,Early Blight,0,train,20c3596e02ac508ce3e507e0c6aa7f19,3d9b97a7da9939e7
2c310eaf-dbf4-4e8f-a8d8-ed8e0b51067a___RS_Early.B 6897.JPG,Potato___Early_blight,Early Blight,0,val,adc314d8d4f1b8bbac42ab1fad2477c4,9edbd9d978399be7
2c48971d-9f73-401d-a62a-f3729d08b6c2___RS_Early.B 7463.JPG,Potato___Early_blight,Early Blight,0,train,cebaaa4f5873b54241395a5cf89acaac,9d1ed9fcc8f3662d
2c5500a4-cfa4-4b46-8db4-443b995d39dd___RS_Early.B 8768.JPG,Potato___Early_blight,Early Blight,0,train,1298c7271221dc8b0be917d11c8b9726,6b7ddfa9793d99e1
2cafa90e-af46-4d0a-9137-9780d816b96a___RS_Early.B 7731.JPG,Potato___Early_blight,Early Blight,0,train,8289bcfd720866af8b3d529f42455464,e6cd9d6dcd99b37e
2cc3eb24-b210-4827-befe-0e3a24161ac4___RS_Early.B 6829.JPG,Potato___Early_blight,Early Blight,0,train,07dc16d2d82418ce2c863d13a2b81e9c,cf932b41c3d3dff7
2cce6cd6-16c4-426f-84e6-2f3c192fac2c___RS_Early.B 8999.JPG,Potato___Early_blight,Early Blight,0,train,c1b196663d608d53cda5f14f23ecc5b1,a71fdcbdb9ffafef
2ce7e8d7-4cc9-4ab3-9d22-8f7ad21d8eda___RS_Early.B 8609.JPG,Potato___Early_blight,Early Blight,0,test,2f84c32e21f93c66b192ab97f3078596,1dc6f3f9cd7d3d8d
2cf993b6-98e7-4678-aea5-9177ea3b63bd___RS_Early.B 7692.JPG,Potato___Early_blight,Early Blight,0,train,fa544b82c8043c490df00ec03232e202,dc4e73d9c77131cb
2d149f7a-4b0a-40a6-8d0b-1d1f14e5e696___RS_Early.B 9143.JPG,Potato___Early_blight,Early Blight,0,train,c6f8448c1f343d3d6a6c299886a2c08f,8b1d5c7341632fcc
2d344be7-2d5f-4d27-aeb2-b92c8191b877___RS_Early.B 7173.JPG,Potato___Early_blight,Early Blight,0,train,a89c676aadc3fab04d83ff1829c46a30,8339785161635e3c
2dc9baab-663f-4f09-a0a4-7c07edfb4c42___RS_Early.B 6866.JPG,Potato___Early_blight,Early Blight,0,train,fef3ea92f0ff1901f5b2c546dbc29d8a,86336543636b0e9c
2e88d4ed-b11b-4123-9e4b-f3c02a65ad39___RS_Early.B 9180.JPG,Potato___Early_blight,Early Blight,0,train,0b6a974c5c38bb5deff314ee6fe1cbd8,9367c6879397afff
2ebb14eb-0e87-468c-a1cb-80579a77a37a___RS_Early.B 7044.JPG,Potato___Early_blight,Early Blight,0,train,2feb8c10ba612da7186411009fae4cc6,0b49c8e466349909
2ec0f91e-b8a4-4aeb-9e08-8bd32b492487___RS_Early.B 7502.JPG,Potato___Early_blight,Early Blight,0,val,c2688e682016d51c62c54dc458782cf1,8f3d60c5a5565cba
2f81d148-c62f-4d3c-baf4-72b77abea41a___RS_Early.B 7493.JPG,Potato___Early_blight,Early Blight,0,train,8de7839c5e073e7caa287cb19f9e5e1d,072b517933660db2
2fe81ef1-d7ec-4395-b071-c74d5beb4037___RS_Early.B 7242.JPG,Potato___Early_blight,Early Blight,0,train,c1b1f41f360d27520d9e8373d7c3d91f,1c46d16472389c42
306c45ac-6f97-4b7e-9fad-1c8c39870138___RS_Early.B 7673.JPG,Potato___Early_blight,Early Blight,0,train,d98b3abbf1feb39febf4a1075a92fcea,ce8f393b635ebdf6
31290247-3f4f-445d-8bad-20d7dccbf979___RS_Early.B 7019.JPG,Potato___Early_blight,Early Blight,0,train,19b4ec37b83ed50fc4dab344e1246fe2,db9b397050710f86
31d0ecc8-045d-4a4a-ac33-431556c83e4c___RS_Early.B 8692.JPG,Potato___Early_blight,Early Blight,0,train,76df8a66b0ee612bb133fe8d238c027d,0c16c341200c4200
31d5d932-9eb3-45d1-bc85-40ef64d7a688___RS_Early.B 7255.JPG,Potato___Early_blight,Early Blight,0,train,ff1e1de1aea953fe235e24602c0a7abc,c3830c367611169c
320be8ee-2f9a-48f2-86fa-1c1d993a2fe2___RS_Early.B 8186.JPG,Potato___Early_blight,Early Blight,0,train,15ba8d8f4afc5875edea9d4f7b5dd770,4398342c4b564468
32c3bd85-3b12-4051-9185-12d39caaf94f___RS_Early.B 6684.JPG,Potato___Early_blight,Early Blight,0,train,80d5e041ba05635dcb93ce2d0b3e5ade,8d397064d7c7cf93
33019904-ac3b-4083-a192-ce4092758ddd___RS_Early.B 8344.JPG,Potato___Early_blight,Early Blight,0,train,ba4e8e2b4d527facb3040add64a7ddab,4c1d1c46c644311e
334fd34b-f4aa-4cc2-9ac9-8b85df65b96c___RS_Early.B 6773.JPG,Potato___Early_blight,Early Blight,0,train,758ae35898aefb64fd3de3eaa8af3240,cf99b1256be66870
336e5156-8947-46a7-a6fb-e993255d9091___RS_Early.B 8085.JPG,Potato___Early_blight,Early Blight,0,train,bd721b255a5f7c37b7b7485e92d6281d,66333173390d9d43
33d72b8e-ae59-4fd4-8c74-eaf342682b47___RS_Early.B 7884.JPG,Potato___Early_blight,Early Blight,0,val,3510934ed4ad52c32875fbb3fd88e47c,a6367361e56d339e
349730da-a627-4da6-90d5-707c4a3dba88___RS_Early.B 7553.JPG,Potato___Early_blight,Early Blight,0,train,7c0c485ef6859dfac21fd2e063da9024,9b19444400672e98
34b0f33c-be8b-4338-9334-5418a5f84f28___RS_Early.B 7532.JPG,Potato___Early_blight,Early Blight,0,test,c99bc1de6b20f9bc89dcfa03ed1e0dce,cf1f3d74bddb6629
34d2260c-888c-419c-b32c-938efa379b97___RS_Early.B 8253.JPG,Potato___Early_blight,Early Blight,0,train,9ba3af4f2678320450953b23a7ba7d79,96237dd9adc7631e
34d62dee-797e-4f31-9063-f6a285935b4d___RS_Early.B 6733.JPG,Potato___Early_blight,Early Blight,0,train,3b8dff2d6b0fec299f0499da6fcb949b,42c1c25292b6218a
34d7e068-10e6-4ea0-8547-c90937fccbbc___RS_Early.B 8198.JPG,Potato___Early_blight,Early Blight,0,train,a61057a45b4145c9a9128dbbb3967e51,a73973d595a7de7b
34f42d6e-6e09-46cb-800b-5da5fdb5e8b8___RS_Early.B 8110.JPG,Potato___Early_blight,Early Blight,0,train,aa55112c07bf40968381a609321d16b1,78ced3c95b5b358f
34f44be4-9dc5-460b-896d-cd6593166fe7___RS_Early.B 8175.JPG,Potato___Early_blight,Early Blight,0,train,b326713703256133f716f1a6d8ef248c,c30f7d49a953ce78
357426c8-5b7b-4d56-9cb0-13cfaecc219f___RS_Early.B 7326.JPG,Potato___Early_blight,Early Blight,0,train,6a085ca28568f25f4abe610c639287bc,36b2bb29b3b0a5c7
357b61ef-a56b-4207-aa26-161b0ef3e635___RS_Early.B 8492.JPG,Potato___Early_blight,Early Blight,0,test,d5852457cc260fcaf50fc78405e30c0e,0c0e070524044600
3613b972-6af8-4a9a-be7f-bf68e4eb4cd0___RS_Early.B 6813.JPG,Potato___Early_blight,Early Blight,0,train,da73b951c928941b68c83f1950862509,9f3164c9d9d3debf
36548ca6-33b3-4a74-9b2a-52eba7aee9a3___RS_Early.B 9205.JPG,Potato___Early_blight,Early Blight,0,val,63c940fdfc648b5aeaeb7b5f2457eadc,056751d6ccd1632c
3682433d-fb0a-495b-a6e8-d753542b042b___RS_Early.B 8189.JPG,Potato___Early_blight,Early Blight,0,train,980f0161a3b8a8a98d2cbb862e009d10,5ce663311b2f13c1
37471260-d7b4-4ccd-901e-974332ef2eb9___RS_Early.B 7967.JPG,Potato___Early_blight,Early Blight,0,train,28ce808c15e194ec4c8680bd2a47c6c1,41883a747561676c
37957a08-5b06-49f7-9973-29f167dd95b8___RS_Early.B 8758.JPG,Potato___Early_blight,Early Blight,0,train,184bd0fa50ca83a43e8f22ae49156881,cf1d7cddb993e7dd
37c72e1c-7981-4d84-9587-f5014b609230___RS_Early.B 7457.JPG,Potato___Early_blight,Early Blight,0,train,538f266f4c1028630a3c16ffa9dab745,ce9e2b594961663c
37d5791e-19e8-4095-a1cd-36aede6d0802___RS_Early.B 7172.JPG,Potato___Early_blight,Early Blight,0,train,a255ca86de7ff13329a8b28e761be486,2b6bd1b3b1f367ad
37d94308-8783-4657-9ca6-eaca86e1015a___RS_Early.B 7825.JPG,Potato___Early_blight,Early Blight,0,train,80e93677c5e8166d836510afccaaefba,3ecb919cdce93396
37da60b5-9c33-4fe7-95d4-3a2db2a7702b___RS_Early.B 8359.JPG,Potato___Early_blight,Early Blight,0,train,6429d912b60a329d03c2df60bc7d8701,3fa7eff9b1391b83
38757e70-6278-4961-b1f3-19fccbb085f5___RS_Early.B 6968.JPG,Potato___Early_blight,Early Blight,0,train,86550ba1ba9dc5f84accf63772b54507,841959747c682e86
38807f81-ce49-4978-916a-a6cd2a95bfb0___RS_Early.B 8397.JPG,Potato___Early_blight,Early Blight,0,test,c0ce04e74e6f7c971588564f872cb859,5d6e0b432193c161
38a72c90-ed53-4432-b625-01c1f962f791___RS_Early.B 7302.JPG,Potato___Early_blight,Early Blight,0,train,8222911a45e10e41b81b1abf8475f5d8,1c4e416d18880810
38aa30f4-14d5-446f-80c3-ec60ce67ccc3___RS_Early.B 6789.JPG,Potato___Early_blight,Early Blight,0,test,bc838db88922098e129bbfee1e8802d4,376603cb29a35290
392c5f68-3ee5-4b61-90e9-afa16375beb8___RS_Early.B 8047.JPG,Potato___Early_blight,Early Blight,0,test,483714e166080e2533ef04893081cc6c,cd1c357d8da3bed9
3935d2ce-2d27-45ec-ab50-a53df9d30fa2___RS_Early.B 7437.JPG,Potato___Early_blight,Early Blight,0,train,7fc1d4c118a768ef7e620070dd5a0332,965bc7a3e7c37b95
3a314933-9e92-4c90-acc2-656a04c591e7___RS_Early.B 8906.JPG,Potato___Early_blight,Early Blight,0,val,0ebffd304672461335441d6368619b68,184f6391cc6e3183
3a8429cf-f8a7-4f64-a435-ec4f1ad692c7___RS_Early.B 8990.JPG,Potato___Early_blight,Early Blight,0,test,2626775a23649cd403520fd747358d6b,37e7f1f1f17191e9
3a97c74a-3d6e-4cd9-86e0-10a8e716e7b5___RS_Early.B 8422.JPG,Potato___Early_blight,Early Blight,0,train,553eb9621df0951458a749c824a46a3f,1b393537771386cc
3ab17a89-2e50-49c2-bb75-518369da98c1___RS_Early.B 8636.JPG,Potato___Early_blight,Early Blight,0,train,f40956e3554e93a36cf554a46301f0e0,fffbedf75b592dc9
3ab92984-3126-4154-9bfd-f2c8c9fd670e___RS_Early.B 7440.JPG,Potato___Early_blight,Early Blight,0,test,366f3a963d4c1a81bc5e454757d31aa1,cb1f7d79615b5e9d
3aea17a1-9413-4312-bcf2-e9aadb7371ab___RS_Early.B 8237.JPG,Potato___Early_blight,Early Blight,0,test,3ff6472d664abeb8143abd9a774ba95b,9b6644c52963246c
3b090cee-ba51-44c2-9cc6-4581db95070e___RS_Early.B 7789.JPG,Potato___Early_blight,Early Blight,0,test,ee9543ee5becc6c41a2a830830e11130,188c8e0b899b0b26
3b1e3161-b02e-4aa0-a490-8a50c242d10e___RS_Early.B 8553.JPG,Potato___Early_blight,Early Blight,0,train,96817719aa1e395c1a0a16a211ff176e,893174352d670cb8
3bf3bb26-3cbd-46f2-a9ba-c86700edafcb___RS_Early.B 7599.JPG,Potato___Early_blight,Early Blight,0,train,0404ecf8207a468f95ab562ab0f2ca77,3f3fb6bbdb4b13d3
3c3a9c2c-3387-4666-9f42-4d14142e9500___RS_Early.B 8499.JPG,Potato___Early_blight,Early Blight,0,test,3d8a2e56d647c931b8f3f86113ccc288,0919384ace4d0d20
3d3c01e1-8cde-4c0f-9468-67dd287a2dc0___RS_Early.B 7761.JPG,Potato___Early_blight,Early Blight,0,train,bf3a750a13b86764723c4709e0599a7b,cf0d75a5e3e63ff9
3db185d7-7c05-42f9-b508-7a3883e50660___RS_Early.B 7011.JPG,Potato___Early_blight,Early Blight,0,val,a6e6071532b5f53833094fbabc2f275a,1755402636349921
3de47a70-4a74-462f-8b56-2088507be4ef___RS_Early.B 8832.JPG,Potato___Early_blight,Early Blight,0,train,122db2887838e5837f96a835e5adb43c,95296a44ec6d2386
3e7543bc-4792-4b65-afd9-f9ccd52b7319___RS_Early.B 8571.JPG,Potato___Early_blight,Early Blight,0,train,caf9a8a226c26e21d2077b9ae4102af4,3e33094d743086c7
3ebc2af4-fe74-4918-b46f-09ec268884ef___RS_Early.B 7856.JPG,Potato___Early_blight,Early Blight,0,test,565909a1ecf487efcf56824ec0fb9f01,2c477bd44a2c9441
3ec5894d-dcc2-4276-ba28-0048b6d5605a___RS_Early.B 8027.JPG,Potato___Early_blight,Early Blight,0,test,640769119eb5fc143d15c334ed9b1cbf,9ee3a9acc565339b
3ef2279b-2fda-463a-b007-e2a93ff977f0___RS_Early.B 7235.JPG,Potato___Early_blight,Early Blight,0,val,831c4915efd3f6fc0479adcbbabb1733,ce5b246230388f01
3fb9fd25-3f61-4983-8342-2abb34d1b010___RS_Early.B 7920.JPG,Potato___Early_blight,Early Blight,0,train,81d23c32e0c265dc9da3308308150ef5,184ec7e36312ca21
4019e40b-0175-462a-b6bb-228cf42c1a65___RS_Early.B 8256.JPG,Potato___Early_blight,Early Blight,0,train,714927f58bb6bfd781a359bff6a3222c,83317d7b5d792f3c
403aa255-393c-43b4-8f68-f68efbf4f5df___RS_Early.B 8544.JPG,Potato___Early_blight,Early Blight,0,test,fd33fa93da61fe32985d948675b7a693,03026242c6445553
40d1ccba-b047-4f89-b469-af79bc233524___RS_Early.B 7006.JPG,Potato___Early_blight,Early Blight,0,train,d38cebc4d8b5cc7fc411c10e5f0db330,4799316563323e6c
4138df1f-b8f7-429f-9e95-a627f6aba912___RS_Early.B 7667.JPG,Potato___Early_blight,Early Blight,0,train,43c7f7bf4fc06db97e736f3875f70405,8e1b77cbb3461c73
419611a4-5597-43d6-ae92-c3c09bc549d7___RS_Early.B 7182.JPG,Potato___Early_blight,Early Blight,0,train,2e1c4f9de4e35255497a0711f1b9c689,9a937169e3630e98
41cc6e70-9745-413d-b13d-c4775bcdfa7c___RS_Early.B 7610.JPG,Potato___Early_blight,Early Blight,0,train,c2a5c7027b43f206dd365f3907e27d39,0b33713191271698
41e155c4-eccf-4166-83cb-f110b2312c48___RS_Early.B 6985.JPG,Potato___Early_blight,Early Blight,0,val,4d781d1ecb849d050eb081a81bfe1c30,8d297173664c5060
41eccd84-6a67-4b04-ae69-59c1bcf17728___RS_Early.B 7964.JPG,Potato___Early_blight,Early Blight,0,train,ecaa0bb53a3a9869b9bbce4b884dd98a,cfb06d4bd3e6fc79
41f4502c-34aa-45a5-b593-7191f7a62f96___RS_Early.B 8774.JPG,Potato___Early_blight,Early Blight,0,val,d1ddb81346dc341b47bf0c8ecfeba855,26737138586199cf
42148e3c-34d6-484e-a4b8-8dc037667a4c___RS_Early.B 8235.JPG,Potato___Early_blight,Early Blight,0,val,ebd53cb9cb9e76102d093e3dc1172847,4f96b39bc941759b
4217355a-471b-4045-9199-55003f2c9b99___RS_Early.B 7469.JPG,Potato___Early_blight,Early Blight,0,train,2b5f4c92b51f02f2d183127248b0bdad,4ec7f44c6c860411
422fa1a6-d0f7-4634-9233-0d002ff139ae___RS_Early.B 7218.JPG,Potato___Early_blight,Early Blight,0,val,a5259521b2f2c12fc9984713d8be1f0e,8fb83a510346fc78
425e5f26-56b0-404d-b537-dc3353ecee09___RS_Early.B 7058.JPG,Potato___Early_blight,Early Blight,0,train,543ab9be4694336df409b52be34bdf21,0c1b696911341909
426aeefb-981d-4436-9f92-0fe230bb65fe___RS_Early.B 6977.JPG,Potato___Early_blight,Early Blight,0,test,c43833ad4a84edfe4f0650fe6503a779,776f8ec9e56d219d
432f1b02-9493-4cf1-8ef7-a40f817e43ff___RS_Early.B 8497.JPG,Potato___Early_blight,Early Blight,0,train,e735f99d68b790f7444fb35739e9df55,c7132545e74e5c70
434ccb1f-7a21-47f4-96b5-3e87bf5fe2a2___RS_Early.B 6760.JPG,Potato___Early_blight,Early Blight,0,test,38cf2d55dd816b89e1d2f96b645fcbb9,3e43c9424b0937cc
438176fc-2e4a-45d1-9014-3eb2391c5832___RS_Early.B 8147.JPG,Potato___Early_blight,Early Blight,0,val,e4f28de2831c52cbf97db3a44f987669,1f1949555d6917cc
43af6366-6c6a-408c-a10d-a4bad9428a19___RS_Early.B 7595.JPG,Potato___Early_blight,Early Blight,0,train,08d4ea40c209b792b4d4ab9a1ae41b85,1c4b494e26160401
43ddad18-d70a-49d3-97d6-9a5f82ddeecd___RS_Early.B 9069.JPG,Potato___Early_blight,Early Blight,0,train,4f462618b49ec17390ed1a558a2d59ef,9339686623299e8c
450b4a32-39ae-4daa-aeb6-87559afb0b42___RS_Early.B 9202.JPG,Potato___Early_blight,Early Blight,0,train,250e027b1b7fc135a7546d96ec586353,93396969735e3d73
454203b9-0376-4db3-92ed-047545daa7c6___RS_Early.B 6953.JPG,Potato___Early_blight,Early Blight,0,val,9b8ded153b24f0deb0942d701198b661,394c965259717698
45ecd7ac-7db9-49bf-b34d-ccd2e83123b0___RS_Early.B 6883.JPG,Potato___Early_blight,Early Blight,0,train,f9179eaf3746b8191e4e332e93adc5c4,b73558d9f1c7deff
467991cb-4b55-4b00-9b18-7ff5efdd7adf___RS_Early.B 7290.JPG,Potato___Early_blight,Early Blight,0,train,f06ed98d1c2759957b19113c0735f721,8c0d7d51b1f3ce79
46819687-0705-4628-8748-9cb356587f30___RS_Early.B 8421.JPG,Potato___Early_blight,Early Blight,0,train,5936c83554e46b4b3ab8b748b40fe8bd,c31c6d59336e7870
4699d1d8-f931-4b1c-8fd4-03a58350a86d___RS_Early.B 8972.JPG,Potato___Early_blight,Early Blight,0,train,48f62c735b76cb4980a4507bf0136f98,013cc351ada93b36
46dc77f0-be88-4887-b1f7-82adff9aaa39___RS_Early.B 7750.JPG,Potato___Early_blight,Early Blight,0,train,33e787c44efff5608ba8bf0dfd50b6ff,c39c34e4a5a3cefd
4722a31c-987f-4fac-afa1-37479556a056___RS_Early.B 6810.JPG,Potato___Early_blight,Early Blight,0,train,67c5bb371dc1673de84d75815468b8cf,07396849d965a78c
477c3ef0-ab1e-44fb-852d-6b3ce74c93a2___RS_Early.B 7257.JPG,Potato___Early_blight,Early Blight,0,train,555449806c0254785fb94af8081c43a4,0413256cccb9230e
4849de96-2e26-4c8d-8944-bd9e8edee5d8___RS_Early.B 9196.JPG,Potato___Early_blight,Early Blight,0,train,d4587f3ab5abefec63f4d21c273674cc,030218b635612e08
4857420e-b28e-4bb5-aa03-5e333cf27af0___RS_Early.B 6847.JPG,Potato___Early_blight,Early Blight,0,train,71d69d7031b95c93d2aebcccf0ae9bae,03697470321d0521
48ed1384-b3c5-464d-bdc8-97b347d89a58___RS_Early.B 6744.JPG,Potato___Early_blight,Early Blight,0,train,1065a1656aacb84e3ea3bd35052cda24,9331614143238cdb
495e73a1-0f61-43a6-b539-d7f74e3fbf71___RS_Early.B 8245.JPG,Potato___Early_blight,Early Blight,0,train,f9f07ab8c261958396273ff9d7368303,8b193f6b53664d7b
49b24f9e-12d4-4f32-8bc8-482d66514a17___RS_Early.B 8037.JPG,Potato___Early_blight,Early Blight,0,val,67bb0f5cddbf17de77a556108eb53aeb,166de59d99cb7a3d
49ecf1fe-0000-49e8-a042-fb6c9bac38c9___RS_Early.B 8940.JPG,Potato___Early_blight,Early Blight,0,test,6880cf19c89a5e5ff6ee9ed0589d9e75,3fdde551732fbfbf
49f13f57-6881-4caa-839b-d93215ce1b77___RS_Early.B 7009.JPG,Potato___Early_blight,Early Blight,0,test,ae136c063b561673051e2020c91325f7,8632333332368c48
4a06db68-bed1-4ae6-80ba-e9df70fa6f7b___RS_Early.B 8657.JPG,Potato___Early_blight,Early Blight,0,train,1264bf1a336ef42c2ea36ae7ce85b860,8730787173473c30
4a35b485-4f57-471a-a2cc-d5d7ebd41c40___RS_Early.B 7651.JPG,Potato___Early_blight,Early Blight,0,test,28ee46b62a9411dc15b6221ab7bb5e0a,4d1e65ed89593fbc
4a4847c4-c393-4772-8035-e39b472e179b___RS_Early.B 7167.JPG,Potato___Early_blight,Early Blight,0,test,b7e8a24582a347771749e3fab036fe11,8331315149630e8c
4a7c680d-9c18-4065-a6e0-70cd2d0a3207___RS_Early.B 8107.JPG,Potato___Early_blight,Early Blight,0,train,868f67fd996a6eb8666dd5d4f17a6d07,c6335b4b8186c666
4ab9d59b-57ee-4e22-a6bb-d8152710fd28___RS_Early.B 6857.JPG,Potato___Early_blight,Early Blight,0,test,9dac6c9f36de41ea67b2ad627817a494,4feba1e1917332dd
4af8e9e9-077d-4c7b-859d-626f74d3b1ff___RS_Early.B 7738.JPG,Potato___Early_blight,Early Blight,0,train,80110e620c2a3657ffa6600441dacaf3,1c56cbad75701cc6
4b484f0f-82dc-45d1-a5b6-72c8a6a96323___RS_Early.B 7262.JPG,Potato___Early_blight,Early Blight,0,train,aee64ac5fe5deb9a76d306e398bc4119,7d6ebbb9917d31d9
4b7b3611-d9b9-40c8-b0f5-d730fcd76679___RS_Early.B 6937.JPG,Potato___Early_blight,Early Blight,0,train,9908db3f127497591893e74b8d65adef,461b615a1b231e98
4b925312-1973-41cf-afdf-9090d02dd539___RS_Early.B 7913.JPG,Potato___Early_blight,Early Blight,0,train,94bbcf3023bb125330107af40409de65,135946c561331b1e
4bac4925-72ff-43e7-8726-5e2126c6c30d___RS_Early.B 8206.JPG,Potato___Early_blight,Early Blight,0,test,82c59083dd5192de15fc2ae7bc5950c3,0379d5f591a7defd
4bba904e-b4af-4a81-8252-b8d997bc5057___RS_Early.B 7695.JPG,Potato___Early_blight,Early Blight,0,train,df6922c5a995ee4465319b1027a73d40,0207a52525218e18
4be99b40-e269-4c69-8c90-ac75514650af___RS_Early.B 6830.JPG,Potato___Early_blight,Early Blight,0,train,ea72ba538a4ea8d5ef4e3ea47aeb74f0,4fcfb5b9d56333cf
4c246dbf-ad6c-4563-ad59-d5ea84453817___RS_Early.B 7662.JPG,Potato___Early_blight,Early Blight,0,test,e918f659349eb87c1e833b0599ef8171,43193c6a54592b3e
4c7622da-663c-48df-8005-355fff221fe1___RS_Early.B 8432.JPG,Potato___Early_blight,Early Blight,0,val,a130066cca4125af8cf9e6e01e473c45,922d396933274c70
4c8df1cf-82bb-49eb-894c-8a516fbd1d74___RS_Early.B 6753.JPG,Potato___Early_blight,Early Blight,0,train,14fc69afb06ff89756ee7ab329272000,01224a0a0e9cb120
4d1d5d85-e67d-4007-bceb-9b577f49065b___RS_Early.B 8885.JPG,Potato___Early_blight,Early Blight,0,train,c459ffc35beb16e38a9891b28607a8ce,6e92d361310d8480
4d5d6c62-61d8-45a3-aada-3ee8bc44e1d5___RS_Early.B 6685.JPG,Potato___Early_blight,Early Blight,0,train,691e7f34b108f946a865b09290c85ba3,9a70e5a6d2daf5fb
4d943ff8-e048-43c6-8861-4cdc6adab6a0___RS_Early.B 8726.JPG,Potato___Early_blight,Early Blight,0,train,db83c5e14e09cc65491ae2990cd810b9,4fdbe9ee995b3b96
4da46a9d-7709-4528-acc3-a7be6ace3714___RS_Early.B 7187.JPG,Potato___Early_blight,Early Blight,0,train,3e14ed38bf2323e92f840d4fb2b76e56,3d37b3b9996c3dd3
4ddd0823-ecf4-4a0b-81d5-9844705e5694___RS_Early.B 8936.JPG,Potato___Early_blight,Early Blight,0,train,c802bcbd7fa4dfaf6fd627c2de89d870,033172b238990204
4e40c113-4ab2-4a71-9ecc-5ceb67905190___RS_Early.B 7446.JPG,Potato___Early_blight,Early Blight,0,train,7618911c89321dfbe40473da15290112,9e56d3c9d7c76b37
4e478f6a-b8cf-425f-85e8-d80d6aaab8e1___RS_Early.B 9026.JPG,Potato___Early_blight,Early Blight,0,train,691f9290343c1532496a34a86611d370,94dbe9b476321804
4e7faad5-4f3c-432a-8a71-bbe198aece77___RS_Early.B 7354.JPG,Potato___Early_blight,Early Blight,0,train,ccd1854118eac260d056357d878053ab,fffdffd76d7d0de3
4eacc117-bab5-40ff-bde0-dbc6b2a35822___RS_Early.B 7999.JPG,Potato___Early_blight,Early Blight,0,train,b23797a5a053ec7c24588cf1f7797978,863bd5e595db371e
4eb1fee6-e288-4c32-841d-9fc1d1824508___RS_Early.B 8446.JPG,Potato___Early_blight,Early Blight,0,test,b71791e978c75d10c7080420ccf61b08,1c0e275323010c04
4efd8455-c6ef-4e25-abad-d4d273f84c28___RS_Early.B 8128.JPG,Potato___Early_blight,Early Blight,0,train,96ab8624772c6085812e0cb7c8575fcd,6bc9b9687e69338e
4f12ef84-6c6e-43d6-b6f1-3a8b0278b3a6___RS_Early.B 8101.JPG,Potato___Early_blight,Early Blight,0,train,106afd583c4bec6991db18870614ad75,478b397d55230616
4f20f0e5-b870-414c-99a0-136575a61ce5___RS_Early.B 6724.JPG,Potato___Early_blight,Early Blight,0,train,6a97e20f69669111779ea679fa0da1fa,0662c88c34369c45
4f5ed8b8-7266-451d-a726-c1dbba2e5381___RS_Early.B 7384.JPG,Potato___Early_blight,Early Blight,0,test,134f328f4e2828e99822f5c71068d6b0,3cf2fbe959653d8d
4f71ba26-6612-427b-8dc0-4d8cc909f1fa___RS_Early.B 7122.JPG,Potato___Early_blight,Early Blight,0,train,c8280d47ee0abf728a1e1f13543a8e5c,9729531b4b3706cc
510146c8-7368-4acc-847d-523f55b3d424___RS_Early.B 6678.JPG,Potato___Early_blight,Early Blight,0,train,bade30baa55902994df4d370d9f77e05,8354943a52416820
519e17be-a518-410a-ad3e-153d07fc3563___RS_Early.B 7711.JPG,Potato___Early_blight,Early Blight,0,train,b66178ea5f72035513208653b24b1db8,4b9c305165674e7b
51ab2ec9-d90b-47f3-8e4a-fdceeceb033b___RS_Early.B 7859.JPG,Potato___Early_blight,Early Blight,0,train,19ec8811b19763e2528e414516ce122f,873d5dbdadb34e7d
51bc94fe-ba23-4776-a9ec-727e55015acb___RS_Early.B 8267.JPG,Potato___Early_blight,Early Blight,0,val,90b1d568dfb934cb0c266de4c7ba2829,420020c6ec723694
51d521bb-5800-4f46-8fd0-f6cb09f37989___RS_Early.B 7572.JPG,Potato___Early_blight,Early Blight,0,train,af0d90f86c0c2b186428fa7f6eb72c5d,9f2765cdc9793bcf
51e028c1-7aec-46e9-a389-391bc38b46f3___RS_Early.B 8505.JPG,Potato___Early_blight,Early Blight,0,train,28f54406fd4fc00f155b5ccbbe7d5164,9b3171cd29271cd8
51f13c93-c8b6-4542-a81b-cb1a2e83f179___RS_Early.B 7684.JPG,Potato___Early_blight,Early Blight,0,train,882eae21b0a6ea30dd2692f77a62f3d8,e68f194d19339e9d
51f59871-72dc-490c-a550-9e7869142284___RS_Early.B 7224.JPG,Potato___Early_blight,Early Blight,0,train,e6492673266dd10a8c9603e2efe46cbb,184ef79b4d779ce1
520475a1-5acf-433f-a306-cff6ec1a99ef___RS_Early.B 9159.JPG,Potato___Early_blight,Early Blight,0,train,7fd8459d9ebf8549de39fca85130e3ac,33d3b190b15133d6
524142aa-78fb-4fab-895c-ddb993d07479___RS_Early.B 7435.JPG,Potato___Early_blight,Early Blight,0,train,1d8a8465f8ff7054e59863236548f269,8e457672722c19ce
52fb5725-33cf-4076-9abc-93311d027da2___RS_Early.B 8415.JPG,Potato___Early_blight,Early Blight,0,train,314cc8d5cef9ac61e0c61c934dd77345,0518326441535cb0
53257270-67b3-4408-aaec-abbd9f5f19f0___RS_Early.B 7212.JPG,Potato___Early_blight,Early Blight,0,train,88331a0a042c9233b05c27c65fd5f386,2e43c564303c8161
53de9716-fcc5-4241-9e8d-21792a5cf226___RS_Early.B 9014.JPG,Potato___Early_blight,Early Blight,0,val,ba6accdbf083efcd022aa0d367060d89,05143278d161e688
53e30623-2023-4bbf-b904-ba39426f8628___RS_Early.B 7613.JPG,Potato___Early_blight,Early Blight,0,train,23df34c8de910cb129deba441ba822dc,0c07414008812400
541b768f-ec74-4f60-8e5a-778a5eb359da___RS_Early.B 8647.JPG,Potato___Early_blight,Early Blight,0,train,6e9be20a8087595273c78fbc857f5122,c30c3d7363663c78
541f3dc9-a330-4caf-97f3-88bec1b60c53___RS_Early.B 7767.JPG,Potato___Early_blight,Early Blight,0,train,796b5b422f1522cd6fdc10ec4fd01467,c2d1b1293103969c
54260e42-8e3f-44c2-b252-c784391ce639___RS_Early.B 7508.JPG,Potato___Early_blight,Early Blight,0,train,a7d58f8e2fe7e56e887336dbf18f21a6,8f3c70e5ebaeac71
544b5324-f697-4af8-90d4-47b7b86691c6___RS_Early.B 7028.JPG,Potato___Early_blight,Early Blight,0,val,76935a68060dd77c365878eafc374e08,4d98344d19624c58
54a0c5b4-7df1-46c8-95f7-85ffb6a47939___RS_Early.B 8174.JPG,Potato___Early_blight,Early Blight,0,train,ebbc930e68ee2f2900430b9c531a3dbb,794e43d1a4d5790f
54eebf69-9501-4f9e-b923-1ef61f31d93c___RS_Early.B 7098.JPG,Potato___Early_blight,Early Blight,0,train,520f944e186862874fa3a1b9c09dda0f,3776d3f1c9493993
5585ecfc-6e6e-4544-8e6d-180d958b7211___RS_Early.B 7619.JPG,Potato___Early_blight,Early Blight,0,test,ca17892178305f2591165fe2dbd3985a,9c2e67e99999339e
55daa016-a408-4de3-a79e-53d0ec53ea16___RS_Early.B 7686.JPG,Potato___Early_blight,Early Blight,0,test,8c7abd9719531939d0fa427f86bc80ce,6487216566642f1c
569206bf-423e-4508-b1b4-2ca6821aceac___RS_Early.B 7554.JPG,Potato___Early_blight,Early Blight,0,train,6e3cde697b1b9fd55fab16e03eb509d0,0621044244118943
56a6692b-15ba-4097-aba1-ba428b6fefcd___RS_Early.B 7899.JPG,Potato___Early_blight,Early Blight,0,train,6f1e3ed95422739fb338992bed9ed32a,e715dfbf9d9b3e3b
5720f8b8-4fd7-451f-af18-a48730691c2d___RS_Early.B 7155.JPG,Potato___Early_blight,Early Blight,0,train,4686eeed18d0c4d0d2f45906a5236ede,141c1c7c21b3264c
5748b34e-9143-4540-b4f0-37b8f7dd9e96___RS_Early.B 7198.JPG,Potato___Early_blight,Early Blight,0,train,488f163ebe546301931170a4d8bfdbc7,3643656022341923
5755142f-0cba-45b7-a563-beb1bf6db374___RS_Early.B 8321.JPG,Potato___Early_blight,Early Blight,0,train,1116e2ec642bdcee7b84b22c355abf7a,08941a591b236678
57bb36be-b5bc-44e0-91e5-0b1b4d31bc82___RS_Early.B 7311.JPG,Potato___Early_blight,Early Blight,0,train,5806a214d04ba1a7a03112509a6c1026,2f337161c7474e9c
57c5fe0f-ce93-412a-a29e-a70a4aa23649___RS_Early.B 6818.JPG,Potato___Early_blight,Early Blight,0,train,40b4eba1c86979a6a4362cd05919d5e6,411c3279786437b4
583fa343-d5be-414b-bd95-f674313bd882___RS_Early.B 7681.JPG,Potato___Early_blight,Early Blight,0,val,bf478dad3a1eeb79fae26140dedaba38,3c5e676b319cc931
585062b6-d5a4-4677-8b7f-773257399423___RS_Early.B 8558.JPG,Potato___Early_blight,Early Blight,0,test,4278b6a7fd5ff5a585e5ff9226ed0648,17b393b999db3396
5888d397-4e83-4fac-bcf7-0de778966d36___RS_Early.B 7418.JPG,Potato___Early_blight,Early Blight,0,train,07ce05f5a3b4513f81cbddbd04310de7,13219cc0824c1bbc
58a381f9-5315-4865-9b35-43df8fd9bf42___RS_Early.B 9027.JPG,Potato___Early_blight,Early Blight,0,train,d93175945e9b03a899c65e15d05fde6f,2403d96434308e0c
58cb5c58-3161-4476-9361-3ee2673cc82b___RS_Early.B 7368.JPG,Potato___Early_blight,Early Blight,0,train,2377b9655b91d5bb7c7cfb5b48169a8e,5d96d39995f73786
593de3cd-1e2e-4943-b5f3-ef9d5d857894___RS_Early.B 8336.JPG,Potato___Early_blight,Early Blight,0,train,63beb34d3fdf9b071e03a3e38d7b488b,8a2360604c38232e
59676e33-8884-4359-83d9-e07df07f31a1___RS_Early.B 7041.JPG,Potato___Early_blight,Early Blight,0,train,79ddc57d05928de3f62b9925441983a3,9931265963664c70
59f90f4b-add8-4f50-af1f-052b35aa99e1___RS_Early.B 9001.JPG,Potato___Early_blight,Early Blight,0,val,9d16b2326e0632f349026e8dcc2c40aa,9feff6bb3b1d8dc9
5a152fa7-7645-42ea-9c59-13258febe52f___RS_Early.B 7175.JPG,Potato___Early_blight,Early Blight,0,train,056ddc7c368c9f3743bcfb501efe9b68,4c4e7371391e8b41
5a6f3209-223e-43e5-8680-41dd3d5091ce___RS_Early.B 7288.JPG,Potato___Early_blight,Early Blight,0,train,d442fe94cf4add51ff9577e2da0490f1,0b1d1a5874c9dbdc
5a7ca2a3-5bfc-47b7-9657-85a6c95a0956___RS_Early.B 7061.JPG,Potato___Early_blight,Early Blight,0,train,1563399b7bbc84c930401e0c9c1e7f2b,2f73c3a391d923a7
5abfa537-636f-41df-a833-311a3018aac9___RS_Early.B 8176.JPG,Potato___Early_blight,Early Blight,0,train,a9372a45fe9eb2ae03db63e20e0ee8cd,963373c709610b8e
5ada96db-43de-4510-8c10-eaaebb106c0c___RS_Early.B 7216.JPG,Potato___Early_blight,Early Blight,0,train,f004c651b2ad784832db643637b3252b,9b317745ebc68ebf
5aee3e9f-0469-42e7-8ae7-56f7a1900fd5___RS_Early.B 9091.JPG,Potato___Early_blight,Early Blight,0,test,2664c92aa0140a5836fc84b9a54817e0,116c5e7a74780396
5b361ac7-6fb7-497a-b11d-3b8cd7ffd2e1___RS_Early.B 9206.JPG,Potato___Early_blight,Early Blight,0,train,39c1193653e3238ad3de68a3732abb98,2026848424b41c08
5bb77b39-311b-4ad1-8bfc-5a41a13b7b02___RS_Early.B 8255.JPG,Potato___Early_blight,Early Blight,0,val,6081c77abf6c00e682ab71fa9016d465,cb99344d999b0ebf
5bdc7f1d-26cc-45b2-b77f-e98084418fd9___RS_Early.B 7486.JPG,Potato___Early_blight,Early Blight,0,train,3bfc5e25aab92d4417fc52f3317bace0,418c2c744c6c4b6e
5c3363d5-5873-40f5-b179-37ab6df0328c___RS_Early.B 8828.JPG,Potato___Early_blight,Early Blight,0,test,271280646c35aff2f044ccc00b6a25ae,7da6b3fbd963b5dd
5c43b799-a722-4209-b571-2a7ca23de273___RS_Early.B 7321.JPG,Potato___Early_blight,Early Blight,0,train,32be02bf75f8f5ffee7ef81659cf9e05,66f3ade8c9c1c2a5
5caecfc6-8e1d-401b-8014-763dec01cb98___RS_Early.B 8063.JPG,Potato___Early_blight,Early Blight,0,train,c0acbf89b3091014ccdacf393f405079,4b196ccec6623b9c
5cb0b99b-2e14-43b3-aa51-51a7ce668793___RS_Early.B 7455.JPG,Potato___Early_blight,Early Blight,0,train,683f85dfe8240d4c74955da1261099a8,1eb3d9dc663c85e1
5cf3cf9d-0f81-4c75-b1d4-2defb49033c4___RS_Early.B 6806.JPG,Potato___Early_blight,Early Blight,0,test,582817cfff5e4d8a3fceee2e64078e52,459c387043871e50
5dbb2c15-fc42-4611-b590-9d92d4ce2a85___RS_Early.B 7312.JPG,Potato___Early_blight,Early Blight,0,train,6e6e20ce3d527ff64ff180ed0528b313,2749983167431e38
5dd2be45-9c02-4b82-a7be-ecbac29981a9___RS_Early.B 7947.JPG,Potato___Early_blight,Early Blight,0,train,95217443600c31ad2ecf16aee3ee3be5,430131435383067c
5de34904-b1e6-48ef-9daf-73d80f5cc6c3___RS_Early.B 8345.JPG,Potato___Early_blight,Early Blight,0,train,72ff252996b06e1131bd81b8bbc4e929,26732c4c46241503
5deee0ba-6bbb-450e-a107-102063e2f93b___RS_Early.B 7429.JPG,Potato___Early_blight,Early Blight,0,train,8adc4d9dbd391ca6974096c11a5fc599,9b11706058ed7106
5dfcdf05-e64e-4992-84b8-a9fc9c49ce3c___RS_Early.B 6711.JPG,Potato___Early_blight,Early Blight,0,train,0c08ed9b8624aa72fd01f3fc431f8cbc,3664c1a9b991c62b
5f209b64-4a3c-4fd4-9151-83db4125e7fc___RS_Early.B 7284.JPG,Potato___Early_blight,Early Blight,0,train,21062135d94e2e4ba1037ed72fd86d56,b677f5e5b5693396
5fa695b2-89f6-4c5e-b62f-2be61e2ad23a___RS_Early.B 7232.JPG,Potato___Early_blight,Early Blight,0,train,9126033da0b36c7decfa33f6c4cbfbdd,4fd5e7edcdcd1f8f
5fbff81d-eeaf-430f-ba94-df6a92c7b8e2___RS_Early.B 6816.JPG,Potato___Early_blight,Early Blight,0,train,887e8af790cd3cc8cfb44ec59958fa24,83352361616b0288
5fd6c76a-1e89-4991-9991-2b61670d5175___RS_Early.B 8208.JPG,Potato___Early_blight,Early Blight,0,train,4fc8093462dab346a58573de3e63009e,7d6ed3a9a9651dc7
60096f66-1bf2-4d8d-8137-ac2358ab71d0___RS_Early.B 6978.JPG,Potato___Early_blight,Early Blight,0,val,16617054a9cb62fa69f540185e3bd15d,8735296b651c3c38
60418916-8278-448a-af45-21ee8ef60a95___RS_Early.B 7957.JPG,Potato___Early_blight,Early Blight,0,test,3e1fb0500c59062dceb915639e14b38a,748ecfc93bbcc1f0
606e216d-f0b8-4ef3-9bf1-2bee85a13361___RS_Early.B 7094.JPG,Potato___Early_blight,Early Blight,0,train,b73ae4f287d7e7c33e78de9bcba5f395,4900123012313326
610d8d2d-c28d-4d99-9f37-a6a79148b529___RS_Early.B 8023.JPG,Potato___Early_blight,Early Blight,0,train,198579f21179c02fc4ea23dbf50b72c1,260bc4ce40220801
610fd102-fd1b-45c3-978b-68c65d432382___RS_Early.B 7819.JPG,Potato___Early_blight,Early Blight,0,train,a6bb6a645ae6179874270ec744c4c6c6,af63626262249346
6173dbe2-1379-4241-a43e-7cbad448b6cc___RS_Early.B 6993.JPG,Potato___Early_blight,Early Blight,0,test,d0d5b3d645e5b66045a85755d1fb72e5,953858dd8f061698
61a602c4-02e3-49e5-9858-5b1d4d4795f7___RS_Early.B 7875.JPG,Potato___Early_blight,Early Blight,0,train,986aba0f63d5120fb2ae68e71f0c32f3,1c360bcd44329241
61d53ca2-a8e2-4e5d-b8cd-3f9608b74fc1___RS_Early.B 6746.JPG,Potato___Early_blight,Early Blight,0,train,917b0503c3c7dae28542373a3738c8e0,0232465672336a00
61da9830-ebfd-483a-88dd-a66fcff4c457___RS_Early.B 7817.JPG,Potato___Early_blight,Early Blight,0,test,3c054ec40ca30d9ad361c988fbef1b5a,5c1ee37169388cc7
61f4f7c5-cebe-471a-9be9-b595255b7fb4___RS_Early.B 7029.JPG,Potato___Early_blight,Early Blight,0,val,986919fbe60b663a0e97fe25f5524b4f,9b3d60c1612f8e40
62490062-4c67-4caf-bec5-df1342ec2987___RS_Early.B 7946.JPG,Potato___Early_blight,Early Blight,0,train,ebe1be60aa0a52c6426ee61214095037,2e27434979311bc2
625f9c30-b56a-4e4e-9b34-aab8d2385d02___RS_Early.B 7226.JPG,Potato___Early_blight,Early Blight,0,test,7a9240070dc6b38859a2191c8ef7c2c1,8f3c3c1553267c70
6269c9ec-ef8a-49b5-ab1a-451565529c38___RS_Early.B 7166.JPG,Potato___Early_blight,Early Blight,0,train,b81ac5de749d94a93f5b55bd859627be,873b2939736d3832
62e81304-8d1b-46ed-a79a-52cf53a63919___RS_Early.B 7363.JPG,Potato___Early_blight,Early Blight,0,train,068920ee271778cfd7a7ce071c65b0f4,8e492430cd43278c
6319585f-ed2f-4657-ae79-a23db65d0fce___RS_Early.B 7033.JPG,Potato___Early_blight,Early Blight,0,train,9a5f3399ecd7543d5ca4946e1548f781,1d72d393d3731bcb
63b61694-16e9-4ef4-ad6f-5e27d2c9eed9___RS_Early.B 6871.JPG,Potato___Early_blight,Early Blight,0,train,2750da63780c8d335b49091073d0e9b0,9b3d69d1c1cb4e7d
63f59fdf-973f-4d9e-a1ac-4a21cdfb9393___RS_Early.B 8794.JPG,Potato___Early_blight,Early Blight,0,train,7c0e86c19a14f1c18a7a042d9faf24d4,5a514cce64100901
63f9b76b-c491-4ed3-923b-087967ea9268___RS_Early.B 7161.JPG,Potato___Early_blight,Early Blight,0,test,e84edcc705e1d76129d6824cc80ec487,8f38205a49736e58
64cab763-3fa2-483c-abc6-1d203f26f88e___RS_Early.B 6671.JPG,Potato___Early_blight,Early Blight,0,train,648ced8be7afb437b53aeaaa75d6924d,9932367a7061431c
64ced002-f0b1-42b2-b448-b7b3655e38c1___RS_Early.B 9010.JPG,Potato___Early_blight,Early Blight,0,train,8341dde26b58983a0f6724163da7ee31,5fdd83a181c7662f
64e41485-8bd1-4b5d-9482-023eb07d8a89___RS_Early.B 9078.JPG,Potato___Early_blight,Early Blight,0,val,8a558d117041cd5db292991f7b87a152,6e67a3e797f535db
654aaf22-e23a-441d-ad57-914843a36c64___RS_Early.B 7924.JPG,Potato___Early_blight,Early Blight,0,train,a0cbf3d929dbea338857316cc178064e,3e3bb99d4e64b3db
655010d0-0bf7-4cba-8ebe-591a8bc5f552___RS_Early.B 7668.JPG,Potato___Early_blight,Early Blight,0,train,15dc9bfe60f0b866b0290f8dc30cdf6c,9f39793569630e99
65b66b8f-2117-4876-85bd-23941349231f___RS_Early.B 7219.JPG,Potato___Early_blight,Early Blight,0,train,a993005d55e190b1c5b63762d3db0386,8b39707279351618
65cac614-d354-44f4-870b-dbb4fe26e120___RS_Early.B 8193.JPG,Potato___Early_blight,Early Blight,0,train,5654adac05c22d8c1ebbfb9d415e9696,076365476d1b87e6
65f6e2f1-300b-42f0-bcc8-467753411947___RS_Early.B 7591.JPG,Potato___Early_blight,Early Blight,0,test,85e17a5e2b1780c88bd6865bebc3130d,833d7e6de9f35c79
66642302-1334-4c23-8613-f98387352360___RS_Early.B 8766.JPG,Potato___Early_blight,Early Blight,0,test,b57a940c99decdc308210a193fad2039,6defafedf5f5630f
66785df0-db24-4c3d-821b-8ab94e7e6a06___RS_Early.B 7086.JPG,Potato___Early_blight,Early Blight,0,test,6f1bdcbd2f670670721f3990c037a3dc,33717d7979632e18
667c593c-acbf-468a-91a3-6fd8006c46c2___RS_Early.B 7830.JPG,Potato___Early_blight,Early Blight,0,val,f9f862c16d17b7a05a52ea850799a8f1,0e67f25272328d43
66a98640-59d3-4c9b-9853-773c78ac6375___RS_Early.B 6784.JPG,Potato___Early_blight,Early Blight,0,train,fed404f8c5efbca324f833f4e0825ba7,06616546c4cd1b1c
66b6c6d1-fe63-4c7e-8054-bdf6ff67ff57___RS_Early.B 7514.JPG,Potato___Early_blight,Early Blight,0,train,a45bfccaebf34b2b8d14832efd549a86,1c73a3a9c3662c2d
66c5930d-2169-4ec1-9919-28088d5447f7___RS_Early.B 8822.JPG,Potato___Early_blight,Early Blight,0,train,c47e30b3494b76a87fcc83ec0ea5f597,963760429401163c
67468907-b28a-4740-a9f4-ce69b93878c9___RS_Early.B 7142.JPG,Potato___Early_blight,Early Blight,0,val,e662d9a1085f28554c4eac10a11fd446,4d46635363b19f4f
677662b1-2c4e-4d93-b4fd-950815b9d2c8___RS_Early.B 8813.JPG,Potato___Early_blight,Early Blight,0,train,644eed221b560041e060561865f2d73e,0e434d4464100d21
6799ab86-73ef-4825-b4cf-9ae616c40ce9___RS_Early.B 7410.JPG,Potato___Early_blight,Early Blight,0,train,4df9a736094e22e53c0331e363cad8ce,c19933404841135c
67f2bf79-1d71-4748-bcd6-a65006f12981___RS_Early.B 7289.JPG,Potato___Early_blight,Early Blight,0,train,0df843571176841b02825a61fecd6b74,0a29747a3a18cd23
68662e76-300e-49f6-8467-27dd63aa18ed___RS_Early.B 7163.JPG,Potato___Early_blight,Early Blight,0,train,bb2dc8e8911090f7c277626d7c2946ff,cf1b2935bd56461d
686938d8-5fcc-4482-850f-0e8720206046___RS_Early.B 7769.JPG,Potato___Early_blight,Early Blight,0,train,739ff0d6da55c99d965fcf34e50aec02,18aed361701ac861
68a9df4a-f803-4cf1-bfce-1a637a2befcc___RS_Early.B 7654.JPG,Potato___Early_blight,Early Blight,0,train,2248d3785de4dd7cb46f9c6f6bdd9896,2e412cd666329447
68f056c9-4989-4809-b597-3739ff66afc3___RS_Early.B 8748.JPG,Potato___Early_blight,Early Blight,0,train,95231fa9fc02c3a6134541e905fe92f9,ef9e3f93a393dd7f
691161ad-7897-4654-a7bc-14d8b5839621___RS_Early.B 6976.JPG,Potato___Early_blight,Early Blight,0,train,6fa4d44c8804e7be92882f3134ae86e5,d33371d395f3772f
69a20537-e5fd-4f1e-8800-ef9aa4fa4766___RS_Early.B 8111.JPG,Potato___Early_blight,Early Blight,0,train,76db9df4eba91b6f3e7a82528db0014d,249a307498d34438
69ee53e1-a9b6-4e97-bc5f-f91617bc87ab___RS_Early.B 7987.JPG,Potato___Early_blight,Early Blight,0,train,da9e2e06da14e2ee483a8eaf7ce4cd13,4118322a41634e3c
6a183fd9-9409-47ea-a634-dafa4ae329a8___RS_Early.B 8890.JPG,Potato___Early_blight,Early Blight,0,test,2b9b3ba71bc1229c59b447a6571016a1,9d316ddbb3efbfff
6a74ff09-be5a-4412-a192-2370a37c0751___RS_Early.B 8584.JPG,Potato___Early_blight,Early Blight,0,train,c73524fda01b7b798dae42ab6c7826d3,9e7bc99999c34e5b
6a903f3e-0c90-4b97-aad7-bdb1d07cb11e___RS_Early.B 6765.JPG,Potato___Early_blight,Early Blight,0,train,26d083e2264cdd2e15efe64224b7a1da,3cfbe9d193c36e4c
6a90d533-28ad-4e1b-935b-8d2dfa804c87___RS_Early.B 8213.JPG,Potato___Early_blight,Early Blight,0,val,b08fdc19dacef7f414c9d7d48aae2dca,0e61644072328821
6ad3d424-3e81-4b18-a029-4a20884c4ada___RS_Early.B 8380.JPG,Potato___Early_blight,Early Blight,0,train,006788f3b510573fb4b6dc0c70970a78,05892040c0141126
6b8024be-e45f-459f-9817-8d6fb0dda89a___RS_Early.B 6904.JPG,Potato___Early_blight,Early Blight,0,test,a914e9713d06176efbd5aff2085d05f5,3b39e8cb8d8f4e6f
6bb48ab5-6f0d-4bd8-a3c0-bf2b6d5ed936___RS_Early.B 7281.JPG,Potato___Early_blight,Early Blight,0,train,0160d58b0c9cfe753ab13a1e31ae83b3,3661464212964622
6bca5c10-8985-404c-96c3-3f77c2a77d10___RS_Early.B 7527.JPG,Potato___Early_blight,Early Blight,0,train,506d127082582bdf004ffce184f8ca7a,8f3f7d7d734b3698
6bd7d398-9cce-4282-a853-9625a641ebd6___RS_Early.B 8416.JPG,Potato___Early_blight,Early Blight,0,train,4152947993919ab18b8313ce95802ed6,36035961211c0620
6c5385cd-d362-4810-b4e8-58ab768c706c___RS_Early.B 8323.JPG,Potato___Early_blight,Early Blight,0,train,c1ac13d438d29af64e085789bc8f551f,c3832d3973334e7d
6cd05602-f131-47a3-a7ef-f328a13e4f1e___RS_Early.B 7079.JPG,Potato___Early_blight,Early Blight,0,train,0c12aaca48ae19509cd04d2ec2ea7f6f,43052c1830314348
6cd8e267-d5ae-4baa-a872-4c0fc5a37d67___RS_Early.B 8184.JPG,Potato___Early_blight,Early Blight,0,val,a1e0a9425b492d91747a0bf7e0efe316,cb3b79d3ad61239e
6cec2d2b-7b6a-4044-9899-92d4f9332cd6___RS_Early.B 9131.JPG,Potato___Early_blight,Early Blight,0,train,563f3e8751b45bc4e96bff86a69044d8,7fcecbb5513993db
6d1cebfa-ad84-484e-9f30-f8fffb289072___RS_Early.B 7703.JPG,Potato___Early_blight,Early Blight,0,train,d96b10e8fd3504a2af712d30042ce858,8e2371602219c3e6
6dfdd5be-0999-4a5c-a35d-c760043fec23___RS_Early.B 8701.JPG,Potato___Early_blight,Early Blight,0,train,957a9651a10fa6fcb5c15add50f2a9b4,3c684a4c4e7c292e
6edb7358-f41f-4fd2-8371-12700bdbc94c___RS_Early.B 6801.JPG,Potato___Early_blight,Early Blight,0,train,3bb33fa634b84172706112b77e0b1ab4,9c0643617c789cc3
6eebb348-cafa-4863-937c-3b249f71df0a___RS_Early.B 9230.JPG,Potato___Early_blight,Early Blight,0,train,ea7ccb6a5738a94d718d60a40363d5d1,992c2e4d47562632
6f37a2b1-e63c-4d82-aec2-9ff036473867___RS_Early.B 7585.JPG,Potato___Early_blight,Early Blight,0,train,b5c11d7702fd07c38bfce88f6bb084ad,1e7361653d33cd61
6f75cbf6-25c5-4b56-911d-c8a6ffa242d4___RS_Early.B 7914.JPG,Potato___Early_blight,Early Blight,0,train,ff4e5542ec48fcfd58d7416961c75c70,1239646230840200
6f8dfa1b-8c6f-4be6-93ff-e9180dde7357___RS_Early.B 6914.JPG,Potato___Early_blight,Early Blight,0,train,ee178634b2ffed7cf33d02d9f77f6cbb,3f6cd68ac9db3314
6fc04d72-747b-4a96-912a-db0bd967ece0___RS_Early.B 8002.JPG,Potato___Early_blight,Early Blight,0,train,f92c1411ab0db38e1834903f4937e34b,963b69cd5d5b1fce
6fcaba16-dfce-431a-b268-e0826a101553___RS_Early.B 6695.JPG,Potato___Early_blight,Early Blight,0,train,26e044b5c90172a6f70b173853376dfa,315cd6dad41c190c
6fdee580-fa84-4ea7-b54a-048919765284___RS_Early.B 8187.JPG,Potato___Early_blight,Early Blight,0,train,40f71f6ceb181ba0502c70f78c6a73a3,14d3c94426328241
70a2aa43-f50f-448b-bd98-9315f27cf456___RS_Early.B 7927.JPG,Potato___Early_blight,Early Blight,0,train,bbd35edf9aa72467648e2879dff2e4b6,ce0e3b39399396cd
70b89c8b-2850-4ec8-8da1-a4b9de5351c7___RS_Early.B 6889.JPG,Potato___Early_blight,Early Blight,0,test,c97607d314edc21d436911f73c47a1b8,9f3b79d9a9b3a6ad
70da76f2-b067-40f0-82d2-16b2dec3e189___RS_Early.B 8358.JPG,Potato___Early_blight,Early Blight,0,train,a08b36e25ed250b523ef289006ec196f,4eebf3bb6171770d
719dcce1-73f0-42c8-9941-44eb2b237544___RS_Early.B 8059.JPG,Potato___Early_blight,Early Blight,0,train,79873b6ba2a373adbf0df89e680827b8,6ce7f3f1692c95c7
71ab124e-93ba-4d4e-ae53-68ac12fcb858___RS_Early.B 8129.JPG,Potato___Early_blight,Early Blight,0,test,39423945896ee42fc8f34c5341a96955,458536721899d674
72013507-bfce-4b7a-b56e-f66a94cb4558___RS_Early.B 7930.JPG,Potato___Early_blight,Early Blight,0,val,35d57f7535a0c0186d9411281a9dd2c0,2673496422359943
7227b3db-c212-4370-8b42-443eea1577aa___RS_Early.B 7306.JPG,Potato___Early_blight,Early Blight,0,train,f9fdecf6daaebecc712e056bde126b79,85362c7963cefcc0
722bc78a-a1e0-481b-b5a3-cb3357f2f350___RS_Early.B 6803.JPG,Potato___Early_blight,Early Blight,0,train,7586198079d91afd03ff2eac14f9a905,739c8f83c15d2dcb
7248171d-98a5-4bf0-9a8d-5c5a8820eba9___RS_Early.B 6680.JPG,Potato___Early_blight,Early Blight,0,train,468560b3b6db6a2323b5bd681dd77eb3,9b387adca9d38438
72c4221d-f82b-48fc-a91e-8aa46f5cb0cc___RS_Early.B 8399.JPG,Potato___Early_blight,Early Blight,0,train,3ac9da25604a211a0db48975ab786b12,2e43414224120800
72f7fa2c-974f-42af-99c3-fd4739d64050___RS_Early.B 8772.JPG,Potato___Early_blight,Early Blight,0,val,814e40592c410dad4d00d21e8829670a,0643446060348949
72f9e596-8d1e-4ffd-923d-55645d6adca1___RS_Early.B 7704.JPG,Potato___Early_blight,Early Blight,0,train,081708d62b82abdf5a82c9c7d5e3c789,110504082d49467c
73273541-2855-4516-92c3-658703bd2d18___RS_Early.B 6814.JPG,Potato___Early_blight,Early Blight,0,train,b892bcef04f5c34ab2f87cec3090dcd1,6de6d3d9c1613b99
737c2343-228f-4155-b984-13ae0da44745___RS_Early.B 6828.JPG,Potato___Early_blight,Early Blight,0,val,fb0c99f3558968f53c15ab465f92100d,972717038bc76769
73845010-b5b2-4604-8055-388c4222592a___RS_Early.B 6767.JPG,Potato___Early_blight,Early Blight,0,train,43e80b1ce123b4c1d00f5b5886730243,3775c4cba7e362b0
73cf20a6-b2c4-4302-a664-c43dccb78cfb___RS_Early.B 6930.JPG,Potato___Early_blight,Early Blight,0,train,73fc8544a35cf95e015d3eddc6591cef,05644cf1f3632690
73d47ccd-4f15-4d93-90d1-5c35dbedd91e___RS_Early.B 7567.JPG,Potato___Early_blight,Early Blight,0,train,db5de5f71c78d39a3461ea98a7773c7f,9e3565d9997913dc
74316ef6-7cce-4ed9-8fbf-9bf42d14657c___RS_Early.B 7352.JPG,Potato___Early_blight,Early Blight,0,val,c84d84bbe40aee7bb967c3cfa78b1af6,dc1f2958d97b2684
7456db33-766c-4a68-b924-ddf69d579981___RS_Early.B 6723.JPG,Potato___Early_blight,Early Blight,0,train,b824bb14779c28379ef3b49d47212840,06443a3050e3c678
7486e823-64f7-4e43-ab51-26261b077fc2___RS_Early.B 6785.JPG,Potato___Early_blight,Early Blight,0,train,9fbabe89ef622d6b4c01cc3b6a7975c0,4c86cd6426321200
74bedc99-e24e-43de-a17c-003822c8af41___RS_Early.B 8725.JPG,Potato___Early_blight,Early Blight,0,val,55845a2cc491b2312aeb3b8e6ceba3ce,8361e9adada7ef7b
757b3cbf-a694-4e76-939c-5a93d3c932ab___RS_Early.B 8169.JPG,Potato___Early_blight,Early Blight,0,train,6b9d0e77c63a55631188931b8dc5e381,540d645642610d4e
7584a5b8-b701-4255-9dde-a60b6442cc37___RS_Early.B 9154.JPG,Potato___Early_blight,Early Blight,0,train,e76593ed39bdaaf315a46a57f2dcdcec,842c72504411274c
758b39d7-12bc-401f-b280-2c8435a02f43___RS_Early.B 6839.JPG,Potato___Early_blight,Early Blight,0,train,2cd811ce62879804327b31b09168aa88,1a53e1717171278e
769b00f1-f5cf-4dee-a2c6-6e97414450f6___RS_Early.B 9149.JPG,Potato___Early_blight,Early Blight,0,train,2bcad55e7bd61c93e06e26994b277803,9a5bd9b999d96f8f
77725a5a-c0b8-4b7c-bc42-ac99f51428c1___RS_Early.B 7401.JPG,Potato___Early_blight,Early Blight,0,train,98e470de5049b78cb8cf456cbf5ccfb6,3c4fc79359198fe3
7795f733-eeb0-4353-bdb8-b2f4d8d622d4___RS_Early.B 6960.JPG,Potato___Early_blight,Early Blight,0,train,9d2b5d02b3a58989009801ccf5bf5ecc,011c3870d1634638
779e2b0a-0922-41bc-9393-da3750494671___RS_Early.B 8382.JPG,Potato___Early_blight,Early Blight,0,train,62b5a63421abc54dd9f1dc2054f48a90,e38735799199c34e
77b04047-8450-47d1-82f1-48f09f83387c___RS_Early.B 7042.JPG,Potato___Early_blight,Early Blight,0,train,f14792411ff904ded28b095cdf1fd314,1f61e4e5692336d8
77c86eac-945e-4942-8eab-1269373d645a___RS_Early.B 7755.JPG,Potato___Early_blight,Early Blight,0,train,00e0615d0256edac5f183886ac75bad4,83335331b1673f8c
78071f69-3d02-4576-bd46-28732dd528aa___RS_Early.B 9228.JPG,Potato___Early_blight,Early Blight,0,train,c0531ca1ee8aca13d12f20e656699b23,1b597d757f3f97cd
78313ae7-3589-4d23-a5b6-0457e500bd1a___RS_Early.B 6768.JPG,Potato___Early_blight,Early Blight,0,test,0e558bf29fed0600575a779124234854,459a3222444d4a48
7855ccc3-28ac-4269-a8ce-618df8a27573___RS_Early.B 7834.JPG,Potato___Early_blight,Early Blight,0,train,d1f731c5e4b72344a26e2a14a35db95b,0f75e5c4edc9763c
78ca2c95-f7b7-43b8-a91f-9ca12ac814e8___RS_Early.B 7137.JPG,Potato___Early_blight,Early Blight,0,train,2bb9c42c4903295d582755aeaf28b0c0,cf19372b1e6e2838
7a04081f-dd48-4a84-b7c1-611a50ae7886___RS_Early.B 8019.JPG,Potato___Early_blight,Early Blight,0,val,ff3045eefb8eddfafd73f907ec10b042,93257da989034e38
7a3630ed-a43c-4957-a604-1de05e8e7f32___RS_Early.B 6795.JPG,Potato___Early_blight,Early Blight,0,train,8ebf9d19f14fd8423e4b1848353d2604,bf4fdeddcd6636cf
7a7ff9ee-1d6f-4ca8-a393-9c56ca74d7bb___RS_Early.B 8158.JPG,Potato___Early_blight,Early Blight,0,test,da22df4764ced9f6b710a04c46bd1c15,923141c583d67d70
7a84da2c-6c10-483f-9994-69aeedc21a57___RS_Early.B 7534.JPG,Potato___Early_blight,Early Blight,0,train,661a6d93b1173bd3f65067973b85558c,c79f1a74f1b32c7e
7a8f295d-dc08-4a25-ba7a-28995729b6b6___RS_Early.B 8243.JPG,Potato___Early_blight,Early Blight,0,train,44d045edf1f3a31f114a6ff745f45da0,c79b3f797b336f7b
7ace85c1-a488-4df2-8162-b73c17032099___RS_Early.B 7541.JPG,Potato___Early_blight,Early Blight,0,train,a3fcd221d02ab53994a8bdea16cefc46,7bcee6f3596d9dc6
7b95c3ad-d550-4cc8-96e0-549ec04c7dea___RS_Early.B 7342.JPG,Potato___Early_blight,Early Blight,0,train,78e3719ca3af8a12fe7f6dc62969d497,0f3578496363168c
7ba072ea-9bb3-4b5e-8fff-82758ff3f722___RS_Early.B 8262.JPG,Potato___Early_blight,Early Blight,0,test,2430ac3e330dc294e630f2e15e865341,8b39797dbdcb467d
7c0e4eed-d8e2-410f-a7bf-9f5a1c4a566d___RS_Early.B 8042.JPG,Potato___Early_blight,Early Blight,0,test,c801d7d516ed2c0b8d167b143267c9ba,418422514b93165c
7c9b2deb-6f9f-4671-bdcd-56481d8f0a35___RS_Early.B 8608.JPG,Potato___Early_blight,Early Blight,0,train,c9c7112af2a1a6df78c6385b589ae892,3b79ecb4fdd36e7b
7cc0cb45-7fae-4d55-8dce-aa5e4484b7d9___RS_Early.B 7088.JPG,Potato___Early_blight,Early Blight,0,train,faafd55c0ca18ce54c241629f71d9bfc,236150183a1a4808
7d056cd3-76d1-49f5-8491-a25e4fc4f852___RS_Early.B 8414.JPG,Potato___Early_blight,Early Blight,0,test,fc2f48e829d7ddf325274926c1be9cc3,831930517b261c58
7d90df0a-da17-4641-9006-75aa7de6ed5e___RS_Early.B 8702.JPG,Potato___Early_blight,Early Blight,0,train,7680ec0ba71938316abfc978efe3b4d7,1351d44676368c24
7d92aa59-82fc-4c93-9d0e-728c0a944055___RS_Early.B 6965.JPG,Potato___Early_blight,Early Blight,0,train,87dbafbffb4a8b9df3237c4dd44f5522,8d34685167c63cf0
7dc2fac8-c581-4b69-9f54-dbe7d838956c___RS_Early.B 6677.JPG,Potato___Early_blight,Early Blight,0,train,8114d96ad238eedd372fbd1c2f90c1c3,a73868626263e6cc
7ea05f87-83d3-405e-84ee-f637426f4bab___RS_Early.B 6715.JPG,Potato___Early_blight,Early Blight,0,train,9d35710a4c379368376f7e70c3ab7efa,1c3e7154ec6cd91b
7f0c3ad4-67f7-4a6e-81da-5cdbe1c5ff8b___RS_Early.B 8453.JPG,Potato___Early_blight,Early Blight,0,train,8dc263ddcc0813d835cbd6f8437d3234,8e33317177630ec8
7fb3dc5c-f90b-46fe-8eb6-2d21038976ff___RS_Early.B 7256.JPG,Potato___Early_blight,Early Blight,0,val,6626a07869b12ce5f0c60750fa0872f9,3643c94c242483c1
8002c1e4-0066-4764-9ed5-52d8334cd5c6___RS_Early.B 7855.JPG,Potato___Early_blight,Early Blight,0,train,47bc780fd756750d0302d19b544a518d,43996c4ed654379a
8081f3a1-d992-43bf-afa4-402ed06a83b1___RS_Early.B 6860.JPG,Potato___Early_blight,Early Blight,0,train,d44dfc796dd3dea7320ace9dd6a329a1,0396302268716364
811eba3a-112e-43dd-8b22-57f3cde4c504___RS_Early.B 7983.JPG,Potato___Early_blight,Early Blight,0,train,ad9b8103cfd57fcb7f826618df54bd4e,4c47a199d9cd6d99
81bc4d94-be1f-4127-8203-da3ae29aa3d5___RS_Early.B 7305.JPG,Potato___Early_blight,Early Blight,0,train,051b31e1de976bc94d0bb70d64c7323b,57b39bb369693aca
82048f32-5a2c-491c-8771-109a1024fd5a___RS_Early.B 8199.JPG,Potato___Early_blight,Early Blight,0,val,2cdb87d58856aa05dd9910dd3b444833,4ccfc5a5b1d91b8b
82611670-959a-401b-8ed0-4b4fdad5679e___RS_Early.B 8003.JPG,Potato___Early_blight,Early Blight,0,train,0a3bd613971a97192dd1bac50bf6a738,5eebb15b492533c5
82654962-5b0d-44ed-9ca4-84be55ba23a6___RS_Early.B 6877.JPG,Potato___Early_blight,Early Blight,0,val,3fcf77789526ca9ec4670542ba460d3a,23c1c5c1c3c66d7f
82927769-4d4a-4f19-a806-a02f435ad17d___RS_Early.B 7886.JPG,Potato___Early_blight,Early Blight,0,train,b66e86a42caa31b754b6303afd262658,93917072e66427bc
82a783e4-ba41-42af-96a8-ebc67abe905d___RS_Early.B 7439.JPG,Potato___Early_blight,Early Blight,0,train,9e76f1830bdc00a518ef73e358cbbaa2,97256dc3c7c76e6c
82cdc0bb-ac22-429d-ad70-2ec0d771dd39___RS_Early.B 7405.JPG,Potato___Early_blight,Early Blight,0,train,c801ac308e39b1439ad7aee34b081564,cf9d39c981e38ef8
833c373e-d3fc-4d1e-86e7-8bd11d41a33e___RS_Early.B 7509.JPG,Potato___Early_blight,Early Blight,0,train,51aa1ce94e6ea4480d051e96f278788c,3e63d5b4ce9d3326
835e6cde-b1e2-48e6-b616-e0a4ca05b127___RS_Early.B 7143.JPG,Potato___Early_blight,Early Blight,0,train,a0253a9efba6220a5c0c98dcc09921e0,67e39391e5c72f9d
838c8a0a-d112-4940-9a5d-221b4e9cc4c8___RS_Early.B 6967.JPG,Potato___Early_blight,Early Blight,0,train,64dbbd391d31438d2f8626ad69505a13,489a2e58d4353392
839a8aeb-9bcc-4fd9-b196-639d6f681426___RS_Early.B 7068.JPG,Potato___Early_blight,Early Blight,0,train,db23e902cfc324d91ae94a1d0f1afdbf,9e5bd3a5a1534e9d
83b7d891-0fe8-47b8-b6e1-693493a2988a___RS_Early.B 8707.JPG,Potato___Early_blight,Early Blight,0,train,9ca2935ca721926cb8117bba2a5a9188,efe3f1b4d96d2b8b
83e334ee-bd8c-4aa5-bb8e-bc64d99bd5e2___RS_Early.B 7329.JPG,Potato___Early_blight,Early Blight,0,train,fd55c378e947a2123d983167821875d1,584ec3653298c9a1
83f244c6-e33e-4fbb-a9ef-3996cd25a547___RS_Early.B 8700.JPG,Potato___Early_blight,Early Blight,0,train,1802431c67da592f788d837614c1a315,0739306a4adc7366
8435fd63-0136-44f9-8dd4-6ca27bcddd97___RS_Early.B 7017.JPG,Potato___Early_blight,Early Blight,0,val,ac7a9834874809505f98618a4deb856b,0b99347adc31331c
84546db4-ea7c-4357-bf3d-6afcae9a05bf___RS_Early.B 7637.JPG,Potato___Early_blight,Early Blight,0,train,57cbf922c671026f3ef0f28ff1c1cb03,026b41d06c271e98
848336c4-eaad-47e7-8458-5e80d5520d05___RS_Early.B 7729.JPG,Potato___Early_blight,Early Blight,0,train,71a8cde553de5bac448566de3edbb283,e49d3949d99b267c
8493b49f-1b73-4d5c-b6f9-ae9a41091643___RS_Early.B 6720.JPG,Potato___Early_blight,Early Blight,0,val,c9d5a78a8089e4c53f2e28f66c8781f1,2666cce9d9c9dafe
849daa7e-b5ea-4445-93f9-b21d43c1bd44___RS_Early.B 7193.JPG,Potato___Early_blight,Early Blight,0,train,dedf12bb80d476c05f644203a0334604,9b334dd4d9db5b5c
84a61cf3-fdc2-42bd-82d8-8dcf20e9d374___RS_Early.B 8130.JPG,Potato___Early_blight,Early Blight,0,train,e0b83606da0b8267289eccf4bbe1ae55,04344c7cd4c46536
853f6d7a-836c-4829-ba2c-2eeada2089cc___RS_Early.B 7208.JPG,Potato___Early_blight,Early Blight,0,train,9f036c32b2e23f91a3cfa2b83b0f2424,993dccdd97a79eba
85531704-18a5-4f98-8c1d-25709ecf77f8___RS_Early.B 8214.JPG,Potato___Early_blight,Early Blight,0,train,6696cb51455aff9f0471e4249223b1e4,c39b3c626109464c
85626b40-beca-4bc0-90ed-fc6090c6b18e___RS_Early.B 8598.JPG,Potato___Early_blight,Early Blight,0,val,c24b8fe10e28f097d6d2a97d08384a1b,678d99393173463c
85a38441-6df7-4401-9905-fba74ebfa717___RS_Early.B 8230.JPG,Potato___Early_blight,Early Blight,0,train,04ef6ec4038337da3a046621bea2fa71,1673692567398163
85a9856f-d5ae-4740-a038-517489a25ff5___RS_Early.B 8635.JPG,Potato___Early_blight,Early Blight,0,train,f2886119cf6792d510f96975db8c100e,9f3ff3b99d5d99e1
8636092c-9357-4b4c-9d2d-c45c3dcf9253___RS_Early.B 7981.JPG,Potato___Early_blight,Early Blight,0,train,5b0249258984568272f98d24cb3d8441,c31979d1e1673e79
86562214-f8b9-4105-9513-4847520aff9a___RS_Early.B 7515.JPG,Potato___Early_blight,Early Blight,0,train,e62a3fb6117fccc61c53502b6c8d8537,1c7bd9f45c3d9fd6
86a65e8c-c7cf-45f7-8619-422eb6f1a40d___RS_Early.B 7745.JPG,Potato___Early_blight,Early Blight,0,train,e6dea8625592cf6a7b202275c916c9d4,4998285890496e3c
86e98583-f506-4cb7-ba11-eea466662ec7___RS_Early.B 7335.JPG,Potato___Early_blight,Early Blight,0,test,7111b91c4ca90787d96b638d2bd947f0,0b3171554b6f2e98
8784362f-5fc6-4ad9-b11d-d06b272cefb5___RS_Early.B 6907.JPG,Potato___Early_blight,Early Blight,0,val,69747af7f1d0e28ecc94d3b6c877a388,4308385ad274498a
879d0dfe-d17d-486a-992c-d80089133c50___RS_Early.B 7428.JPG,Potato___Early_blight,Early Blight,0,train,f9166e2e0230368e4f7f384ff945974f,46f36369389ecc21
87c0254c-c987-4c54-adda-45c5e7346170___RS_Early.B 8848.JPG,Potato___Early_blight,Early Blight,0,train,c26a7828593602a183026095f253bd96,9e37e5a58d97f396
887347a3-ee1c-4141-a423-ffe050dd246e___RS_Early.B 7851.JPG,Potato___Early_blight,Early Blight,0,train,d8f326815d5922eb0a0534cc99522727,9c977371783d3967
88c63d75-4423-4233-9097-728af8a52033___RS_Early.B 6862.JPG,Potato___Early_blight,Early Blight,0,train,c358daa8b2433e81e90e53b388dd894f,cf9b3964c983e65d
88e29276-8c4f-4d15-b3d4-d1db0a05cac1___RS_Early.B 6973.JPG,Potato___Early_blight,Early Blight,0,test,847e5289e02317577d3a117b44a554d1,24265351312d1b8e
89273b26-09d5-4bf7-a6a5-22c47a613b93___RS_Early.B 7383.JPG,Potato___Early_blight,Early Blight,0,train,face81173ae90e7dba006e928e98b762,833b7cbcb1e74c79
8994b76b-6e1e-42d3-b07c-99abca3fa35b___RS_Early.B 7762.JPG,Potato___Early_blight,Early Blight,0,val,33bbddb5ea4f54774656374e00efe890,97395c92b5d36f8e
89b2e456-737b-4020-b788-c3f6a4927e69___RS_Early.B 7371.JPG,Potato___Early_blight,Early Blight,0,train,201e1a17a04eb31646f944d67d6d5cae,0c61413935b1623c
89d4dba2-3d9c-46fe-bac3-6be833b01351___RS_Early.B 6749.JPG,Potato___Early_blight,Early Blight,0,val,01348f00eb9b775c740a26925ffa2d56,87c9d1d1d9dbdbbf
8a9f0340-d5d1-479b-9dc5-d8df11685951___RS_Early.B 7024.JPG,Potato___Early_blight,Early Blight,0,train,c645604df6a577451e772232720bd386,214c9a2644596324
8ace7694-6cdd-495e-a987-f9c0ee82bcab___RS_Early.B 9016.JPG,Potato___Early_blight,Early Blight,0,train,460d8f439b73fbb53a3138b689afd71a,4cc6c94934141602
8b20db6d-9c57-46d7-b40d-c6a809b49e07___RS_Early.B 9127.JPG,Potato___Early_blight,Early Blight,0,train,6621ed01533b16493d2ae38e17903389,0d5c505e3c1c1819
8b5e48c6-7fac-4c87-bae4-6dd4ca5d110d___RS_Early.B 8905.JPG,Potato___Early_blight,Early Blight,0,train,ee78bb6dd6e6539209244a3c28f327bc,1f6dc189bd721c8d
8bcbd0ab-e530-4b6c-83a2-e0c649abbdaf___RS_Early.B 6676.JPG,Potato___Early_blight,Early Blight,0,val,6338662eaf01e928be8afe0ae237ee15,3761c18589873e79
8be5bc25-febc-4bde-bd2b-01a54d3c6e3c___RS_Early.B 8760.JPG,Potato___Early_blight,Early Blight,0,train,089b9deed8ed27ceef4dc495c0ccaa83,9b95f67b793995cd
8c01f338-2648-4bcf-99cb-853978b39014___RS_Early.B 6742.JPG,Potato___Early_blight,Early Blight,0,train,9578008a748122d09380702fd5e9673f,e617e183a387c7db
8c1f94fb-d8e0-4607-a967-b71408dfd1ab___RS_Early.B 8723.JPG,Potato___Early_blight,Early Blight,0,val,1748e442930ab47efa255d3221289a06,c78d1d3c3979071e
8c3d0f9e-3a77-4ec2-a9ad-d996caa2c562___RS_Early.B 6887.JPG,Potato___Early_blight,Early Blight,0,train,8a5dc08aa55be921d4419f7c5ca12f6b,2160c0923a320102
8ce2ee77-109f-4a08-bee9-2877c2201056___RS_Early.B 6834.JPG,Potato___Early_blight,Early Blight,0,train,0a6be4406a4ee7a234195c1a8498c7b2,802d39b238140501
8d015dcf-e4da-41b7-9d81-8d160000accf___RS_Early.B 7264.JPG,Potato___Early_blight,Early Blight,0,train,a35419e80272a4b69d055d300f5f60f2,18266369c4db581c
8d8382dc-c4aa-4118-8aae-d0c372dce562___RS_Early.B 7336.JPG,Potato___Early_blight,Early Blight,0,train,4d3f997206691430d3724f5f926d6fc6,06534170741d8721
8da2d8a3-159e-48eb-9ae6-fd82bdb22d5d___RS_Early.B 6923.JPG,Potato___Early_blight,Early Blight,0,train,64f30ea7896ed755bf09b89ff25a11fa,6964634969330ecc
8df7a062-73d6-468e-8354-baa641dd69b3___RS_Early.B 7072.JPG,Potato___Early_blight,Early Blight,0,train,b65816d276d9801e849ce84295ee1974,29345e9e9a180547
8e05b766-d0a9-4621-9bb4-d16bef411dda___RS_Early.B 7238.JPG,Potato___Early_blight,Early Blight,0,train,054b3d96ad2f88ac442c9e63ccc223ae,aca67bc565319ec7
8e384f1d-1a56-4fcc-8e06-a65ee86270a8___RS_Early.B 7278.JPG,Potato___Early_blight,Early Blight,0,train,61fb3e22a861d80aa8bea09225f55996,1e2343617113178c
8e8ec280-1469-4286-ac93-0d88f393d21c___RS_Early.B 7891.JPG,Potato___Early_blight,Early Blight,0,train,bde8b755d5045545cc2c300d8e07847d,8e3351c4cc4d2f86
8e99bd85-9c90-4d29-ba2c-2110f46cef07___RS_Early.B 8570.JPG,Potato___Early_blight,Early Blight,0,train,5f90bb7970570d09e3381795ab61e974,c39135614363663c
8ee79bf1-78d0-4c93-b42c-301d54e64f41___RS_Early.B 8388.JPG,Potato___Early_blight,Early Blight,0,val,c9f7f620cd1ad46e4d604d1c591715fc,581e03714e2711c1
8f0e2872-e5c6-43b2-97f9-269da00cd400___RS_Early.B 8089.JPG,Potato___Early_blight,Early Blight,0,val,b5ecc3accc7a0b835a149ce9e5209d29,9b2f5c7c7573db3d
8f0e6484-7d27-4ee1-849a-316c6195b139___RS_Early.B 6840.JPG,Potato___Early_blight,Early Blight,0,train,0e84d7c774679fb7add2a46f2e7e883f,49983a3071630608
8f3f9eed-1a3d-4f0f-adcc-0fe3a832d95f___RS_Early.B 8518.JPG,Potato___Early_blight,Early Blight,0,val,30b4901ceafd322ac5f198739b4dd7b7,010161434f3f3e50
8f6d9148-ae73-42cc-be78-baca869d1543___RS_Early.B 6805.JPG,Potato___Early_blight,Early Blight,0,train,b551ce0979d7c748a311f599833f4f87,0f69c5694d291fce
8f78af6a-aec1-4e63-a27b-bada4a56d636___RS_Early.B 7643.JPG,Potato___Early_blight,Early Blight,0,val,64f7b15980e6e35952fb3bf80e530113,993673bb393b269c
8f9aef15-0a7e-4b1f-883f-30b8cbc72fe4___RS_Early.B 7898.JPG,Potato___Early_blight,Early Blight,0,test,7355be38c979536ec177427a7c5eebc8,97377f5d9b367df8
8fcea4b7-97df-428e-a0ac-635108307e88___RS_Early.B 9229.JPG,Potato___Early_blight,Early Blight,0,train,8566877e648891ed18c84d0a9c97ab21,c78e3e78690b6c40
8ff3274d-02b2-4859-9415-982aa4ec7d8c___RS_Early.B 7465.JPG,Potato___Early_blight,Early Blight,0,train,19324b4c38124c875edf3a19ef16d94a,9926d31dcc89639c
900514b4-8768-4370-bc53-998e390644db___RS_Early.B 7788.JPG,Potato___Early_blight,Early Blight,0,test,4e55e02231a45f8140fb3267e4a60358,030106626a722f3e
902d81fd-7e78-44b6-b71b-efa61e018c65___RS_Early.B 8100.JPG,Potato___Early_blight,Early Blight,0,train,283de3e87c1e829305a41aae14b41546,1daec7abd1751dcf
904770c5-2c05-43a1-a4d7-bccb5eafe1b7___RS_Early.B 7129.JPG,Potato___Early_blight,Early Blight,0,test,10ea0db85fe599d8d23dba22b4ac882a,8bb1311b1b4e6c38
904dba96-8ff1-45e2-af16-9c9cc5865c32___RS_Early.B 7349.JPG,Potato___Early_blight,Early Blight,0,val,e042e6fb1beb0505a56d45990419a960,089c2761e5e96324
906218cf-65e8-4713-841f-01707a9dd20c___RS_Early.B 7270.JPG,Potato___Early_blight,Early Blight,0,train,074a66ce1d524513283e5744e7c3bc35,639d396969634e48
906bb6f0-e61b-42f2-83a9-22593dadcedc___RS_Early.B 8564.JPG,Potato___Early_blight,Early Blight,0,train,96cfad9fd2332f540f05bb00f86df59f,7c06c36531020200
907f26c5-5996-41b3-877b-7de6122699a9___RS_Early.B 7758.JPG,Potato___Early_blight,Early Blight,0,train,c1e8741e4d989b8bde2826df216893b5,1c66535320309141
90d47c2a-c84e-498c-b30d-f368e75611a7___RS_Early.B 7778.JPG,Potato___Early_blight,Early Blight,0,train,a9e1438eb62182909a0019472670def6,3e03c3e260790b86
90efe2c3-3e9b-4c76-9ab9-b74b2b2ecf36___RS_Early.B 7582.JPG,Potato___Early_blight,Early Blight,0,train,f87085290425353c01ed2d9c419b0c77,5e5bd9ddce46668e
91008080-0b15-41f0-ab72-5b6a3582239d___RS_Early.B 6954.JPG,Potato___Early_blight,Early Blight,0,test,335f9dae8855d55e7fde8401b2b1911c,0a82226244051650
911b9166-40ba-4dc8-974e-c916e6866142___RS_Early.B 9089.JPG,Potato___Early_blight,Early Blight,0,train,00bb2e077aeac9c52e71284f729baa7d,3b7dc4f969731e38
9125d133-5b86-4363-8fbe-79c813ac8795___RS_Early.B 6748.JPG,Potato___Early_blight,Early Blight,0,train,2af556ff803cc4e2dc0316dffa42c60c,8b093ce65479a3c6
9141a8b4-6144-446d-b71d-925bcd432840___RS_Early.B 8648.JPG,Potato___Early_blight,Early Blight,0,train,72a18aa60f97ddadb6872678efc3b8ef,3b61d06061338f44
91721448-8786-49f6-a66d-d410fe714676___RS_Early.B 7725.JPG,Potato___Early_blight,Early Blight,0,val,62d474dd9567b3f062ed5b40ecff149b,8c034d6630904ca1
91a21acf-c95a-4ffc-90f2-8c64456f4032___RS_Early.B 7139.JPG,Potato___Early_blight,Early Blight,0,train,5fade7c26a9c75b3abbeb34eaaf0ee9e,058d3a3874414306
91d11576-f040-43ab-8e08-e7ef4926707a___RS_Early.B 8054.JPG,Potato___Early_blight,Early Blight,0,train,9d308a52ddb8d11f2d7142f508827ddb,436164423018c123
92757a8e-b68a-45b3-9d70-0281c8ea90ca___RS_Early.B 7199.JPG,Potato___Early_blight,Early Blight,0,test,1abe7701b487f4b6b63711d375426f02,86336565675b279c
92a30efc-6b2f-4e17-8688-e477e5d39bd9___RS_Early.B 7343.JPG,Potato___Early_blight,Early Blight,0,val,b73a70af1bd0d1e16036ceb03ebc5146,186ce653613189c3
93701beb-c734-41ea-a5ef-9e5ca4728dfc___RS_Early.B 6885.JPG,Potato___Early_blight,Early Blight,0,val,e496149ac0e5e21099c4b68a517568c2,2341e0e2c929178c
93992994-fcb0-4d3e-b528-e6fd9fd1b317___RS_Early.B 6686.JPG,Potato___Early_blight,Early Blight,0,train,1c49b113ca992388bc711d241a0e612e,4299246475a1b250
93c3dfcc-de7c-4ae9-9d18-4042f53e3d1f___RS_Early.B 7872.JPG,Potato___Early_blight,Early Blight,0,train,38f2eb32b46fe96dd0156b42fd4e4505,430d1d911131333c
93c6b48d-cde9-4e8b-bbfb-1a9c06234419___RS_Early.B 7000.JPG,Potato___Early_blight,Early Blight,0,test,a705c36cb9c1bb95abcfcac3a45d3c64,8b31413327270e59
93eaec77-3e91-415a-a029-c054a42c18aa___RS_Early.B 8296.JPG,Potato___Early_blight,Early Blight,0,train,46010e7884b34d2e246a238c02e75766,c71935756d1b4e18
945f4d4b-5e0a-4cc0-8b7c-d82854730b9d___RS_Early.B 7836.JPG,Potato___Early_blight,Early Blight,0,train,1ea22825bcf1717938774446bc505ab0,832a72e5dbb60c78
94eb2aa6-7f9e-4a5a-b519-2106984e9a7d___RS_Early.B 8770.JPG,Potato___Early_blight,Early Blight,0,train,61f1d1a13d61bdeb0675d2beb8b8ffed,0e63615464319b43
9541d815-f209-4f13-892e-ca4e97ae5d8e___RS_Early.B 8981.JPG,Potato___Early_blight,Early Blight,0,test,1865c3e32e412a19caf69f47bbe8a697,a6a3a9a181f53999
95a4df95-bec8-4c93-bb07-48b0118f99be___RS_Early.B 7740.JPG,Potato___Early_blight,Early Blight,0,train,7fca37f3c0d6659a74d84560c20cbc0e,bd9edbadd571388e
95cd8c85-b3b1-4d90-828d-1c93ea98977a___RS_Early.B 9109.JPG,Potato___Early_blight,Early Blight,0,train,3147fd61d8f317a8a9759c8955ba29b2,14346e327031238c
95d42b98-1945-4cb3-ab27-0dbd56def41b___RS_Early.B 8866.JPG,Potato___Early_blight,Early Blight,0,train,62ece91b25d826cd3a5584bedf392903,043629351c0e0200
95fba7f6-23a4-4c3c-a2b9-335c5b4c3810___RS_Early.B 7743.JPG,Potato___Early_blight,Early Blight,0,train,6ad40821343126ecb3060e0a5c338f8d,933961ecad6b369c
96ab8c2b-9067-4af7-821c-b14a3c7e618f___RS_Early.B 8816.JPG,Potato___Early_blight,Early Blight,0,train,9fff65c90828b85561e68974e0e0bf4e,8f79c991b3e7df9b
97c1fe0d-72f6-421d-bb82-542f0766176c___RS_Early.B 7448.JPG,Potato___Early_blight,Early Blight,0,test,873910e8c7a4f6711cdfbfb88d8bd942,963369d9d1533e38
983cf28c-872f-423a-a774-41ed2939f249___RS_Early.B 7660.JPG,Potato___Early_blight,Early Blight,0,train,959bbb4e564fd93310e729561e59174d,961b6dec1d332e9d
9846eead-9fc1-4c35-8b63-1adfbdf0b118___RS_Early.B 8325.JPG,Potato___Early_blight,Early Blight,0,train,a293b0fe99ae25dd3104a6058d06d1c7,993b797b5b5b1e1d
985f3b47-d5ee-45d4-a020-f43ca80fb59e___RS_Early.B 9211.JPG,Potato___Early_blight,Early Blight,0,train,ecc00b2081eef540b88648c8bd3e70b6,e5956f4b908c6e92
98d40b59-5c50-45b6-9b8b-268c40547334___RS_Early.B 8031.JPG,Potato___Early_blight,Early Blight,0,val,627c32a1448680e089777a52095bf7be,4ed3d9c64c398bc3
98de061b-990e-4395-a50a-975c0fab5a4a___RS_Early.B 7394.JPG,Potato___Early_blight,Early Blight,0,train,7a8f8619c94f98a4999c94b57419701a,9a5e63f3653593e5
98efaa2d-7587-48e8-8c19-4f7483e395cb___RS_Early.B 6982.JPG,Potato___Early_blight,Early Blight,0,train,c3229b1197078c53d67a35f7ad7594b8,8f19715173664c7a
992a06a6-1aeb-4876-b33e-4267aa1a0c43___RS_Early.B 7618.JPG,Potato___Early_blight,Early Blight,0,train,d8ec7281e138bad487f794bba275bd10,1d46e3b3d16d2ded
993bc916-4517-45cf-a5bd-90ee95dd35fd___RS_Early.B 8452.JPG,Potato___Early_blight,Early Blight,0,train,df9779f09161b3ffec5a96f6ee9e3994,3f5d676b77379fcb
996c0f04-a33a-4620-8971-469e009abae7___RS_Early.B 8869.JPG,Potato___Early_blight,Early Blight,0,train,42d2f771b740311d362f7f9bd376cf2e,ffdfd6b393d16dab
99821810-926a-4ac4-9bc7-cbae991f7e68___RS_Early.B 7626.JPG,Potato___Early_blight,Early Blight,0,val,a640f8286fb13dcb54b8c34a5c2ffb07,479d29451db3e67d
99d75573-472e-4f57-ab82-b49b78853d03___RS_Early.B 7847.JPG,Potato___Early_blight,Early Blight,0,test,f4c2b4ebec4e17cba29c38e489ca7ef9,3437594e26340b07
99fedd87-d173-4b2f-8bb1-26465641af4d___RS_Early.B 7372.JPG,Potato___Early_blight,Early Blight,0,train,47e8ff949b3582a3906177183e578047,860bc8da1814058e
9a157bfb-073a-46b2-95c6-16792e30e03f___RS_Early.B 7409.JPG,Potato___Early_blight,Early Blight,0,train,8bfd0a1da5763164ffe08d9a24d845c5,1c4e6367652b1bc6
9b5f25b9-9f30-478a-9710-fc79dafaf62e___RS_Early.B 6739.JPG,Potato___Early_blight,Early Blight,0,train,f109af48887ef55e9eaee4c084b1f009,66c3d9889d230ecd
9badd590-45ed-4636-9590-b12342ea8a84___RS_Early.B 6944.JPG,Potato___Early_blight,Early Blight,0,train,df5ade6d565f4435735b848cb2301355,831d795d1d4b667c
9bc2ecbb-4a3c-43be-80ce-c6ac77e4b498___RS_Early.B 7145.JPG,Potato___Early_blight,Early Blight,0,train,e3d1a61fc40eba38183c6b59ba029aaa,069329330f49278e
9bef32f0-dc02-4223-a378-6a41c6bfc7a9___RS_Early.B 8444.JPG,Potato___Early_blight,Early Blight,0,val,530a5668289c7ae3a6f1959a9de2ec30,9f396841695b2726
9c77f930-5d28-4b1f-8274-30c2c2dc82fb___RS_Early.B 8347.JPG,Potato___Early_blight,Early Blight,0,val,6063f3730e578fa08bd7f7f15b19a5e2,4e6361711149398b
9ca7d203-7b7c-4f5c-911f-fc225f3c5b77___RS_Early.B 7557.JPG,Potato___Early_blight,Early Blight,0,train,f4a81c9366c2e33ddae9b18c59b1713d,9e37b3f1d9676e2d
9cb0c796-fde2-406b-87fe-3926b722f8f7___RS_Early.B 8300.JPG,Potato___Early_blight,Early Blight,0,train,395bc5780c9c01d7115745043b9dcae5,c307357d73a75d79
9cba8b9a-68a7-483a-bc77-6bacbbe7fc46___RS_Early.B 7588.JPG,Potato___Early_blight,Early Blight,0,train,3f5942ea8141a4e5cf628a514976e4f6,c32376d4ade39efd
9cd81447-0701-4969-86aa-5f20269923c5___RS_Early.B 8790.JPG,Potato___Early_blight,Early Blight,0,val,f21323ad5a091f0a5611d08c81b04d0e,cb9d3453694edef8
9ce9c6dc-b20c-47f8-91e0-31886945c4bb___RS_Early.B 8094.JPG,Potato___Early_blight,Early Blight,0,test,f2b1bec84f535918e71022d2d8358ba0,0663212826924a21
9d0c69df-f5dc-4118-a654-ab40d100b9b6___RS_Early.B 8870.JPG,Potato___Early_blight,Early Blight,0,test,708bb1960d34f232ae1b3bc6f61de5be,7fbbdf476b3399c9
9d2f37ae-aa02-4b04-b0cb-9fe125cfdbe2___RS_Early.B 7691.JPG,Potato___Early_blight,Early Blight,0,train,b24294316ae2643d576cbf844c7cf334,ce1b49cd5567b7ce
9db872fc-f367-4dfa-b1f7-23490bb4552b___RS_Early.B 8842.JPG,Potato___Early_blight,Early Blight,0,train,5605c1bb1483f7f95667ce2a123fb3eb,03096466f2513386
9e092cd4-dcd4-4f9b-a901-48ac13a6deb0___RS_Early.B 8343.JPG,Potato___Early_blight,Early Blight,0,train,14d6f0d10875b90eb5c6931ff20c3df1,8e73793620319941
9e506566-6697-4444-a2f3-a3931d34bbf3___RS_Early.B 6899.JPG,Potato___Early_blight,Early Blight,0,train,ca7b1fe97519d2c3073a0b65beda685e,63696272757316cc
9eb646d2-e908-43d1-8dd5-0d6b8dcb21eb___RS_Early.B 7569.JPG,Potato___Early_blight,Early Blight,0,train,f15272e66350b2f60eeddcbae3b8651a,2bc8c2e2465c9b4e
9ebf9d7d-0cfe-44f5-9126-89c70d38321a___RS_Early.B 8986.JPG,Potato___Early_blight,Early Blight,0,val,2b2941967a3896a478167f62f468113e,4452591c14140000
9fa151cd-43d7-42e1-9235-72f58c584a4b___RS_Early.B 8581.JPG,Potato___Early_blight,Early Blight,0,train,3e8da72f19598788410195f4c6f5c98a,23416466328e4410
a01521f0-27be-4688-9d28-07d09ef80920___RS_Early.B 7119.JPG,Potato___Early_blight,Early Blight,0,train,eac5bf5a287df53952941cf9f6f09277,cfbd6959f3c7dfff
a02f78b3-da52-400a-ab11-7184df9ea485___RS_Early.B 8403.JPG,Potato___Early_blight,Early Blight,0,val,c9d1ddef4344ebffa666b37044df4183,3ef3d3e1e1c17933
a08eec21-8500-4ac5-92a9-d9b14067f01c___RS_Early.B 8985.JPG,Potato___Early_blight,Early Blight,0,train,f60c9a2b7cef8aeebbfc6ab45bad2f72,0c140e0e5c51038c
a0d8a499-e9e4-4c88-829c-7c2270073735___RS_Early.B 8525.JPG,Potato___Early_blight,Early Blight,0,train,2254f91b1376d6031df9a1c257b9ed72,8b1d597573774e38
a10b278a-fcce-4cf4-aada-254e89050be5___RS_Early.B 7524.JPG,Potato___Early_blight,Early Blight,0,test,3e9efe42dcb274f5dbc2b810791641bb,0e7dd5b7d47d1fce
a1dd3cdf-0ff5-49f6-b66e-9b3632a07019___RS_Early.B 7833.JPG,Potato___Early_blight,Early Blight,0,train,63e0cd5449a37dd4e5041260d6d9cd85,8f33d6e49993d6f9
a29559c6-1d80-4486-a3c9-26986d6e28e0___RS_Early.B 6890.JPG,Potato___Early_blight,Early Blight,0,test,bf160abc33f8bb7f476de61d65e56e55,3fe3b1f4e5c97237
a29ed5b2-153c-4f0e-a633-f698c9ff51d2___RS_Early.B 8840.JPG,Potato___Early_blight,Early Blight,0,train,d25bc3778393b7118db138a3c9fbac83,cb3978ecf0793786
a2fe15c2-1900-4fbd-9e69-771b1693cc68___RS_Early.B 7398.JPG,Potato___Early_blight,Early Blight,0,train,4a07bad5d77e18b31b0650d5617f1b2a,9774e59dbdbedc78
a38df468-bb4a-4bb3-9ee9-a2dffae718e9___RS_Early.B 8690.JPG,Potato___Early_blight,Early Blight,0,val,e2c784d92d98114b92be9175c1cf0920,3273d14849692e1c
a3ed964c-36f1-403c-8146-b2a3b79a352d___RS_Early.B 8310.JPG,Potato___Early_blight,Early Blight,0,train,16fa0c7ebdf6dc6f2a0d0ba73b064fc6,833d6d59336e7870
a3fe02f0-6d49-4e9a-ba9a-ac26e8b65ca9___RS_Early.B 7560.JPG,Potato___Early_blight,Early Blight,0,test,a9fbc63efde51ea339a57b3228282d04,363b676133994b63
a4168403-2458-4f28-84f7-949050905878___RS_Early.B 8450.JPG,Potato___Early_blight,Early Blight,0,train,845785c725ae2e8ee53bf806cf7c0e45,c71f1f75efbb6f4f
a41c6816-0755-4e55-b589-42b665a97a02___RS_Early.B 7064.JPG,Potato___Early_blight,Early Blight,0,train,ae8d273e382053b8cd92ee613a179979,0b0a160a16242902
a4ac4e39-1342-4b1d-806a-98789876a701___RS_Early.B 8953.JPG,Potato___Early_blight,Early Blight,0,train,0c9c5dc2a2626b7e99f3aed14ead64af,6fffbfbbadbd5d9f
a4cc86e3-ac4d-4b72-89a2-6cf106831908___RS_Early.B 7346.JPG,Potato___Early_blight,Early Blight,0,train,335865075a36284bbfdda6244478c219,2c26d6d3c373b9c7
a50c5f93-a5db-4eaf-9d82-2e420d2351e7___RS_Early.B 7060.JPG,Potato___Early_blight,Early Blight,0,train,b88557e28b5948ec00155c7d102d546f,3bbe47e3814d7c89
a5b278e7-448e-40ae-80c2-d286f2681d10___RS_Early.B 7900.JPG,Potato___Early_blight,Early Blight,0,train,a1a247d4790628ecbd9835a3f429a030,7d6fd7df954703cb
a5e73fd4-6d3e-4037-b440-f4e5234e4459___RS_Early.B 7645.JPG,Potato___Early_blight,Early Blight,0,train,9b8604f00b2dbc432ca3e6f124e30f1b,1c170d464e2d874e
a60106e3-e037-495f-8b5a-080adcb9bdd9___RS_Early.B 8561.JPG,Potato___Early_blight,Early Blight,0,train,37210be23d71ffac62dfc14d23ba6663,8e2773633333866d
a601dd4d-4e81-4327-9e4e-fd19262a1306___RS_Early.B 8265.JPG,Potato___Early_blight,Early Blight,0,train,7841d490d83ed433a2b94a6e63bbd95f,cb0d152d6d737699
a6995958-6344-4d37-9b99-d3bc3d40ab67___RS_Early.B 7210.JPG,Potato___Early_blight,Early Blight,0,test,be0b0f221076205e3a3941f1c73e1e76,468c246c55471c38
a6dbc59a-ca8a-40e0-a896-3e2270d771bb___RS_Early.B 7195.JPG,Potato___Early_blight,Early Blight,0,train,f149ab979c276138a17a83dda090abd7,4599645411c3667c
a6fef9f4-0006-4faa-95ab-3aadde49b229___RS_Early.B 8783.JPG,Potato___Early_blight,Early Blight,0,train,35678ee7f46924388de5ec815a209e48,1731d1c1460c0746
a801f66c-b8bc-42e5-ad5b-99f68d219fa9___RS_Early.B 8552.JPG,Potato___Early_blight,Early Blight,0,train,801c181db6d7173a037dd81bcc7652f3,932d5d3d3963467c
a85029ca-881b-45a8-bb64-d8c77492a49d___RS_Early.B 8833.JPG,Potato___Early_blight,Early Blight,0,train,6bb106a96725ae9e66cd139f8fc78a90,149653496c3a8c04
a8933319-d98e-4e71-a2ac-e22f7e1bca08___RS_Early.B 7499.JPG,Potato___Early_blight,Early Blight,0,train,4c82b72fc9f7653ca41a38563aa0ce74,1d76b3b38343329a
a89d6e67-d60e-49b5-8b87-e137b6a5181c___RS_Early.B 7472.JPG,Potato___Early_blight,Early Blight,0,train,6ace8432ca0027f4ff2be75802efb560,dfebd9a9c67b2b37
a938ba0c-780a-41e0-b26c-3c6b87047ac6___RS_Early.B 6878.JPG,Potato___Early_blight,Early Blight,0,val,2db571b73cda06a0f381789dc5d4c2e1,7d369bebd97d1fcd
a9659799-4093-4d84-855e-2f4382729c01___RS_Early.B 8784.JPG,Potato___Early_blight,Early Blight,0,train,d3fdfd4e862ef63f21e42580e18d35d8,2466074430140501
aa0ad1ba-f08a-4376-82a1-fec51fbf6810___RS_Early.B 7478.JPG,Potato___Early_blight,Early Blight,0,val,07f047b1abd8a30065af58e2da4b6344,2613195c141e4280
aa342b8f-88f5-4d9d-9740-4b1b4147c590___RS_Early.B 7939.JPG,Potato___Early_blight,Early Blight,0,test,06d683dbf911bd76bafe428021d543a4,0e33594c66309047
aa687aac-2f1a-44d8-89aa-3f7d413b4763___RS_Early.B 8055.JPG,Potato___Early_blight,Early Blight,0,train,24c3787cf74e633c238014788f60e53a,438d343675730e78
aa7e5986-6fa1-4b25-9861-cbae56886280___RS_Early.B 8545.JPG,Potato___Early_blight,Early Blight,0,train,3d9e74065b12dcd324c835b1d2800b24,0a2b6456426a2507
aaa394b2-f7d5-41a5-97eb-acc4068ef72d___RS_Early.B 9155.JPG,Potato___Early_blight,Early Blight,0,val,7285b8eec1f1c71565375564bae4a18d,266b654428040101
ab0878eb-0310-4788-b2d7-14102cdd241e___RS_Early.B 7026.JPG,Potato___Early_blight,Early Blight,0,train,d1ae7a15ebe6661ac38763ade2e9c676,c7b339791d5d398f
ab23a940-3124-4101-b562-08ca34a8334b___RS_Early.B 7790.JPG,Potato___Early_blight,Early Blight,0,train,7f1669051a82b01a80a5facf6c069b64,c181131d71613b7c
ab808dff-e0fc-42d0-ad9a-c4cb7f69e59b___RS_Early.B 9210.JPG,Potato___Early_blight,Early Blight,0,train,541d4b3b3cb225191196ee82d09bf993,37fdbeb8cd693bcf
abb9a8c4-5d0f-443a-b7c9-780036ffe76c___RS_Early.B 7380.JPG,Potato___Early_blight,Early Blight,0,test,50f8bf3ccf86988262864bce8f0230ca,1771e8f4d0291386
abfaeb8b-fe1e-48e6-ab8f-c9a72680420d___RS_Early.B 7427.JPG,Potato___Early_blight,Early Blight,0,train,761bc5ca2d4ec9a896161e1716ba40f7,a504546270717b3c
ac40d7e9-e650-40f1-b894-22f495febefd___RS_Early.B 7276.JPG,Potato___Early_blight,Early Blight,0,train,f032f516dedb65bf30415dae21ce44f5,3ce7c3f7f17b678f
ac6c3aea-ad58-4b46-b0d2-195dba86e0f6___RS_Early.B 7926.JPG,Potato___Early_blight,Early Blight,0,train,9a38a274afb2fb1d527862d6f9ade333,8b376c59b3a63c7b
acb59a95-cbe4-4602-9b8a-9adbf12899af___RS_Early.B 6754.JPG,Potato___Early_blight,Early Blight,0,test,6a9fb4c47b52861095c2c9571d522580,310c5e56723cb510
acb84d77-5b1c-4beb-be27-99fee467bf1f___RS_Early.B 7577.JPG,Potato___Early_blight,Early Blight,0,test,284e72fccea206b6d92ffa1f1a40e6b4,42923264452b6c60
acff9d5e-4b38-4817-a239-93c115a0b3ff___RS_Early.B 8993.JPG,Potato___Early_blight,Early Blight,0,val,bf19259568f4dc3296810e14babc203a,07398c2c61630ed9
ad8c76f3-16b3-4d7f-a9e9-cbec8c398d34___RS_Early.B 6694.JPG,Potato___Early_blight,Early Blight,0,train,57d1d1e5a16a826bcb2bbeca29126150,0338d6de92696170
adc573cd-bbf3-4742-9bd5-1e3e6f27319a___RS_Early.B 8685.JPG,Potato___Early_blight,Early Blight,0,test,d35117c22c643205f3a45991936568c1,77c1858c89d3c66d
ae25f262-234e-4ee1-96ad-3e47ddfbea9d___RS_Early.B 6670.JPG,Potato___Early_blight,Early Blight,0,train,ce3ed9a6818304d7ab2649470942b1e7,66e7ccc9f96326cd
ae38f458-d36e-43ce-95a5-45b775692d8d___RS_Early.B 8644.JPG,Potato___Early_blight,Early Blight,0,train,541da3c9dc4b326db218b410862bd59c,3e73abb9b9713396
ae5a9be8-5bd6-4542-8766-6c7bb8c61ded___RS_Early.B 8182.JPG,Potato___Early_blight,Early Blight,0,train,4fc4d00082fab091d91d99ead0645ad9,ad6673adb5f11786
aed93c24-f226-4dd4-b5fb-b1f2d1202c63___RS_Early.B 8363.JPG,Potato___Early_blight,Early Blight,0,train,cca1bb9b02d6b5c288f9ada89c27a97e,1305cc5c5c1c0d21
af0ee942-50f5-43a7-a9fe-486ba1f5f989___RS_Early.B 7700.JPG,Potato___Early_blight,Early Blight,0,test,a89e0fc0340f9fb0e729672e2988a336,bdd6d3616d3199c7
af3bb3a3-e022-45f3-b209-6b3b53f13a47___RS_Early.B 7333.JPG,Potato___Early_blight,Early Blight,0,train,c62a08e094faf81f821dad5173b3736d,ad6b7bf5ec6913d6
af79e762-c2f7-4e37-926b-ce27dbc52fc4___RS_Early.B 6858.JPG,Potato___Early_blight,Early Blight,0,test,4827d37c6f7b774532501f0e8340ec12,9731647171730e38
b05850b8-bfb9-487d-b0ba-8f406eba933e___RS_Early.B 6936.JPG,Potato___Early_blight,Early Blight,0,train,0da3848b63275341e5e0e793623a1a9b,7f3f96db69298dcd
b09e0cba-0564-4dde-a90d-3c0d90d6336e___RS_Early.B 7776.JPG,Potato___Early_blight,Early Blight,0,train,410aaf109bae02342ac7d8b90047a586,9e0e4e5b3983c6ed
b14e0de2-ab48-45b5-9d4d-e45e7c88b68f___RS_Early.B 8554.JPG,Potato___Early_blight,Early Blight,0,train,8668c51f8dde38dd77b368bd8e583de4,0c6613653319c9e0
b17bf28e-c272-4a24-9f45-7d3a343de49f___RS_Early.B 7620.JPG,Potato___Early_blight,Early Blight,0,train,2bbddb63a636ffe95eefa0a00c3d0936,21881b495341472c
b1b3c9c7-a4b9-4048-be45-fa9c5e507c66___RS_Early.B 7466.JPG,Potato___Early_blight,Early Blight,0,train,64cce7c6512bf16c09740f59ae6b574b,9e3adbb975499a94
b1b55149-b5bc-460e-87af-a745fb01855d___RS_Early.B 7477.JPG,Potato___Early_blight,Early Blight,0,test,7ff34c4b4de17af91c7097cb964ab1ba,831a4c4c49572438
b21bc878-7b63-481e-a6d1-7e972627210e___RS_Early.B 7656.JPG,Potato___Early_blight,Early Blight,0,train,1164df123a0f163a62b3c0aafd5bdb8c,3417432323098801
b29e0fdf-c39f-4b3a-b12f-c693374f15cf___RS_Early.B 8820.JPG,Potato___Early_blight,Early Blight,0,train,d5907ee9c8d732f08bc949398ba62a84,8e276141514b078c
b2b7758e-f201-4d9c-bc27-d53bb09b2dac___RS_Early.B 7025.JPG,Potato___Early_blight,Early Blight,0,val,019d3d1c639d8b07be089f643db2a56c,0c02494426a28421
b2e21749-afe2-4392-8d5d-23088d37873c___RS_Early.B 9028.JPG,Potato___Early_blight,Early Blight,0,val,a15c1a0ecb12d1aee69b774a93f0954b,8e397078e664e9e2
b2e6d502-8a02-4493-ae91-34bad50b6040___RS_Early.B 7537.JPG,Potato___Early_blight,Early Blight,0,train,abceff76dbd1eed25d8dd352551a15b6,2473596d35984c31
b301c9cd-7624-4261-ab4f-962936ebb92a___RS_Early.B 7632.JPG,Potato___Early_blight,Early Blight,0,test,affb87c5d2257975d5273b97a74597a1,c78b34795b63e6fd
b328c22c-c9c6-41fd-9bac-daf2f26143b1___RS_Early.B 6854.JPG,Potato___Early_blight,Early Blight,0,train,afac7c84918fba9e14c2fe80a90539ef,2725641228240401
b35e4c48-e54e-4e42-a399-b236209314f4___RS_Early.B 8231.JPG,Potato___Early_blight,Early Blight,0,train,5f8d48591141b04ddbc7e1fe4ab56f8a,882e66440d0b2664
b39bbf50-eae1-49ca-bd12-e776e3680d8b___RS_Early.B 6775.JPG,Potato___Early_blight,Early Blight,0,train,4405015228a127a560f6850af07603a2,5ca2d3753819ce25
b3d44557-f696-4fc9-b144-dec4f4ba9452___RS_Early.B 9110.JPG,Potato___Early_blight,Early Blight,0,train,bca57beeaabd23c4b56f98c81ce217d7,e3c99a393d73063c
b4021eae-d195-400a-b7b7-9888367f5f2f___RS_Early.B 7881.JPG,Potato___Early_blight,Early Blight,0,train,89f7871a92c1442b3d3d3dd39798eb96,1d369b998d4d6d8f
b472654c-a32f-4c8f-b424-da6e415febf9___RS_Early.B 8930.JPG,Potato___Early_blight,Early Blight,0,train,e660d8260a091c655771e547f7c3090b,c7b3ae96b39dafff
b475147c-92bc-419a-b2c3-7d5aabbb79ec___RS_Early.B 7379.JPG,Potato___Early_blight,Early Blight,0,train,bba883ec4cab2ae98037477e9d64a35f,0c46d35959359cc7
b5127f55-debe-459a-98e5-4629750f9c38___RS_Early.B 7496.JPG,Potato___Early_blight,Early Blight,0,val,a13f10ce9856bdfe1d88a266f6fcd6ad,584e231118844281
b512ab1a-0ea5-47d6-b998-7c9f32ed3329___RS_Early.B 7250.JPG,Potato___Early_blight,Early Blight,0,test,8b77b44650bbb50326e8f545f418550b,4a953c7c486123b2
b549ab3b-06f1-45ef-bf34-86071552d870___RS_Early.B 8576.JPG,Potato___Early_blight,Early Blight,0,val,5966c182f27ac40fefdb1c1bc9edf9e2,3f76d3e9dd75399b
b54a2105-b9a4-4665-9e34-44df46d0be5a___RS_Early.B 8507.JPG,Potato___Early_blight,Early Blight,0,train,5f3d8d051ce3cecbd6cc85be622bd64c,963379cd0d6316c9
b6220993-c51f-48fa-bee9-fb5cb89cc0c4___RS_Early.B 7467.JPG,Potato___Early_blight,Early Blight,0,train,7d0a598253e2ac43310dfd3512961402,5cc6f3d134a3d3f1
b692a411-91aa-4388-b641-a6c02286840c___RS_Early.B 7784.JPG,Potato___Early_blight,Early Blight,0,train,d5504f82615918879d50e02c401f2600,cf912246cddb567d
b6b036b0-6869-48b8-b861-a6a85d1b2b97___RS_Early.B 6850.JPG,Potato___Early_blight,Early Blight,0,train,9fe013945c6274ea52089f7f6dc8397f,67e3b3a3f3c62c8f
b6b4aa28-edc4-4e9f-bc0d-bd4b0ec085a2___RS_Early.B 7559.JPG,Potato___Early_blight,Early Blight,0,test,41d865fa9f26d5bf1308a3e9d7a32e0d,932d79614f0f3e72
b6c68639-ad01-41f9-a10c-4233423ea2b0___RS_Early.B 8573.JPG,Potato___Early_blight,Early Blight,0,train,7b8e15cf01c22e04be4e7d8e64d07f45,6c6643494d1c8404
b7157976-61c2-4366-87c5-e3de23aa7c10___RS_Early.B 7227.JPG,Potato___Early_blight,Early Blight,0,train,e54cea04aea471327d4ef09d4e2f869b,26d3cc5959683898
b76550de-8e3a-46f1-b06f-6bd4ed3dc8a5___RS_Early.B 8456.JPG,Potato___Early_blight,Early Blight,0,train,8a96ecd468496e4ca83f55a74a060951,0f47465272328d41
b7712e86-f508-4485-8a42-5dd447f3b510___RS_Early.B 7103.JPG,Potato___Early_blight,Early Blight,0,val,80ca224e93e6f4cda576efbf8f0231a0,0c47716c2c8c0620
b7883606-5157-4dc1-b965-fc10f8fe1796___RS_Early.B 7598.JPG,Potato___Early_blight,Early Blight,0,train,3f57d2a8bce0d8799752954741e983b3,a74fcd9f99d3463d
b805f812-ef18-47ed-9756-1f5a5dd05b5d___RS_Early.B 7746.JPG,Potato___Early_blight,Early Blight,0,val,2584eb44555dab3ebacaa27b844de219,0b6352d0c6640d8f
b817817e-a6b1-4123-88e7-db98b453ce17___RS_Early.B 6880.JPG,Potato___Early_blight,Early Blight,0,test,89fdb895ac735ce3ab08ad7471429fb3,01121a0e1e796b6a
b83aea19-9485-412f-808d-c0a590d75388___RS_Early.B 6951.JPG,Potato___Early_blight,Early Blight,0,train,99a52f05cb1b068498cb48d526721297,9927315533467c70
b8578828-0e34-4511-9739-9ef0170774b2___RS_Early.B 7416.JPG,Potato___Early_blight,Early Blight,0,test,f1bafba375e4ae71a660a6c0102c95b6,831d73e3839bb438
b8803558-9e0f-404e-80b3-c78d0bc7f6d0___RS_Early.B 7548.JPG,Potato___Early_blight,Early Blight,0,train,136b6ad4e4241429b7cfa0ef534df417,2775b58499c35e77
b8e08567-5193-41a4-b637-140b503830d9___RS_Early.B 9133.JPG,Potato___Early_blight,Early Blight,0,train,c9c09c2c0b8f61fb18a241991447f4d9,8b5858716d270e38
b954c296-ae18-4efb-8a8c-450486faa919___RS_Early.B 6998.JPG,Potato___Early_blight,Early Blight,0,test,87e54f789f0026e07b8cdf7e82fddf34,3edbc5a7a5633fc5
b95c05a8-2d70-4af5-a384-5b5b4450b7c6___RS_Early.B 7724.JPG,Potato___Early_blight,Early Blight,0,train,49a295e6444ea65f18e943fc96c2ca73,9c07c1444251279e
b99ba68b-4608-4335-a292-b4249d83762d___RS_Early.B 9096.JPG,Potato___Early_blight,Early Blight,0,val,f017bd5fb90949e21f03a4108fa5956c,5bcdc6c36535cde5
ba5dfd98-89d6-49d5-b398-beb05cb9d8ad___RS_Early.B 7824.JPG,Potato___Early_blight,Early Blight,0,train,e645c40d068d2c9e2f08feaf09e63b6d,2f73c49c99838ef9
ba96aab6-adb5-4021-b6ad-3305f50aec12___RS_Early.B 7317.JPG,Potato___Early_blight,Early Blight,0,train,cacf9fbb79e7932e514669d305fff12d,9f3569d1dbdedd79
bac19c19-ab8b-466a-a317-56c1f35fb082___RS_Early.B 7141.JPG,Potato___Early_blight,Early Blight,0,val,10fcbe1e9c88c4fbbb37992af158e8e2,cf9db9303d39268c
bb07a1b7-b9ad-4016-a013-9ff0e4636d4a___RS_Early.B 7156.JPG,Potato___Early_blight,Early Blight,0,train,f8c45b0b6ec085f5dfe8b085880d3aa0,f5cddd95b336ac1b
bb38077f-ee91-4c0b-af46-f90b21b9e9db___RS_Early.B 7121.JPG,Potato___Early_blight,Early Blight,0,train,32f9273913b74cd5ab75637bcecd5e94,c5dc393931263c38
bb3d6df0-683e-4f04-afaf-277a36edad6c___RS_Early.B 9070.JPG,Potato___Early_blight,Early Blight,0,train,c56b3308ef23c3d4be911aeb0d629ad2,0a09242c04adc952
bb4e9c01-6166-424d-a379-9ef405fdd555___RS_Early.B 6843.JPG,Potato___Early_blight,Early Blight,0,train,03a51b219902bb492603717c99331f35,bb2764c1839fbfff
bb569e8c-4f57-481f-86d9-291ebd67336e___RS_Early.B 7543.JPG,Potato___Early_blight,Early Blight,0,test,3c13686d11ff520463510f8feb3564e2,1c673379251585f1
bc378ba0-533d-42db-a8b2-82decc73f4d5___RS_Early.B 9092.JPG,Potato___Early_blight,Early Blight,0,train,f109ac48bc35ac74ebbae534590a09c4,014cda7874780396
bc7552e4-3901-41b8-8bef-727eeca4270e___RS_Early.B 7942.JPG,Potato___Early_blight,Early Blight,0,train,2b25e7c46aa531080cfba75839f7e85f,c79d2d59d993eefb
bc8a7fa5-1f77-4829-a1ee-0ccbeef289eb___RS_Early.B 7228.JPG,Potato___Early_blight,Early Blight,0,train,79faff593f218be4cfd8d454bd4a4d68,3467a3da3c1bc1a1
bcc2199e-a6c6-4e0d-a7a7-f7c4b25f2c04___RS_Early.B 7007.JPG,Potato___Early_blight,Early Blight,0,test,7b969be4b619d924a3cad87ee680f41d,843369c451270f48
bcedd1ec-17b4-495b-b47f-5877ef836f88___RS_Early.B 7248.JPG,Potato___Early_blight,Early Blight,0,train,a84b3fbd910bf89865453e2c862c883b,26c91b64e3632e1c
bcf169b0-dea7-49eb-b976-4a2d1f36c574___RS_Early.B 7870.JPG,Potato___Early_blight,Early Blight,0,train,d25634c8a1dc494c5b2fce17968ef02d,3576b3994c6cb39b
bd4c7de8-0616-45d4-a060-54b8329a9462___RS_Early.B 6902.JPG,Potato___Early_blight,Early Blight,0,test,d3a88b40361b385d97a2df8b8c575828,cd99312163269c38
bddc2487-ecc6-447e-902f-3560a62e5e83___RS_Early.B 7307.JPG,Potato___Early_blight,Early Blight,0,train,9530ffbf5bf033d6e0275eda340657fe,0725627551636e9c
be5f03e6-810f-4f22-9e5a-37a66826f7e5___RS_Early.B 6807.JPG,Potato___Early_blight,Early Blight,0,train,1cd87765cc55c90f034bdaf2262ee38c,3e7361c5c4643199
be89d35f-e382-4b1c-95e8-af88d969d306___RS_Early.B 6758.JPG,Potato___Early_blight,Early Blight,0,val,b1195ac26e05e468c6fc04a77adae1e8,1fa793a1d3733b8d
bea108c2-bdf1-484d-807c-fa9431f4dc95___RS_Early.B 7265.JPG,Potato___Early_blight,Early Blight,0,train,d62495741e98f33d9548ddc4d7e6b189,9264883826347162
beb20b26-07f9-4215-8264-dca1283514ac___RS_Early.B 7644.JPG,Potato___Early_blight,Early Blight,0,train,497a88729d3c8a3e45676eeb4eea51d2,2e63714c2c15cde1
bf972aad-9f3f-40c8-9fc7-fdcf57a94c6f___RS_Early.B 7151.JPG,Potato___Early_blight,Early Blight,0,train,795e8fe79f7d4bb61b8bb7f1bd40574b,5fcee7cd4d691d97
c03a3f69-00b7-4aa5-a49f-794416af0598___RS_Early.B 8112.JPG,Potato___Early_blight,Early Blight,0,val,d3aff27770b998af12708174a08596a1,860b69599a6a258f
c09e4b05-b196-4955-abd4-6aed44c40132___RS_Early.B 6823.JPG,Potato___Early_blight,Early Blight,0,train,a57cc67d6520b156a3e929760e38c325,2e7379ddbbb33d89
c0d9fcd4-79cb-43e4-82bc-1e48e9e2a572___RS_Early.B 7279.JPG,Potato___Early_blight,Early Blight,0,val,01ab48f01ed278e381902d52f9d10578,365b6753713d85c1
c10de41b-4c38-41c4-b278-600071051453___RS_Early.B 8093.JPG,Potato___Early_blight,Early Blight,0,train,15a54729bc349d0b1e8ad1d1678c1f0a,81281838595b1b34
c10f959b-1f3d-4581-8299-640e87b1b653___RS_Early.B 7949.JPG,Potato___Early_blight,Early Blight,0,train,53cef190043495c12c6c1c00a88dfd42,1e43e14260118161
c14e2b11-510b-4967-ac96-ae965972ad50___RS_Early.B 7327.JPG,Potato___Early_blight,Early Blight,0,test,a9db8c7e6be82447b86590b7518ac818,cbc99638685a5870
c17c36ed-c36f-42d4-812d-3b17158063d3___RS_Early.B 8398.JPG,Potato___Early_blight,Early Blight,0,val,6a758455d99089b6e478708dc02620ef,0110324a4a49032e
c18f83e1-2144-440f-9603-74fe58c66073___RS_Early.B 7844.JPG,Potato___Early_blight,Early Blight,0,test,a9dfd4f4f85faa4012617a36ab68c3d4,e7971b7975e1730e
c28107c6-ea57-4044-bb6e-508d6d360cd7___RS_Early.B 7057.JPG,Potato___Early_blight,Early Blight,0,val,35789e5c7f570c4ff9d899b0666b39cc,000c323051636654
c2cc82b8-9f74-4e40-9792-c121a89a84c0___RS_Early.B 8524.JPG,Potato___Early_blight,Early Blight,0,train,99a8229d18b7113326fbe8f8736e3eff,872f6d7133665c70
c30ce1e1-5f05-4cb7-a95a-f22d3621c54f___RS_Early.B 6964.JPG,Potato___Early_blight,Early Blight,0,val,ba772e35a06de091d24d092250750e09,6fd39391d17333cf
c3356ff5-91b3-4673-b1d2-d47195b162cd___RS_Early.B 8352.JPG,Potato___Early_blight,Early Blight,0,val,a1938040c8339ee39b9dbaf91e7e5f76,666335e825298386
c3bf3f15-b1ae-4e36-97a4-f341879db6ae___RS_Early.B 8263.JPG,Potato___Early_blight,Early Blight,0,train,fcce971869f4337bde9db85ea90b08c1,196ef3692d9d89e7
c3ce9bae-e62a-4dd9-afa0-f020c48b87cc___RS_Early.B 6704.JPG,Potato___Early_blight,Early Blight,0,train,f3dda521552442fb593a756d66ca471a,0a213430585c1108
c3d68a2f-0c7a-4060-bfc4-8baf01d3f2fe___RS_Early.B 8010.JPG,Potato___Early_blight,Early Blight,0,train,f7ecd5800d586c5180e366b041349217,b26d75645c1537be
c419a9f0-5fb9-4db6-a229-5c08c36896fe___RS_Early.B 8585.JPG,Potato___Early_blight,Early Blight,0,train,d0c0428b2bcf5d9b48696a5061e6ad06,5dc6f3db496999e1
c42b5e69-2673-42ef-8e14-a785fea3aad6___RS_Early.B 9107.JPG,Potato___Early_blight,Early Blight,0,train,184b4d86b2ca11a51dae108f2c716b51,1b71717111339e8c
c42e79e4-76c0-406e-9779-6168330f4ca5___RS_Early.B 9008.JPG,Potato___Early_blight,Early Blight,0,train,66060da55784d5849f4b178202dec4a2,16678781c3613dcc
c43a5fd7-c60c-4a04-9835-bd35b551ec44___RS_Early.B 6701.JPG,Potato___Early_blight,Early Blight,0,test,125a607a75cf16ea384f722aa9eeb2f7,8b3674747327e7de
c47fa8ac-b2a5-4470-bda6-26dec4000409___RS_Early.B 7395.JPG,Potato___Early_blight,Early Blight,0,test,30d5669d5ba87ed4eabe2a35a6f4332c,8709296444238bcc
c48693cf-14bb-48ec-96fe-240bd2269866___RS_Early.B 7609.JPG,Potato___Early_blight,Early Blight,0,train,1be652a48d04e0c39203a902aa81363b,8f1870e3624e3860
c4b16bb7-f358-4010-a04c-10206bad02e9___RS_Early.B 8391.JPG,Potato___Early_blight,Early Blight,0,val,51f88b091158db4a153deb4990a08f5e,64067369683d338e
c4dd703b-1d4c-4e4c-8064-0e1d743c47ae___RS_Early.B 7050.JPG,Potato___Early_blight,Early Blight,0,train,549df1602b2b37cf55efa91818af8117,068d39306461b1a4
c4ec31de-5466-49c0-b034-84a825327e0b___RS_Early.B 8062.JPG,Potato___Early_blight,Early Blight,0,train,1aab2b76ca5dcaa33534d1f3d9c0378a,822c6cdccdc96b6c
c53d85d7-bddb-422b-955c-6842cce9a927___RS_Early.B 7253.JPG,Potato___Early_blight,Early Blight,0,train,9a1ca5d522e6f44c8789c5ac2ba5323e,8f1744316162661c
c53efbea-fddd-481d-aec5-14fd3c3e1723___RS_Early.B 7796.JPG,Potato___Early_blight,Early Blight,0,val,132887cc08ae0c2cd3d467e6308f67fc,e18f1d71717b7f3c
c5464947-d6f8-4d5e-9cad-009db19adf67___RS_Early.B 7181.JPG,Potato___Early_blight,Early Blight,0,test,c7ed7fe1f5981ac426cbddbe016052d8,cf19217573634e38
c59f2dde-4805-4f63-b47a-79fe9cd9364b___RS_Early.B 7510.JPG,Potato___Early_blight,Early Blight,0,train,d6c5474e61c9415308d5662566a5ffac,5330381c4c694914
c5a12e34-99ea-443e-a67e-3f2651508773___RS_Early.B 7647.JPG,Potato___Early_blight,Early Blight,0,train,fab7d37cbbf94c220fad40b98a8cc89a,2e4325a746159b43
c5b121ff-fc3c-406a-8127-2a7e413a0903___RS_Early.B 9006.JPG,Potato___Early_blight,Early Blight,0,train,4a5dfe0314640e971ae05ab3ae3c8028,262384d622180402
c5c57ff6-cff1-4be6-a2fd-324efc139881___RS_Early.B 7450.JPG,Potato___Early_blight,Early Blight,0,test,cc09073dd57f336775f7c9dc64671cd9,0f514c6a6a319b4c
c5cb3e89-f00f-4032-80ca-eb39bead0796___RS_Early.B 8645.JPG,Potato___Early_blight,Early Blight,0,test,55823faf58af3afa4ad8f2ebf9130a2e,5fddaef379399dcd
c5dc57d8-9a0d-4046-9eb4-b9db2f720a47___RS_Early.B 7047.JPG,Potato___Early_blight,Early Blight,0,train,84c0bfd3ff20daa67134a4d9e57e0925,9e9b8998d1c366ad
c630212c-205f-469d-bb8d-9a143f65ab03___RS_Early.B 9000.JPG,Potato___Early_blight,Early Blight,0,train,e14fb4f94292c51dd7ba423de7701daa,3e7fb5bddd7d1bcb
c653b79e-4f42-4a9e-8c5c-7a85483a3c29___RS_Early.B 9108.JPG,Potato___Early_blight,Early Blight,0,test,f32319af8041d07df4f1a3a5a162e8ae,66637971390d8733
c7067769-af82-46d6-8f42-d7a184e3f59a___RS_Early.B 7916.JPG,Potato___Early_blight,Early Blight,0,train,74536f37076beb82d99c74b36199c607,e78731656d1bdecd
c71ad6f9-6258-4602-84dc-ecf75296672c___RS_Early.B 7525.JPG,Potato___Early_blight,Early Blight,0,val,4cdf972d64272d60e1d5fd72cf334e03,5adcdeabc367339b
c7212fa9-df1e-485e-a471-1011dd797865___RS_Early.B 8680.JPG,Potato___Early_blight,Early Blight,0,train,a148ec5582119b8cd8ef5c36dc62a5c5,8c387b72e661470c
c74c801d-a6e5-44dc-a7e8-f3a5f39a300e___RS_Early.B 7864.JPG,Potato___Early_blight,Early Blight,0,train,3e3e49fc411942727098547a04c271a8,820d6444c4cd4b3e
c777a0ce-5d2b-4e87-8cc4-d5f8847a4553___RS_Early.B 8239.JPG,Potato___Early_blight,Early Blight,0,val,ca0f4df51f88b7161e680c95ea4f8c1d,853c2c1d4d4b6f3c
c7f27f40-6634-4118-9990-6897e0c68579___RS_Early.B 7197.JPG,Potato___Early_blight,Early Blight,0,val,3094eaa6beb9a3762d52ce07769fbf0a,0391943065f3a24c
c7fb1eeb-741c-4583-ad3f-ed46d5c2c920___RS_Early.B 8865.JPG,Potato___Early_blight,Early Blight,0,train,5fc2c83107bb0c9cb06759adbd4dd1de,0407332c26341c8b
c82e587c-a0f2-451e-9057-e3719a3d9562___RS_Early.B 6824.JPG,Potato___Early_blight,Early Blight,0,train,9975eef254ce715696337170edb176d9,418d3a7b73432e30
c8a008b3-a81d-410c-97aa-94e92118e572___RS_Early.B 7616.JPG,Potato___Early_blight,Early Blight,0,train,64396bc06def59eb7d0267402ce16f10,8b3975f79323279d
c8dedd98-c5d7-4ef4-b4f4-70d0bae0e178___RS_Early.B 7128.JPG,Potato___Early_blight,Early Blight,0,train,55d3930db058f315c9198c3a15b11cf7,7fffbf9f5b2fa5cb
c91060f7-f9dd-4930-ad0a-8a4a6bd803d2___RS_Early.B 7869.JPG,Potato___Early_blight,Early Blight,0,val,a4451aeae370e6e673ca7d5818d94b16,0f4dd998d999cf7d
c9296b35-7b8b-4ac2-99db-07c426ec774b___RS_Early.B 6832.JPG,Potato___Early_blight,Early Blight,0,train,b1970629c6828bad02d8f489399a5708,9b394958450396cc
c9bd759f-bd34-4333-a7b9-23ad810bba32___RS_Early.B 8033.JPG,Potato___Early_blight,Early Blight,0,train,48a20bd45b4ae891ca21b3e52d634523,0643dc42623a8b63
c9bff7de-c589-4ed2-92fe-cd9ca2a1df16___RS_Early.B 7846.JPG,Potato___Early_blight,Early Blight,0,train,ea36dd3b05a31688a31f433ed8fc22e0,2797142e46661b3f
c9d5a9b6-4e5c-42df-8f9b-5f57e13000df___RS_Early.B 6933.JPG,Potato___Early_blight,Early Blight,0,test,5308bb488b416a701774dd220b1e638c,2c1a997534121202
ca1bc7af-3220-4b45-b76d-8f950128c489___RS_Early.B 7266.JPG,Potato___Early_blight,Early Blight,0,train,c904f907ad383e2ff48d281714a7efbe,1665686ef85d1996
ca2c9c12-f2ba-4864-806c-b85f4fb36f92___RS_Early.B 7640.JPG,Potato___Early_blight,Early Blight,0,train,16836a322a5fa0ddefb19c1eac86af28,c71f3955d99396dd
cac99520-3403-4602-961d-3a668bb980fb___RS_Early.B 7388.JPG,Potato___Early_blight,Early Blight,0,val,b575550de7cdf12e0aa471d6995df917,0b4958d8d0691234
caef0735-6517-4194-b124-5916815e4a71___RS_Early.B 7956.JPG,Potato___Early_blight,Early Blight,0,test,7f5607757101e058774c6a7cf7fa345d,396ea7616a1dc3e3
caf7512b-4e4e-44fc-ae7d-8544168cf903___RS_Early.B 7120.JPG,Potato___Early_blight,Early Blight,0,train,d1956662e19ace3c43527361495872ec,7fdcaea3733199cb
cb5241ed-1a40-488a-9236-64ed07e6ebbf___RS_Early.B 6712.JPG,Potato___Early_blight,Early Blight,0,train,b59e7632f6a77b98b80305cbb16a6693,81180a3269715098
cb615e16-034f-465a-89a6-91e091698723___RS_Early.B 6796.JPG,Potato___Early_blight,Early Blight,0,val,17af7a8948f018bf32bb152aa648d41a,ce99354359a664d8
cbd4ef4a-1e84-41ac-8744-b5a1c52461be___RS_Early.B 8191.JPG,Potato___Early_blight,Early Blight,0,train,9cbc6c271d1ada19f90356576c1a5852,2a4bdd9998cd4db7
cc48c415-4a2d-4d8d-94db-c736e7b7c882___RS_Early.B 7705.JPG,Potato___Early_blight,Early Blight,0,test,c435327640246d48e8441980cceb6bcc,5711383025736e38
cc63b147-ad2a-4bc1-aa05-a07b3c6b7761___RS_Early.B 7091.JPG,Potato___Early_blight,Early Blight,0,val,a95e6a166f7b82e797362c163be0cc56,66a3f9a9e1513393
cc716d92-3d2e-4cce-bc77-bb4c8155b88c___RS_Early.B 8288.JPG,Potato___Early_blight,Early Blight,0,train,385a8e3037a949072ca561866c873691,781e4331390786c1
ccec0636-2984-4164-aad7-34b1b84ec42b___RS_Early.B 7766.JPG,Potato___Early_blight,Early Blight,0,train,ed896bcfacb41a41d950b55c5b0e2d22,a14c9830618b466c
cceeec9d-e0d9-4512-a1f0-faa5dc6bbf40___RS_Early.B 8381.JPG,Potato___Early_blight,Early Blight,0,train,2af7fd8d6d2d655ba244663441f1b6ef,3c53614862260400
cd025ad0-9486-4ee6-b545-c9040dc4e1c7___RS_Early.B 8821.JPG,Potato___Early_blight,Early Blight,0,test,5997ce3b0be95250e720a8d8848a5610,06193140123d3b1e
cdc5ed26-b023-41cb-9cd8-07e62df1e369___RS_Early.B 6864.JPG,Potato___Early_blight,Early Blight,0,train,f8e32048b9679fb7852932c09f77d876,2766cc24c2f973bf
ce9d9a96-23cc-4d24-ab68-3932cba59ae2___RS_Early.B 7080.JPG,Potato___Early_blight,Early Blight,0,train,363d3766c5f93f9481c257c6bca7f64e,0e29f4b058989306
cea35641-b4f8-49cb-bbeb-c98cfc79870e___RS_Early.B 7189.JPG,Potato___Early_blight,Early Blight,0,test,088a86d20f578e870bd2b08fe6c03cca,863b71d0e5632e9c
cf3169aa-b842-46ed-bb1a-3e02b6858c86___RS_Early.B 7566.JPG,Potato___Early_blight,Early Blight,0,train,244f772fb4a65fec7e360e2c5c004c3c,3c66e3abc7731bcb
cf38c261-5bae-4b5d-92b4-16c634557d2a___RS_Early.B 7169.JPG,Potato___Early_blight,Early Blight,0,val,d705626d6f7062ea5dd068ef4de687bd,1611b44e24960401
cf761f3d-755a-42b2-83cb-729443246c6a___RS_Early.B 7319.JPG,Potato___Early_blight,Early Blight,0,train,aefd567b5b0be91c4d9fe4c5fee049ec,81347971b9f0f0e0
cfa37804-6d71-45fe-bd88-c899b9534992___RS_Early.B 6673.JPG,Potato___Early_blight,Early Blight,0,val,69aeb8029ac8cd9271fcad96cd054c29,4c46c3c5623c8c65
cfd3112d-e376-4b82-bc06-de0bfba0ab41___RS_Early.B 8389.JPG,Potato___Early_blight,Early Blight,0,train,649700a1bd155a2f42ca2f4caa15760f,041733684c1a190b
cff1ed1b-51ec-4d44-ab1f-7a3dc1ec9ea9___RS_Early.B 7100.JPG,Potato___Early_blight,Early Blight,0,train,ccf995f490580e145eeb746d895f3651,8b2d5a5953621830
d0221e13-4d76-45e5-9cd1-7cac63833f52___RS_Early.B 7191.JPG,Potato___Early_blight,Early Blight,0,train,1ddcdbd872ffc7192a166ff23496899a,1c43654464248943
d031102c-679d-4323-a5ee-4c52ed2d5740___RS_Early.B 6947.JPG,Potato___Early_blight,Early Blight,0,train,d9bb7cdb59ec70c0ac12d60059973afb,1b1134363238890b
d036af36-99a4-4b25-aa40-2477883e73cf___RS_Early.B 8269.JPG,Potato___Early_blight,Early Blight,0,train,07bc34538b2e72d22a58d3ccc9fd5f72,cd11646449a3ce18
d03ee4f8-b77d-4f0f-8d13-d0a019a37a66___RS_Early.B 6970.JPG,Potato___Early_blight,Early Blight,0,train,28784273c3b5fb777e4af399aea818a3,5b73c3cba6b3b90f
d063f825-aa36-4cfd-a227-4c3f30760aa2___RS_Early.B 8307.JPG,Potato___Early_blight,Early Blight,0,train,11b6b83dfc51e38331bf36f1a2c1d26f,cf3d79f9e3e69df7
d06681cc-3ed1-4af2-ae40-2597eaea3dd4___RS_Early.B 8691.JPG,Potato___Early_blight,Early Blight,0,train,c5928c1e32547f8df8975835728b5b79,247344602a984923
d0719ccc-a4c3-406e-bf73-94115fefde12___RS_Early.B 8569.JPG,Potato___Early_blight,Early Blight,0,train,f696b5d2fe759fa3265fb9fd674409d1,8d3c4a1d3b665c71
d0be9a48-d0f6-4d34-9c80-3eb7631e2d8d___RS_Early.B 8143.JPG,Potato___Early_blight,Early Blight,0,val,340131ca13530c69c3a5712ed2065320,876bd9adb1b3df7d
d0fc4557-34a0-4324-8b2c-865853e0face___RS_Early.B 6912.JPG,Potato___Early_blight,Early Blight,0,train,ed155a8c0e49ce6fe209f331e02e7295,3f3ff3ede57593f9
d1072068-911c-4656-8bf2-e662982199e1___RS_Early.B 8141.JPG,Potato___Early_blight,Early Blight,0,train,511ed2a02bcb4ae79cabf9d7d2cacefd,2e33c5d662329e41
d1184bb1-defe-44b3-aa71-d03fe11bf535___RS_Early.B 8787.JPG,Potato___Early_blight,Early Blight,0,val,5a52cabbe5fdfdd3d0cca5c72dbfd694,973d5bd3e74fdfff
d1625c19-c90f-4a5f-bfc8-cb406ad20753___RS_Early.B 8649.JPG,Potato___Early_blight,Early Blight,0,train,5b1f3b1d3a0c45e0617a6036ae07e31b,1c46d2c3633189c1
d1b4cb77-db0e-42db-b1c0-25d222844241___RS_Early.B 7130.JPG,Potato___Early_blight,Early Blight,0,train,b5e979dd2b71b7cab7267c37434d7af8,87394a5b615b3a20
d24073c7-875b-4e86-b8cd-58853f13c191___RS_Early.B 6761.JPG,Potato___Early_blight,Early Blight,0,train,ab02a65e56aae3cf50dd65a289f442dd,21191028142543c4
d286d101-227f-48ba-b906-586879eb6a00___RS_Early.B 7095.JPG,Potato___Early_blight,Early Blight,0,train,f8cb1cd539be69a5aff53031216b5c60,8f044e1a1c060001
d2dcbc63-47c6-4a67-914b-cb1e117b58b0___RS_Early.B 7159.JPG,Potato___Early_blight,Early Blight,0,train,cc13bc914b171d4e3bb6a086b567fa2c,5b8dc6e67339e5f5
d3240683-1636-4373-84aa-01ce594c19a0___RS_Early.B 8340.JPG,Potato___Early_blight,Early Blight,0,train,ebd5df408e33faba13921e4714b92a9b,7fdf8f9bd96113d3
d32f991e-d1da-44a3-b3e0-2f99cc038900___RS_Early.B 6994.JPG,Potato___Early_blight,Early Blight,0,train,fc02c84ff6333bd3dab33fbf41261387,84840c0a191b5ad8
d3a1b356-0ffa-4d47-9f52-410bbd0e3e3d___RS_Early.B 8884.JPG,Potato___Early_blight,Early Blight,0,train,666d3344ab87c2e2b788eb5b8442f873,83212231392f8ed8
d435f2db-74fc-4b82-9dd8-9ffdc51650c6___RS_Early.B 9181.JPG,Potato___Early_blight,Early Blight,0,train,88effe6d692374ac59cb8559d0cc3136,2d6dcf879bcb6fbf
d44a363d-c186-416e-8fad-1a456699bba2___RS_Early.B 7229.JPG,Potato___Early_blight,Early Blight,0,train,e0829f79e66ce6d919d902de6e513a21,0bab2d510c1d3326
d472b6e3-a00c-4b4e-b13a-cdababff9d24___RS_Early.B 7699.JPG,Potato___Early_blight,Early Blight,0,train,f72a89f7e1d1eaa0fdb5b548bf75a544,cb9b3569c9cb5e79
d4cd2357-1142-4f0c-8c44-201241a27573___RS_Early.B 9146.JPG,Potato___Early_blight,Early Blight,0,train,fcea70de1c12e3902aae87adb927cb3b,48c6c7446c0c0820
d4f3066f-adb8-401b-a27f-19a12c336ebe___RS_Early.B 8626.JPG,Potato___Early_blight,Early Blight,0,test,9248d46664b884fc06ecf6d613874563,c21b3554f23907c6
d50dde4d-fe2f-4e8c-b336-69be71e34ce8___RS_Early.B 6905.JPG,Potato___Early_blight,Early Blight,0,test,fbff1d533dd4931e65421a85e1a84d5a,478c3061533e78f8
d55f09eb-e463-4abd-aac6-fb144b30ead7___RS_Early.B 9004.JPG,Potato___Early_blight,Early Blight,0,test,7a2c931b953547c0b4fc2ecf1e829196,0232326a64cc5114
d5673be4-4d62-4287-b9a4-3653b88d1604___RS_Early.B 8304.JPG,Potato___Early_blight,Early Blight,0,val,70be53b4c32d4ca5be11467047029272,2349cc54640c0303
d59c5aa9-8d45-45db-be3e-0276e24641f5___RS_Early.B 7897.JPG,Potato___Early_blight,Early Blight,0,test,2ec2a1ad8a8c9e6defe409e700ba2def,0e4b6d747c1ac621
d5c51ec6-506e-4b85-b774-66f6a5493c90___RS_Early.B 7071.JPG,Potato___Early_blight,Early Blight,0,train,ec05cde1ce6a33d8c84cd91920ccf16e,8158485a3a2c691a
d6ffc732-27cc-4391-9820-be9d386fb245___RS_Early.B 7032.JPG,Potato___Early_blight,Early Blight,0,val,7aca907ba99337babe901a988680c48a,97b36c55d3b7a6bb
d7c9765e-4a73-4eeb-9f9e-9ed98b7e93fe___RS_Early.B 7601.JPG,Potato___Early_blight,Early Blight,0,val,ea97fd8abe55278f500c23fcadb35da8,8b1432b337634e58
d825093a-2bd7-458d-a9a1-036db6c08dec___RS_Early.B 9018.JPG,Potato___Early_blight,Early Blight,0,train,8fb267af0687cfd8dd467d4e92c22047,286cc8d87424bcc6
d829c0d8-016e-4337-b80f-bb1f329b1d4d___RS_Early.B 8797.JPG,Potato___Early_blight,Early Blight,0,train,764c68f345c655fd764702d786bb3dfd,3b77d5a9a79fbf6f
d84ba2ee-6ef5-45b7-a15a-b677b99cd3f6___RS_Early.B 6772.JPG,Potato___Early_blight,Early Blight,0,val,6ff643fd5d5455807682af50f155cd78,5ec989bdf92bc7db
d87f93fa-f6f8-49f1-b9e1-8f196f377df8___RS_Early.B 7244.JPG,Potato___Early_blight,Early Blight,0,train,410ea7bdb85ff09b832be26875c61a71,cd9d356dcd51639c
d8a55ed1-7b3a-4b25-84b2-6046c0d9e3ab___RS_Early.B 7443.JPG,Potato___Early_blight,Early Blight,0,train,5b50b7889c90717ae289d0d206d80f61,092eb3d359498743
d8a8d6e5-d82d-4f7c-aac5-183e85549d9b___RS_Early.B 7799.JPG,Potato___Early_blight,Early Blight,0,train,51e739a4702419fd407cd9d8c810b408,0739585864612f38
d8efc91f-6e85-4508-8d49-9c4a11c4c71a___RS_Early.B 7484.JPG,Potato___Early_blight,Early Blight,0,train,f225fb65c4fb360b333d9f2f8f4b4e2c,366bc93c3d39269c
d91d88d1-89d4-4017-b0f0-9e875bedfcab___RS_Early.B 7201.JPG,Potato___Early_blight,Early Blight,0,train,06710937961614682099e3da50858439,2ef3f9d5c663379e
d9293730-8ba7-4f41-936a-eb129bde096b___RS_Early.B 8102.JPG,Potato___Early_blight,Early Blight,0,train,a24eb94fb3aba9f4357d500faf86dc8e,41802031130b1634
d9303294-b0d9-4066-85d1-4ef58977b78e___RS_Early.B 7337.JPG,Potato___Early_blight,Early Blight,0,test,eaf79b8cf9c64fbbd1fa5e2aae9b18f4,193474c24a69232c
d97f6469-bef9-4276-b918-efb1a1859fb7___RS_Early.B 6958.JPG,Potato___Early_blight,Early Blight,0,train,cacc050e592e78b67f3c6377d8e84c6d,67bbbbacee1ac4e5
d998c614-017c-4f90-8e39-f8c500d21218___RS_Early.B 8292.JPG,Potato___Early_blight,Early Blight,0,train,a79465fa2635e89b93bfb6f56b0f03d0,87193d797b673c99
d9a1cd5f-e2f2-49f7-b5f1-22cf02eb5ba4___RS_Early.B 8891.JPG,Potato___Early_blight,Early Blight,0,val,e644b180b400c0a910570ee517a7126b,33e9dd9d9dcb1f9d
d9b34eaa-9d54-41fe-9ea2-335fe0b572ee___RS_Early.B 7735.JPG,Potato___Early_blight,Early Blight,0,train,9a3cda826de27a5a5af2727876cd749e,23614c4474188821
d9ebe6a0-d46e-47fe-950e-938f7ce83afb___RS_Early.B 7419.JPG,Potato___Early_blight,Early Blight,0,train,ac51c0c8995268c8968805a8a3573e38,4653314266328ce1
da3115aa-a34b-42b2-97a9-9a1922770c8d___RS_Early.B 6708.JPG,Potato___Early_blight,Early Blight,0,train,e0462f48fa2fdf3339aa96ae27a6c090,2fada5e6b3e36397
da412bf6-6bee-4dfb-8bc7-b6e9f80971ff___RS_Early.B 6808.JPG,Potato___Early_blight,Early Blight,0,train,0412ee072af7083a3854b219fb96aaec,3663c1c1c3c3665c
da4c4f0f-ea7b-489a-8ac1-f8c63ff59bc4___RS_Early.B 8818.JPG,Potato___Early_blight,Early Blight,0,test,16794238346f9c3f17de4a02bc5dd501,9dcee2f3596db1c1
daa35c03-7307-4e2e-8b15-f33bfff5a12d___RS_Early.B 7712.JPG,Potato___Early_blight,Early Blight,0,train,ee37240d994890a795c63070c904f4db,963379696527379c
db4dbc48-209d-4615-95cd-1d7ee7f1d7e0___RS_Early.B 7545.JPG,Potato___Early_blight,Early Blight,0,train,d8bba4aad9273474f56d5f511eb5c0db,0e63715c4c0dc501
db5d0f5f-a722-4f12-96bf-c9608e5c7f2a___RS_Early.B 8945.JPG,Potato___Early_blight,Early Blight,0,train,4ffcad9d8e314dde0a2defe125e47406,016346864465230c
db60c4cf-30f1-460c-a345-3045f192f725___RS_Early.B 6722.JPG,Potato___Early_blight,Early Blight,0,train,b99fd03c676d40869ea96a71d25af7b0,2524ce6a48591318
db79941d-3ca1-42f1-b06e-d150a49d476a___RS_Early.B 8742.JPG,Potato___Early_blight,Early Blight,0,test,23056b735f66c13244f7aa50059fbfe3,2014a3b3b9794d82
dbdf96e5-2f8c-475b-b2dd-40a5862e10f7___RS_Early.B 8017.JPG,Potato___Early_blight,Early Blight,0,val,1fde3f68da2a1a62bfbf85952246d0ae,0e6b69a88d9b271d
dbe05365-9166-45f7-94cf-cefca787215a___RS_Early.B 9144.JPG,Potato___Early_blight,Early Blight,0,train,c8135576615b8e6a0bdb92d70dcfb5fd,58c663613591c4a4
dbee10d3-333b-4c62-aa90-23c1f859519c___RS_Early.B 7252.JPG,Potato___Early_blight,Early Blight,0,train,43e0d3430c0d599a26b9c88a60a3e9d5,fb875cd8b5f94e1d
dc0536f7-e777-4751-8733-f643eb18329a___RS_Early.B 7492.JPG,Potato___Early_blight,Early Blight,0,train,876f9c96f6c8e6a3646dc668e4ac3fdf,cf1d65d9b9f2bd7a
dc2775b9-e62e-4fe5-921f-e1cf5c4e2fe4___RS_Early.B 6942.JPG,Potato___Early_blight,Early Blight,0,train,7310c71b3cf949e07fb2a9c513b098ad,c63b69f575192f35
dc34096f-8974-4a76-8d15-42ee86038015___RS_Early.B 6734.JPG,Potato___Early_blight,Early Blight,0,train,36274c186e4cea9428fba9e53fb42457,988441326a6c4c53
dc3e6480-10c2-429b-bd9a-b8dd7d538594___RS_Early.B 8061.JPG,Potato___Early_blight,Early Blight,0,train,ba1560134870f86c41b137a0b5eb9698,9c3259bd73711786
dc6516c4-a74c-465f-85a1-55608ee518da___RS_Early.B 8843.JPG,Potato___Early_blight,Early Blight,0,train,1624a9f91bf109898ca005a06048f8a5,1452c1c958348e06
dcb9073d-df5b-4a15-aecf-1c3af587cd74___RS_Early.B 8982.JPG,Potato___Early_blight,Early Blight,0,test,41751c2a445a7cee33c793e734a937e7,2ee789b1e1d17939
dcc46f93-d842-496d-980b-4b29a00551d5___RS_Early.B 8424.JPG,Potato___Early_blight,Early Blight,0,train,327354b2414637b669c43aa38b553426,030462260507060c
dcc9e3a4-04dc-46fd-9bc9-739334aa23d9___RS_Early.B 6799.JPG,Potato___Early_blight,Early Blight,0,val,576bcc4eac4b7b86b8576f95b468a476,383b793c3e2c8d46
dcdcc724-b029-4987-9d12-ccc8893ac6b4___RS_Early.B 8387.JPG,Potato___Early_blight,Early Blight,0,val,b64c19ecffb78cf56cae60ae24a49837,cd0623c92c290386
dd1e0739-c899-4c1e-99c8-fd83a6d55694___RS_Early.B 7862.JPG,Potato___Early_blight,Early Blight,0,test,81e10b8ac9496fb6b3d28fec22ca8601,860b5995b513773c
dd875158-7897-4f5d-ada1-46e7e382ea96___RS_Early.B 7912.JPG,Potato___Early_blight,Early Blight,0,train,7460c3d70eddf9258c37a5ed87a0308d,214c382c2c47461c
dd9c3ad3-aa94-4d00-88c8-8e4618e8832e___RS_Early.B 7633.JPG,Potato___Early_blight,Early Blight,0,train,d2ecac3d34cb81fc0933fda93c67f6e1,8e1bdbb3f3773e9f
ddc6aed7-43bd-49bc-88d0-6f942acb362a___RS_Early.B 7328.JPG,Potato___Early_blight,Early Blight,0,train,c30976f01921327cd9969a61fb2e916b,8e333135755b0e9c
de1ff62e-87aa-420a-9eeb-cb0e3475e84d___RS_Early.B 6918.JPG,Potato___Early_blight,Early Blight,0,train,e2696293157ac1345716b6a26e4764ae,a3714cecd8491d8f
de44f09b-b207-4805-8970-2999f9c2dc7c___RS_Early.B 7917.JPG,Potato___Early_blight,Early Blight,0,val,8c951b704bdb829e55b45a920e9113f4,1e377bf1517db386
de8d212e-1bbf-41d7-b13b-29f0746223aa___RS_Early.B 8022.JPG,Potato___Early_blight,Early Blight,0,train,2142e6546982a55932514b339e906d00,032112c2c647179c
dea6a6e4-cfb0-4c00-a0f7-bdd1e52f82e0___RS_Early.B 7246.JPG,Potato___Early_blight,Early Blight,0,val,cb0fab2da846af312232327b4678bac4,584ed3cbc9601dc1
deb1d849-ecf2-4451-8ff7-ca6b0bbbf434___RS_Early.B 7677.JPG,Potato___Early_blight,Early Blight,0,test,44d9e6912d17f8baf1e96ec31bb55b53,3cc77375658d83f2
df67aec2-c706-4a6f-8a4a-e11d7eb41eb8___RS_Early.B 7287.JPG,Potato___Early_blight,Early Blight,0,train,4becc6425c4ffb72b66b2054d7c9d242,1a1570735d33164c
df7e4d39-fb74-4e6d-9d32-04d7d2165135___RS_Early.B 6700.JPG,Potato___Early_blight,Early Blight,0,train,1f3f0290f701198783e378ddd85537bc,99b46c5933268eba
e0042931-92f3-4527-b292-872075f4261d___RS_Early.B 7203.JPG,Potato___Early_blight,Early Blight,0,train,bc1b3f86efcd40b6ce8592a6d4178b9f,8331706763461c30
e00d7014-a909-4d98-892b-da96a2be9a2e___RS_Early.B 7535.JPG,Potato___Early_blight,Early Blight,0,train,9e0d4264680f3fa63835853c6d299fd4,9e3b51d1713332cc
e016d105-f5cd-4082-a8c9-1913ea3fcfbb___RS_Early.B 7800.JPG,Potato___Early_blight,Early Blight,0,train,443991b4b93b519d11fd26a40ca111bd,5371b05272188923
e0326fde-a613-4ec2-bc3b-e1d2154bdbcd___RS_Early.B 7679.JPG,Potato___Early_blight,Early Blight,0,val,a16b77307f108c1d5b8a86b5d90c7f9a,8e6375643131834e
e0552fed-9af3-4fbd-80e8-09151a839cf9___RS_Early.B 7576.JPG,Potato___Early_blight,Early Blight,0,test,15e2f02b6f64f23a961ee79568346135,c6963569595a991b
e0654927-6cc0-491f-86d3-acb5ad261904___RS_Early.B 8341.JPG,Potato___Early_blight,Early Blight,0,train,e901036044682564eac7879904e56496,7fdecfc96939d1e4
e09798e4-23b1-4485-873b-605bc350f327___RS_Early.B 7320.JPG,Potato___Early_blight,Early Blight,0,train,4dc4d0f685edd60184914ffb691c452b,0be9ac56d4c6169c
e09c5edb-1e38-44bb-bb55-260fa32d6a58___RS_Early.B 7340.JPG,Potato___Early_blight,Early Blight,0,train,942027704eec8d5509ebf30cf6aca9d4,76d5cd99d1a7ce78
e11d63b8-93fa-41ba-b826-99811ee4c232___RS_Early.B 7387.JPG,Potato___Early_blight,Early Blight,0,train,8ad48c02a1ba92cc2fcb5f4365e81fa3,6eb2b1494a2699eb
e12f2cbd-6ced-45c5-8d83-96e19b92bfdd___RS_Early.B 8367.JPG,Potato___Early_blight,Early Blight,0,test,d8fc495d0725812b5fd8f67e35b30299,3e33d1b9b1790b87
e1710bad-79c1-4b36-bbd2-b257c50697a5___RS_Early.B 7426.JPG,Potato___Early_blight,Early Blight,0,train,d8eed5ed2855bdba0a7fb4904b117350,c18d327075c3666c
e217c2fe-b0d5-45e6-a7fa-98f253444d54___RS_Early.B 7067.JPG,Potato___Early_blight,Early Blight,0,train,99e07826665bc0de981490fee37b2e57,db3b7852d1d3677e
e24cb505-5756-4269-aa4f-57d27da31b20___RS_Early.B 8973.JPG,Potato___Early_blight,Early Blight,0,test,c58c2e90a2980d5821b6b713f7cf4a24,33645258cc512b9c
e3007682-ad4b-4a62-b64d-ebb0c4537077___RS_Early.B 7772.JPG,Potato___Early_blight,Early Blight,0,train,874686e1cae0b42d67568907209b4e95,cf1de9f1e3e3aebc
e304fbf5-d145-433c-8f67-7b486581166a___RS_Early.B 7434.JPG,Potato___Early_blight,Early Blight,0,train,90d6fb43e5134b6e67926065fc26e082,466329e4521a8241
e3779bc5-a8e2-4be6-8e15-4a4713ab9531___RS_Early.B 8431.JPG,Potato___Early_blight,Early Blight,0,train,db964d16cc52b1abb11a8bd4be7339fb,bf57bb39b577339d
e40b6718-52b6-46a7-970c-5f1b6bae23af___RS_Early.B 8287.JPG,Potato___Early_blight,Early Blight,0,val,d3722fbb7dcf792f43dd191977455a6f,71439cb1257dc34e
e490f736-a52f-434f-ada7-3bb255d99635___RS_Early.B 7417.JPG,Potato___Early_blight,Early Blight,0,train,237fe7e6338465074ab1f8440ce07a2e,665bc9d1423499ed
e4b0f6ac-2b1e-4e10-8733-de421a01c390___RS_Early.B 8254.JPG,Potato___Early_blight,Early Blight,0,train,2784a25fabd70b51d60ac0671be12a6f,38ced6db5f67319c
e4bd2479-dd2f-41ce-9544-4f1804c4ab8b___RS_Early.B 8601.JPG,Potato___Early_blight,Early Blight,0,train,6659209dd8ed4c289000762dd227a42e,59cec3e3f1791dc5
e50bd734-03b9-479b-9ca0-48ef217a2c59___RS_Early.B 7976.JPG,Potato___Early_blight,Early Blight,0,train,6e7152f11867673965ccd0db75c03257,2ee3ed4371313d8d
e50e7166-a67d-4207-a49c-0240b0218d48___RS_Early.B 8907.JPG,Potato___Early_blight,Early Blight,0,val,80b718bceb18e07354cf08de465349dc,363544c6d2402506
e57ca76e-a4c3-40f2-a673-9f48b3b357ae___RS_Early.B 7539.JPG,Potato___Early_blight,Early Blight,0,train,49167448426a6ed4707f321478c2b7fb,c7257551d3c7cc79
e5c94100-3e1c-4fb1-8b6b-f281b491adff___RS_Early.B 8604.JPG,Potato___Early_blight,Early Blight,0,train,65b7341d5c019eb3c8b9609858e14b3d,4d1822696c606b78
e5d559da-71d8-4999-9d5a-05da9e6bf12e___RS_Early.B 7491.JPG,Potato___Early_blight,Early Blight,0,train,039be36ae83a3a5cbd0e5a361d24e386,c59a2d5d7bb2b4fa
e6693b54-623a-4323-aa79-3e0fc3c07288___RS_Early.B 9198.JPG,Potato___Early_blight,Early Blight,0,train,86b36913a358f0d7b01428538f18eb0a,9d893f334b4acc38
e6aec621-1699-433a-8cf5-7310ec895810___RS_Early.B 8764.JPG,Potato___Early_blight,Early Blight,0,train,98cc30ebb66e16f63dfa1605b853d973,c78d397797bbef7c
e6d543a1-8e5e-4709-9329-b93d63f52edf___RS_Early.B 8324.JPG,Potato___Early_blight,Early Blight,0,train,a94028ff314b4ff11d843030d35fd401,193de771592509c9
e6d7262c-803d-4346-a36d-4f384196e21c___RS_Early.B 6893.JPG,Potato___Early_blight,Early Blight,0,test,30e19db61531ecef7787f21cdaa611bf,08081a2241697230
e786a4fe-5aa1-4da2-a16f-4ee82c56e317___RS_Early.B 7245.JPG,Potato___Early_blight,Early Blight,0,test,c7a1229a71232cbc06cdde4cad502ca3,ce9f356dc9c1473d
e7b48816-19f7-4dc2-bf52-dfbb85e1f59a___RS_Early.B 7240.JPG,Potato___Early_blight,Early Blight,0,val,552ed8e7e2d96cdbe96b80942f397a22,0b217866614b6c34
e7cab6f5-308b-41ea-af82-e20cfe540729___RS_Early.B 7177.JPG,Potato___Early_blight,Early Blight,0,train,cd4b6767fbc692e7c21b553f781b09ce,f1c78d991923061d
e8db5472-3858-478a-b1ae-9198329a49a5___RS_Early.B 7528.JPG,Potato___Early_blight,Early Blight,0,train,bcca5f4ab85e0c7d31185d616c1250ef,c385321286c51c50
e912f95d-d159-47bc-b1ed-f0f08c3c391d___RS_Early.B 8366.JPG,Potato___Early_blight,Early Blight,0,train,cffa41318ef077cbfee42ab38e521c66,b7377de9f3c7defb
e9643c88-239f-4587-8093-3b96eb3723f4___RS_Early.B 7353.JPG,Potato___Early_blight,Early Blight,0,train,6838b4d6ce5b8488ba77207ab75047b0,c716f7edd9f3464d
e9f9e200-b7ff-4a59-af32-b4faf3f27b17___RS_Early.B 8028.JPG,Potato___Early_blight,Early Blight,0,test,afc6b87092993e2ce4c777b81bd8e246,943441c9993b5efc
ea403e5a-34b3-4b06-a94d-65ad2e78831f___RS_Early.B 8136.JPG,Potato___Early_blight,Early Blight,0,train,8fce67784d5c6837ad6678d2dcb2d19a,e693a9ad56769099
ea87f5c8-69f9-44e0-997b-bb896350765e___RS_Early.B 7798.JPG,Potato___Early_blight,Early Blight,0,train,e093145972106d61011e69d4047fab5b,6ee3b951359dc1b1
eb4fbc2b-c1a4-473f-a4e1-71ba04a7133c___RS_Early.B 7716.JPG,Potato___Early_blight,Early Blight,0,train,bd2f8dbbbbb6f0650f20f9c80fc3f055,ce1b716ce8e1c736
ec4e730c-02c1-4b4e-b9fc-9387e2f30a8a___RS_Early.B 7701.JPG,Potato___Early_blight,Early Blight,0,train,fc67d98fb57cb9e5454515966f6845fb,e7cd1b3561d32e78
ec6b34ed-69c6-466a-81a9-4ca18eb25275___RS_Early.B 7038.JPG,Potato___Early_blight,Early Blight,0,train,cc917e10937fce50b5c1c55a581244ff,679b33654b162c1a
ec9a34ed-90de-417e-bf87-31e748c8c770___RS_Early.B 7968.JPG,Potato___Early_blight,Early Blight,0,train,34f51867eeb7f7ceae934ce9539ff795,136d64e658693b9a
ec9ea109-34c7-48c5-bbac-40a36b21fa05___RS_Early.B 8761.JPG,Potato___Early_blight,Early Blight,0,train,0345ea3019b1747057daef4f24bbf454,8c376377727b07c4
ecf9d01d-b97f-4cf8-99e5-7036bd91b5d1___RS_Early.B 8650.JPG,Potato___Early_blight,Early Blight,0,train,8b1526044e3d655d12dc029bddcd027d,043266425049061c
ed270d5d-3523-4bc2-b208-4f5304bbfeef___RS_Early.B 8218.JPG,Potato___Early_blight,Early Blight,0,train,1e118001404a0523121c1fdc0e4fae48,7d5e73a9d96d35d9
ed64bc0c-d2e5-44fd-a21a-f4d6b4f2f219___RS_Early.B 7366.JPG,Potato___Early_blight,Early Blight,0,train,09e4d628c8e0c3f7055845f55bf6c2cc,465351c5d363bbc6
ed78ac4f-ce50-4de8-b508-ad07b9d99176___RS_Early.B 7313.JPG,Potato___Early_blight,Early Blight,0,train,067a71bc4a3751a73aca4c83abc6fb07,0f61407c6c273e88
edc5f476-dd30-4fab-a8a1-71faf6210420___RS_Early.B 7315.JPG,Potato___Early_blight,Early Blight,0,val,0adf361c18e7f76ced617851b2e9fb05,072c58f056343392
ede5199d-4bf1-4bd0-a460-2168350ed05a___RS_Early.B 8773.JPG,Potato___Early_blight,Early Blight,0,train,5adc956fa4a0f2bd2e607324bcfbb3d4,c7193d7571838e78
ee584747-fea1-4d16-9c03-40bfc9bcf1c7___RS_Early.B 8600.JPG,Potato___Early_blight,Early Blight,0,train,4c6e37656542dca9f462d69524515bfc,8f3c7ad1c1c3defb
ee8df9d4-1893-49a4-b2e9-aee2b1e85ca0___RS_Early.B 6926.JPG,Potato___Early_blight,Early Blight,0,train,e570940c78bded33828a08999440dc63,9d397161cdf9733e
eec2262a-d16b-42e1-99bd-6891ef392988___RS_Early.B 7085.JPG,Potato___Early_blight,Early Blight,0,train,f81a016e4fcb648a8448e3052c8507c1,9b356ad0766a5870
ef5b06f0-4c81-4e47-9ec3-499af1571d9e___RS_Early.B 8455.JPG,Potato___Early_blight,Early Blight,0,val,6bbcc3561796cb911d2e7bfb74aa7d20,0c2721527625210c
ef722b35-2ab8-409d-a971-b3a853a72cb3___RS_Early.B 7184.JPG,Potato___Early_blight,Early Blight,0,val,90f8673139745f9453cb15f4e3acd9c6,1671696c40301411
ef825fcb-d776-4dfd-a6ed-3bd49912806e___RS_Early.B 7985.JPG,Potato___Early_blight,Early Blight,0,train,cf8b6166abdaecad4b9de5c929aa6d11,067349686123360c
efa2f117-a774-4fcc-8445-142742aa7816___RS_Early.B 7458.JPG,Potato___Early_blight,Early Blight,0,val,7c31860b829b8c8dd11237f1ff3e799d,709bed123e2889c2
efb6e5e5-d83c-4634-a9f6-3f2332713497___RS_Early.B 6788.JPG,Potato___Early_blight,Early Blight,0,train,65d28ad00fb42a49c3e7fbbcb94f39a7,7f5bda76263694ed
efd49e70-b8d6-493f-9099-b3d9d534f365___RS_Early.B 7854.JPG,Potato___Early_blight,Early Blight,0,train,2f46504bf6b050df753adf2ba0492201,588ee37d4d7597c5
f069744b-375b-4fee-b1f9-23963195e936___RS_Early.B 6837.JPG,Potato___Early_blight,Early Blight,0,val,973b4d6528445d6bc3982d98aed35e70,3dc7a7bbf76129f9
f0a1af30-47b5-430b-b563-ef9a32a55dc7___RS_Early.B 6781.JPG,Potato___Early_blight,Early Blight,0,train,f23017d06c8ad5b9361fa009f5667c12,9d98386553166c68
f0b444a4-ddd7-4286-8a80-423f7e71c526___RS_Early.B 8753.JPG,Potato___Early_blight,Early Blight,0,val,323b4073642b585e64886401e70b6fd3,418412264d59129c
f0cdbf74-8401-48d1-b1cc-94862e1a4452___RS_Early.B 7447.JPG,Potato___Early_blight,Early Blight,0,train,a043c23ff8e011d088a7b39bd579ce38,d2dce6b7d363398d
f0f41a0d-7679-4e56-85df-44934fe0cb3b___RS_Early.B 7054.JPG,Potato___Early_blight,Early Blight,0,train,46603c271f8beb2890a9a58dc0ca6069,6fe999d9c97d9bcf
f12d7916-b4f0-46f7-91bd-8dc097743149___RS_Early.B 8963.JPG,Potato___Early_blight,Early Blight,0,train,359423dd33b8486ad27c17d14c9dd127,0b69e58485153c8d
f15637d3-829d-46f9-b45e-1e1768d6b8c9___RS_Early.B 7635.JPG,Potato___Early_blight,Early Blight,0,train,e2fe410f30f2f721a5ecfc3f6db6320d,9e337371332e3c90
f164ce92-d109-47ca-9f75-380a7f16155a___RS_Early.B 7104.JPG,Potato___Early_blight,Early Blight,0,train,3f5c03c9c70733f4650db8b22388d553,cbb37145cd93be7e
f188a6c1-fbed-4941-a5a7-e11a6b4ddcfb___RS_Early.B 6910.JPG,Potato___Early_blight,Early Blight,0,train,e3ea1b6c911c45ac5bc7094c703009f3,96574945731dc7f3
f194debe-e829-4bfb-af09-681e50358f50___RS_Early.B 7739.JPG,Potato___Early_blight,Early Blight,0,train,d7a9c585118532e4cd840356ed5e6081,8759d3a58dcbc67d
f20b88af-30e2-4270-a035-2cf217469cf8___RS_Early.B 8266.JPG,Potato___Early_blight,Early Blight,0,val,4d8483f70132457ae2789a522cfe51b7,0110004d494b4e54
f217f3ba-56fa-4f97-bf9a-07697e08e845___RS_Early.B 9161.JPG,Potato___Early_blight,Early Blight,0,test,0dcb57e3709c27e00ff7eebf04a823c1,9b3959b333c61c7a
f2540cea-220b-4ba2-bf16-7c1c7f32c38c___RS_Early.B 7997.JPG,Potato___Early_blight,Early Blight,0,train,5fe0ec3b239436a5153475f3d5f40305,0c464b6561308841
f2a56e13-438e-4bef-a3ea-beb9f347d481___RS_Early.B 6691.JPG,Potato___Early_blight,Early Blight,0,train,b85ace3586900b486db299e289722f24,0bf1a587f3f3ee67
f2e7be26-b7d3-4e99-8630-8b1650192b02___RS_Early.B 7275.JPG,Potato___Early_blight,Early Blight,0,train,da39a0542aa9eec15a6a54284269b44e,3c47c3516931c9e3
f32a2d3d-9ac5-426c-81d1-bc279def9ba4___RS_Early.B 7636.JPG,Potato___Early_blight,Early Blight,0,train,4979db82fd26a3ea1a720e646c407a36,1e27976b713187f0
f3360814-9e4c-46b0-85ed-73fc77ef7810___RS_Early.B 7550.JPG,Potato___Early_blight,Early Blight,0,train,80acc92598dc10e0c06a44fa30a39a60,9b2244bd91577c70
f3483bdf-7adf-40fe-b478-044b7c9daff2___RS_Early.B 7034.JPG,Potato___Early_blight,Early Blight,0,train,8488bf611eefc539b4d749d93f45081d,07766943464c7040
f3ad73cc-2e88-4157-97ea-d57d87c5760c___RS_Early.B 6687.JPG,Potato___Early_blight,Early Blight,0,test,8fd58cc7c66589d98f5c4e7acc569964,26f3d9f44c31b009
f3b29f09-c337-4233-8968-0fcc66c9fa2a___RS_Early.B 8115.JPG,Potato___Early_blight,Early Blight,0,val,f34db3436a657756328cddf7a4c61ca9,d63363c5f3b3d736
f400079a-ff67-45c2-8a50-5c5b1e08dc25___RS_Early.B 8491.JPG,Potato___Early_blight,Early Blight,0,val,eaf21d3bdf139f5717b992906e763267,071502464f070f0e
f48fc3b4-b7e7-4ad5-a651-0bf61a5173ff___RS_Early.B 8597.JPG,Potato___Early_blight,Early Blight,0,train,35fd0fbc8355b1281bec536c5e303fac,0d647278783e8c61
f536e055-666e-41cc-8ee2-c1af2fbf754a___RS_Early.B 8104.JPG,Potato___Early_blight,Early Blight,0,val,23bf397bd6db1ad10555564b6a3f0765,3c1f0b832b400943
f56f07b9-9f3a-4c80-a4f8-daf49f479db2___RS_Early.B 8741.JPG,Potato___Early_blight,Early Blight,0,train,0d49b080ec8fc5896c687888d9192623,132e091c69b19342
f5ec7cce-c3cc-4b4a-b716-d70175b1dcd2___RS_Early.B 7520.JPG,Potato___Early_blight,Early Blight,0,train,0cc5df126bdac1ba2a33104c75adb9d2,89306240444b6e38
f5fca019-b28f-4000-9d5e-b0b5fd061304___RS_Early.B 7503.JPG,Potato___Early_blight,Early Blight,0,train,990f785f4e113af4fe15cbf5bbf7a069,3ec3c9657499cde3
f686133a-e89a-4242-a52d-02f32ffd5275___RS_Early.B 8295.JPG,Potato___Early_blight,Early Blight,0,train,f48d5a372adb645e8a8862fac3fd8e00,0c43596424148c21
f6d020f8-8578-4c96-afc2-a1e97adb1ea9___RS_Early.B 7521.JPG,Potato___Early_blight,Early Blight,0,val,7857bf2d00359792ac02296782045c7b,5886c7457088c710
f6d8c094-970c-41c5-9f5d-3ded7c8f7b15___RS_Early.B 6846.JPG,Potato___Early_blight,Early Blight,0,test,955e5f169e599deb0250588cb4abe3b0,0216387274795254
f7740cb1-3295-4022-ae6c-7ffeee775f6f___RS_Early.B 8991.JPG,Potato___Early_blight,Early Blight,0,train,ec78e35c44914e0beba5183829b515a4,9b3868f1e3261cf2
f7a5e3e3-796e-4f4a-943c-24d26e2591d4___RS_Early.B 8679.JPG,Potato___Early_blight,Early Blight,0,train,83124bc5117cc19d60468f4ec5ecc611,5cd6cb6571398f63
f7db505f-aabe-4b96-b719-8c930b5ff471___RS_Early.B 9224.JPG,Potato___Early_blight,Early Blight,0,val,ada54572c5eea626914d2f83702ec113,41349e1c31010106
f813e04e-a4f1-4c7f-a56d-cf0829801acb___RS_Early.B 8836.JPG,Potato___Early_blight,Early Blight,0,train,e14b8de3c0d712c46fcea56095f79a35,3b77c599bb8bcfdf
f838c192-a78c-460c-ab90-313dd5014a47___RS_Early.B 7718.JPG,Potato___Early_blight,Early Blight,0,train,852819bb34fc352de6bbcd7b8139ba4f,c32b7954cd899bde
f89d5362-f38f-4acf-8fca-2ea154c07cce___RS_Early.B 7018.JPG,Potato___Early_blight,Early Blight,0,test,5273583961ac7aeb969004fa90a23288,24d2796d24311800
f8b3542b-559a-4aa4-9f4a-ec4d22f4386f___RS_Early.B 7309.JPG,Potato___Early_blight,Early Blight,0,val,c87272064ed2f5c7646e9e6d4e309398,1e134066329a4c20
f8b57e69-5902-4253-8404-11811ecf13e8___RS_Early.B 6995.JPG,Potato___Early_blight,Early Blight,0,train,2622bd56feaeefb79c0b286141d2445b,06213c1808183c09
f8de1c8d-67a0-4825-9ad6-e15809ff909c___RS_Early.B 7348.JPG,Potato___Early_blight,Early Blight,0,val,5cbe86cbc687f5616d428bd1efad112f,efcee6f3c3f999c9
f917c191-cca4-4a78-8238-a40b586f9058___RS_Early.B 7945.JPG,Potato___Early_blight,Early Blight,0,test,b7b92f929388f29d6b1748fe7667296d,8f33312d6d732f9c
f9461507-6875-43f7-800d-502ffdb8ec05___RS_Early.B 7604.JPG,Potato___Early_blight,Early Blight,0,train,86390f2745ef7fbfc94e75bd17c201c4,524b652232090905
f9580dc3-d5d9-4990-a64d-3974a9d1c687___RS_Early.B 8755.JPG,Potato___Early_blight,Early Blight,0,train,cc1ff2088b7d62be3d9d3660ec1751f1,06616c6e32980c20
f980fef9-bcf5-47fd-8426-2c503dc35f88___RS_Early.B 6745.JPG,Potato___Early_blight,Early Blight,0,train,d9e82607a7c2c787a28846cc9b2060fe,3b6dc8a1c6231bcc
fa61b2e4-413c-4503-a2a2-cff2d8a11351___RS_Early.B 7370.JPG,Potato___Early_blight,Early Blight,0,test,259c58915f2393a5b75b6a84bfbddc45,c21b76c49c3d318e
fa8656fd-03b1-467c-a877-99ce5632d580___RS_Early.B 7630.JPG,Potato___Early_blight,Early Blight,0,train,b93225e9e7b7bc98cf3a8179cd7383e4,2c27596520194111
faac446b-34ac-414a-9f0e-148d6ee87bfa___RS_Early.B 8934.JPG,Potato___Early_blight,Early Blight,0,train,96e780748272efef06ea958c096a404d,8f3970b2b999ceec
fb8d862d-29c3-41ab-888d-cef47286ee9a___RS_Early.B 8975.JPG,Potato___Early_blight,Early Blight,0,train,a321f664dd162fc97e9f47ea673fcde4,94365adcd674391a
fba7a41d-25df-4a1c-93d1-98d62e3376e0___RS_Early.B 8207.JPG,Potato___Early_blight,Early Blight,0,test,6417ed6d1e2cdde46e131e7ea2cc0ac3,0e7be9a5e9c97b1f
fbbe7b93-e6da-4dc8-b1ee-ba5646a5e039___RS_Early.B 8216.JPG,Potato___Early_blight,Early Blight,0,test,f09cb1158b58a5256f2371f31ace0b16,832b6dd5b1ab8ebd
fbc1b154-7b53-4ac5-ad3a-5e9e5078a289___RS_Early.B 7551.JPG,Potato___Early_blight,Early Blight,0,train,9f4596e7537f571dd9aaa04761777009,87193175514b3e31
fbc7567e-ce08-4ad0-b8fe-ffd98296ce02___RS_Early.B 8607.JPG,Potato___Early_blight,Early Blight,0,train,9834ce519dfb6394d99580ae4b47e739,8f3f6c5ccdcb87bd
fc1ab935-21b3-42e7-a870-02fd71c5d845___RS_Early.B 6894.JPG,Potato___Early_blight,Early Blight,0,test,4fd421e40b54fe2fb9ebf8a735044a1c,06496d20220e0401
fc603fb2-e2a0-4990-8a75-0e4f80f40694___RS_Early.B 7584.JPG,Potato___Early_blight,Early Blight,0,train,bee370fe72b535bc3cbc67503a2d85ef,8f2bf9ece9d34e19
fc73fc01-6a63-4b3b-bfed-74625c5b4b05___RS_Early.B 6945.JPG,Potato___Early_blight,Early Blight,0,train,146f5bcc87a6891bd2fa4bceb47dca4a,87317d7d75330608
fc87399a-b45c-4b0f-a6c9-54f0e4f9d3c5___RS_Early.B 7277.JPG,Potato___Early_blight,Early Blight,0,train,16748dda256c99c1e9d63a9488d912da,c69d317163c34e78
fcbf4e6c-ba09-40f5-97c2-063bb20844bc___RS_Early.B 6938.JPG,Potato___Early_blight,Early Blight,0,test,7c87765fc77b101e3f338f18e7bd1297,6b09315812260d18
fd59ab68-681f-4aca-ae95-6f73bf8caad7___RS_Early.B 7118.JPG,Potato___Early_blight,Early Blight,0,train,6c0f1d44a77aba1331a199c940f0fc38,990e67b355399cc7
fd5b1e1f-48a8-42bd-82b5-cf762504708b___RS_Early.B 8149.JPG,Potato___Early_blight,Early Blight,0,test,aca9873a1fa636a53b27d4c0b636c1d9,072a706449414e3c
fdc1f5ed-66b5-4564-8957-055905b8a569___RS_Early.B 8244.JPG,Potato___Early_blight,Early Blight,0,train,b8a80310f2ca77ee84a7b62b2d5adda7,1d4bebf96d752da3
fdc691b0-2b15-4cb6-8f5d-c4e5654389e0___RS_Early.B 7935.JPG,Potato___Early_blight,Early Blight,0,test,b35307295ee07694f0f4d9ef66bb55aa,8f34fdb959e7661c
fdf3c33c-dad6-4f13-bd58-a31d327d9cb9___RS_Early.B 8947.JPG,Potato___Early_blight,Early Blight,0,train,e4e812f97e7d576aad4fd6e2cf7cc15d,26238181484c8c01
fe24f700-d37f-4e51-b07c-931e8c3ded81___RS_Early.B 8792.JPG,Potato___Early_blight,Early Blight,0,train,cab36353fa4ea58d61d1a247f4852f83,1c93d96c61319d82
fe2a7818-f2ec-4255-93f0-586c88a41624___RS_Early.B 7043.JPG,Potato___Early_blight,Early Blight,0,train,b3e88e94bdc6a94c8d2411935e7e9056,439932246d534648
fe772b3d-351c-4d18-9dcb-26feb90afa0d___RS_Early.B 7456.JPG,Potato___Early_blight,Early Blight,0,val,7f73b4226952f31ef025a53ca7980856,c78d326c5d53563c
ffef8a3b-3e8a-4c24-a27e-64c41708f7a0___RS_Early.B 7132.JPG,Potato___Early_blight,Early Blight,0,val,536291f3510a60cbd1c351ac57360622,0643216263128001
00fc2ee5-729f-4757-8aeb-65c3355874f2___RS_HL 1864.JPG,Potato___healthy,Healthy,1,train,94868f5a9a454f96afb4dd01e6c2c099,3637795d5d339fdc
03da9931-e514-4cc7-b04a-8f474a133ce5___RS_HL 1830.JPG,Potato___healthy,Healthy,1,train,463ef9c01deec2f6280c220b503126e4,a727535f399bcf6d
04481ca2-f94c-457e-b785-1ac05800b7ec___RS_HL 1930.JPG,Potato___healthy,Healthy,1,train,87afda0c5bf9d1ed148257a5fb1cb54a,678d3965531f7fda
046641c1-f837-49eb-b5f2-4109910a027c___RS_HL 1878.JPG,Potato___healthy,Healthy,1,val,112bd38938d4fdb5d7ce40b17f2bd974,8633597a4c0d09c6
07dfb451-4378-49d1-b699-33a5fc49ff07___RS_HL 5399.JPG,Potato___healthy,Healthy,1,train,60bad29137b2483baf83eaf9e6f60686,cc8f3b2343466f39
0b3e5032-8ae8-49ac-8157-a1cac3df01dd___RS_HL 1817.JPG,Potato___healthy,Healthy,1,val,60b2a6f08a3743980c84d9e93dc22bef,1e677175792d9fcb
0be9d721-82f5-42c3-b535-7494afe01dbe___RS_HL 1814.JPG,Potato___healthy,Healthy,1,train,c3e422d5224af3be1f6f6331daa2acc3,9938283031273e31
0f4ebc5a-d646-436a-919d-961342997cde___RS_HL 4183.JPG,Potato___healthy,Healthy,1,train,68a9846d8cc6a963a1ef2a93e1d952c9,a30f337177670f5c
1106c3fc-92cb-41a6-a6c6-8f08b9b45108___RS_HL 1914.JPG,Potato___healthy,Healthy,1,test,5934f55005045bbcab520e017c2c8f87,93335537676f1c98
111cd9d8-4d27-4225-be9e-d29b21cf56b9___RS_HL 5419.JPG,Potato___healthy,Healthy,1,train,d6c13df02706bb7648e02adbf7f14921,3c6f656534854302
142fb983-2166-4a0f-b99b-a6c21e99987e___RS_HL 5398.JPG,Potato___healthy,Healthy,1,val,16bec7f331c8896b90a3e01aa085a449,345341140c0c0921
14484ea5-9c34-427c-abe4-2743265aced0___RS_HL 4204.JPG,Potato___healthy,Healthy,1,train,b6edbeb5de7bc65f91678a9ad64ccfc3,278d9b93362d1830
144d2475-21ab-4bdc-a67c-9672a9b711e6___RS_HL 5376.JPG,Potato___healthy,Healthy,1,train,0ee7039ec145c34312cfa7dcd4d0e6cd,0b0d25653b271d9b
163ada72-4288-4f85-a3c1-feed23c8d1de___RS_HL 1940.JPG,Potato___healthy,Healthy,1,train,524f11a42d16ba22ef134095a6f3ee84,9c4e63793e194931
170f1f57-0fd4-421f-9c82-3b1804be63ad___RS_HL 1771.JPG,Potato___healthy,Healthy,1,train,7a3f23279884f711f5af96760ca32457,0399393d7b6e7860
1a1184f8-c414-4ead-a4c4-41ae78e29a82___RS_HL 1971.JPG,Potato___healthy,Healthy,1,test,87711ef0f43d58ac48193bfc65a615f8,93216141434f7d73
1ae826e2-5148-47bd-a44c-711ec9cc9c75___RS_HL 1954.JPG,Potato___healthy,Healthy,1,train,30a508cc89e5fff26ecc23d624c92614,3c8e8b613109637b
1b434c52-7be4-40c4-90d5-13220f1a3eba___RS_HL 5418.JPG,Potato___healthy,Healthy,1,train,d9fb26c9867c1320aca5d52952897845,4785992509132e58
1dcfeaa9-006d-470c-b3e5-d67609d07d4e___RS_HL 1808.JPG,Potato___healthy,Healthy,1,test,ef53ee7325879cd2146b2dd6dd328e75,1c462339399d4df0
1f9870b3-899e-46fb-98c9-cfc2ce92895b___RS_HL 1816.JPG,Potato___healthy,Healthy,1,train,bab6c47496780dde334f8a649e80f200,9339383a393b9ecd
20ac28d6-5708-4e31-8676-1b1979de094f___RS_HL 1735.JPG,Potato___healthy,Healthy,1,train,a4a28276c75c2a5bb516e8dc5163e13b,cf99397074218f4c
22322780-95b4-4b45-b626-26b22965d55e___RS_HL 1880.JPG,Potato___healthy,Healthy,1,train,4eeeb8f971c9c128440e98e9858bbe80,c3193803291b9ec9
23f1ab77-d664-49c4-92eb-41eb66c6d101___RS_HL 4169.JPG,Potato___healthy,Healthy,1,train,800e8ecbc15a4744ce5c05f39ab8d993,8d99392b263c38c0
23f4d3b1-23f4-43fb-96c2-dae37224ec74___RS_HL 1803.JPG,Potato___healthy,Healthy,1,train,da86b6e67b20e4611acb83617be92f55,ce2e63474b0f1c59
2ccb9ee9-faac-4d32-9af5-29497fa2e028___RS_HL 1837.JPG,Potato___healthy,Healthy,1,train,d2df674902a010473141b011a180868a,9d3663e1ed2b1f99
2d98cbc8-cbe6-423c-b2ab-3f7f8bcea5d5___RS_HL 1945.JPG,Potato___healthy,Healthy,1,train,ec5969fc499ffceeba31bb882cce2dc6,9623757d390d272c
2dee1571-ef6b-40ef-8c46-334e89aad3f1___RS_HL 1950.JPG,Potato___healthy,Healthy,1,train,c78b847efa155fdf99f57342465ba091,2e85252503030f06
2e0b8b4b-e900-408b-b760-730690bbd382___RS_HL 1901.JPG,Potato___healthy,Healthy,1,train,5fad4666f1761f18a3219b34a4097a11,2466636341138666
30126310-39de-4c02-b10a-23409417a4f6___RS_HL 1826.JPG,Potato___healthy,Healthy,1,train,c02a3f9d3f139313def0e0c395bb70e6,1c6643652713c333
30937333-8898-4634-8c00-af57d3020ba6___RS_HL 1922.JPG,Potato___healthy,Healthy,1,test,2f061edb8103ca0751ff9c5d8ad11f8d,3c56c3c12313c632
31a09d39-6791-4ecb-8f44-af2ed85dbd33___RS_HL 1970.JPG,Potato___healthy,Healthy,1,train,24d6e5d72f58949c48f91541291a5205,9e0f63a143038ecd
369479a9-3c28-4d77-8731-9ae54e719af3___RS_HL 1785.JPG,Potato___healthy,Healthy,1,train,6da8fb5218918f560710c04a50ac429a,3edec3cbc743c9f9
36bdc44c-96a4-40bb-86f7-63a91d706e96___RS_HL 4203.JPG,Potato___healthy,Healthy,1,val,0f1f774b16dc6c65288221c97d2da497,27732b63676e1db3
38faf81d-c83b-42ca-b4c3-e3bbfa070589___RS_HL 1805.JPG,Potato___healthy,Healthy,1,train,1f4a6e57da9d59dff6b033a2723de477,7b5e8b4f270541b3
3a00204c-5e53-4e5d-95a6-f8819031744e___RS_HL 5420.JPG,Potato___healthy,Healthy,1,val,7c7b2f102e309f95c0940ecd6784fe7a,e3c79d3123461dfa
3a1dbeee-089c-43f0-8f51-a92d3687a515___RS_HL 1754.JPG,Potato___healthy,Healthy,1,train,9083bb240105986be0dc7ab31b263a77,9c0f6375741e0620
3c0d6888-c7e1-4cf8-9c25-9a0b8c62ba72___RS_HL 1780.JPG,Potato___healthy,Healthy,1,test,defe45a3e40c59de3527b80ad6894e9a,961b797d7d1b874e
3edf7c3f-73e0-439c-870d-76cfd7c3bc45___RS_HL 1859.JPG,Potato___healthy,Healthy,1,train,415ba9e014abda9a51fb7d2ba27dc4fd,2c47f3f571338685
3f369e63-81eb-4194-a145-df9ed91abc5d___RS_HL 1745.JPG,Potato___healthy,Healthy,1,test,92c4b2c3b955016d8f3bf4e4bd21cb72,1f66e3c96113c661
413bc2e9-eb2a-48fd-ba65-48b5121fd85c___RS_HL 4200.JPG,Potato___healthy,Healthy,1,train,26017aade02ab72c0c0ea4bbd09d406c,21c58d0103674e18
414f6249-9f78-4af5-9593-9d5a7e7d979f___RS_HL 1918.JPG,Potato___healthy,Healthy,1,train,7e06a99878f4a00d756de1cf3a4f348b,f2c79d31135b5e7d
415ac4a2-8f16-4052-880e-1e1f208965f0___RS_HL 1884.JPG,Potato___healthy,Healthy,1,val,2edc38fa63d7fab2c70d0f9442ced841,b84e43c921238605
43fd6ace-3712-494a-9aba-de5482d22561___RS_HL 1968.JPG,Potato___healthy,Healthy,1,test,16abb97bccc1aa81b605f01dd0efe7d0,c41d38787b633e38
45bc0b37-ca59-4a89-8531-705af42a6fd5___RS_HL 1946.JPG,Potato___healthy,Healthy,1,train,3aac33fedd4a1d5baefbc4245beeaeac,b63373717129034c
468d3107-f09a-4f0d-8b9d-f08d7c49738f___RS_HL 1747.JPG,Potato___healthy,Healthy,1,train,1567b8cef7a69b15d0ccdc8a65e51da8,8c26233131896131
46b2555a-c0a6-48c2-af13-0816e147e4de___RS_HL 1943.JPG,Potato___healthy,Healthy,1,train,4916b6a4de7398f78b6942fd2ff79073,923373713929066d
4a08efaa-28cc-4356-8769-4002f4b299ef___RS_HL 1850.JPG,Potato___healthy,Healthy,1,train,b3ca8f08b822c9912583e4cd2164b68b,9627436121279e48
4ae82355-6885-40e7-9807-dabe46ed3441___RS_HL 5410.JPG,Potato___healthy,Healthy,1,train,f2194df99a7cbb50e60713608231b4f6,8e13397179339fcc
4bbccfb6-5720-4c80-9b37-0c3ed8999c9f___RS_HL 1791.JPG,Potato___healthy,Healthy,1,train,7b2b479b475feef4410f3baf1bde3299,22439c3c3d395a04
51a03694-82cd-43a5-9877-ddce42c1a5ad___RS_HL 1779.JPG,Potato___healthy,Healthy,1,train,879452c4c37af8f24ee674cad49fddf4,cd37717c7d038724
52dd2fdd-6966-450c-a42b-ee14428d4271___RS_HL 1955.JPG,Potato___healthy,Healthy,1,test,f0e442d3a3f29bceba70673b47446a80,de3323416b278e5b
533abd3a-3e1d-42d0-ae9c-5189282b78af___RS_HL 5369.JPG,Potato___healthy,Healthy,1,val,7c5c88e40df25698f352b69c8ae6a655,0b1d0d6533238ecc
54f86311-9d76-421b-b401-0b02f6e738a5___RS_HL 4172.JPG,Potato___healthy,Healthy,1,train,319138aeae55a5b192ec683dfb98f2f4,07333743573d7bdf
56ae1281-5ee5-4f2a-8678-c2e4491878c6___RS_HL 1869.JPG,Potato___healthy,Healthy,1,train,43189c4d2d0d8976b4dea834f282c6a5,a92673597d3bce6d
57c2663b-5d1d-4476-b067-38b2149c3b2d___RS_HL 1796.JPG,Potato___healthy,Healthy,1,train,dcd845e052fb875b18620a0f8efd4afc,8636737b733e3c30
57e24d88-fd01-4422-b8b5-d688d2296184___RS_HL 5401.JPG,Potato___healthy,Healthy,1,val,be6f80d7f1eb89a003dc1eaeec45dbbb,3f5f4b77557333d6
57e262fc-e0ba-44db-a967-5ba6f1826e49___RS_HL 1897.JPG,Potato___healthy,Healthy,1,val,fa163fb41722ed3fdffb505a078d8610,c6c69935293b260d
58a98860-86d8-41e7-9f8c-cc2ca5e90012___RS_HL 1758.JPG,Potato___healthy,Healthy,1,test,3456a126b777f9da871ce1ee2423a060,3a1d4e63331f4363
5a3fc4bb-a78c-4276-8934-f0b037ffb860___RS_HL 5412.JPG,Potato___healthy,Healthy,1,train,41d7ba8a966cb4f615a38815e73f2db7,185e6b69358d4500
5cb360dd-5c17-4c57-b31d-97cd8dd8d0bd___RS_HL 1797.JPG,Potato___healthy,Healthy,1,test,1c9ae84db3dd8ac7f17c8045dc9daa6f,8c2e66f36b2e9c58
5d505af8-3f73-4781-980c-a4a696a04550___RS_HL 1934.JPG,Potato___healthy,Healthy,1,train,13cf93f6ae247e663b7e3a3d773b25b1,0e27391f3b174624
5df30492-0b54-474d-8883-bba9474ca88f___RS_HL 1801.JPG,Potato___healthy,Healthy,1,train,24ee57be9d2d0c2d251abb54704efb44,6497396d69631e99
5e19b1f4-fd65-4c4d-bcd2-18c8c519eddb___RS_HL 1965.JPG,Potato___healthy,Healthy,1,train,24fb8a6cb90a3d9cc0e1a03c6799bf0b,1c0e6365250346f6
5ea316eb-10a2-42c0-b781-40d90356ccaa___RS_HL 1935.JPG,Potato___healthy,Healthy,1,val,9c413cff45c97ed0f2b07f891b40943e,9d4ee7af6b07ce6d
5fcbde8f-52af-4963-b324-ff7f4dd6bd4c___RS_HL 1762.JPG,Potato___healthy,Healthy,1,val,afec70ebefbf2daaa8adae46367cb95a,8e33604219378cc8
60e9a878-13e0-4345-964c-fd807cd20bbb___RS_HL 1876.JPG,Potato___healthy,Healthy,1,train,89ce597d6fbb67c09d8dd0892eb85fef,3f5fc9cdd9199bfb
61b05f0a-14bc-4c8f-a256-57c8b8898d8c___RS_HL 1769.JPG,Potato___healthy,Healthy,1,train,01e45baf60f1282ec0cdd21ee313471b,4b993073193f8f0d
61b8a692-91d8-40f5-a4a4-4d910875a638___RS_HL 1966.JPG,Potato___healthy,Healthy,1,test,c480dcdae5e40c0909eb67c062577139,ca037145430e1c60
683b04ad-7941-4819-9965-ba32c725eb22___RS_HL 1861.JPG,Potato___healthy,Healthy,1,test,9a254de5d6526f76147d46bcc056864c,4ec343532b8fc9e5
6f4b9acd-f34d-4771-a6bc-2001de2dd1d3___RS_HL 1898.JPG,Potato___healthy,Healthy,1,val,46d6360f4072281d11eb448667c55183,1a5e4b6b791f8602
71c06efe-089f-49b3-beed-095bd7640e32___RS_HL 1947.JPG,Potato___healthy,Healthy,1,train,ccd757d5761baece96d4d1dbf4d86923,ce232160700d0987
750584fd-72e0-45c8-b37c-97208bd559cc___RS_HL 1885.JPG,Potato___healthy,Healthy,1,train,d121c11220841f65a6cd5c7967050750,841f795d5d3f1ecc
762672f4-17e6-4fd6-84f1-3bcb091b3ca5___RS_HL 5417.JPG,Potato___healthy,Healthy,1,test,33011142b05ccb0473e9a573ac7c5079,9c17334565270e4c
774875d3-438a-4305-afe2-7d59e2925dc4___RS_HL 1759.JPG,Potato___healthy,Healthy,1,test,976e35bd49e7a69cd9e3d8b243248fae,984c466363338e66
77c75478-e1f0-4aaa-9cbc-af1fed928a74___RS_HL 1748.JPG,Potato___healthy,Healthy,1,test,4c691bb25aa12fba9be3c7db59107fce,8e3361614b278e98
7948ada9-eabc-4cb7-a579-b73e938eb716___RS_HL 4185.JPG,Potato___healthy,Healthy,1,train,c6fbd47b34b2413bee303cbf748ab4f8,873b4d2353372f1c
799b10e8-ba67-4e08-9abe-748789572ad1___RS_HL 1881.JPG,Potato___healthy,Healthy,1,val,3ba67e03f29dc0bf2aa4563cd4a7d3e6,1c4fcbc921230765
7bfda067-6e35-4af5-a9c4-4b3b5f357871___RS_HL 1813.JPG,Potato___healthy,Healthy,1,val,1537e0b4380975abd95c30d7f9fb7513,0c47e3e163360c6b
7e6c8297-dfe1-4826-826e-01d696cc263b___RS_HL 1863.JPG,Potato___healthy,Healthy,1,test,c5fa9bdcdf9eca2f0da67b471de40da8,1cde73572f9dcf39
7e7b6ab4-9adb-4a3b-abfb-8716b0039879___RS_HL 1921.JPG,Potato___healthy,Healthy,1,train,96c26a15e1e11a259aa00c63ea96108c,1e233331398f4330
80bb8697-bfab-449b-b870-e1ed2089df58___RS_HL 1827.JPG,Potato___healthy,Healthy,1,train,8ae4629c4a31f0014dd0f75b3140b4cd,2343018143278c59
849aa978-c7b9-4344-9ca8-129219a65f8e___RS_HL 1874.JPG,Potato___healthy,Healthy,1,train,407baf2fe02c3692687c36b7eb1a3e16,4b09311475630f2f
8583c4ff-2d8b-4b6f-89a8-fcc98917ce9b___RS_HL 1961.JPG,Potato___healthy,Healthy,1,train,5c58f51c4598b3aabade991324aeb1a5,3c2773797e390f64
8665efd2-fa3d-45f8-b1c0-746c99fb7d1e___RS_HL 1924.JPG,Potato___healthy,Healthy,1,train,17dcd674667f6ae660a347cce182f55e,1c4f69393a3fcf2b
875d6ded-5f01-495c-a945-ad2e17f87f91___RS_HL 1848.JPG,Potato___healthy,Healthy,1,train,90b1f286ec4964748465f315e2990d7a,458d3c4a583f3eb8
882798ca-67c3-45a3-86cf-4aed69388145___RS_HL 1750.JPG,Potato___healthy,Healthy,1,train,eff9631c04b3e4946fbe9bc6541cbca1,e68f193e2d1b9f48
8b2ce6b6-f00a-4f25-ac6d-4249dd7dc5f6___RS_HL 1890.JPG,Potato___healthy,Healthy,1,train,008da30b1c4708bd67d56de041fb4cec,579b39590531379c
8c1e1281-5937-4559-a02f-02817de6e122___RS_HL 4173.JPG,Potato___healthy,Healthy,1,train,4e84216332b5e4c2e050e20568c0578e,ac264fc383ce1f97
907f26b7-a14f-463f-a41e-f35d6e0f1417___RS_HL 1757.JPG,Potato___healthy,Healthy,1,val,6ea37ba7ffd7c9ea6b5f9d8a6f88d296,0e36e3a3e1230e4c
923d4cc3-021a-4bcd-9f5f-1d6f69e4ad33___RS_HL 1888.JPG,Potato___healthy,Healthy,1,val,222adfb13a7a6e9f9beb7c1237b246fa,c603034161339e49
929107f1-4ae9-4dae-8319-ae7cf4804236___RS_HL 1932.JPG,Potato___healthy,Healthy,1,train,4cca9c996e44c6682b59a1257b707655,e68323475b6e3f3b
949cafd0-098b-497f-9590-f0fb8ccafc94___RS_HL 4168.JPG,Potato___healthy,Healthy,1,train,ff3168e659e59b88a1049e2f0e9299b8,1b9d312d3b3b1e9c
9a6eb7c4-6b43-477a-89e0-69f62ef67991___RS_HL 1846.JPG,Potato___healthy,Healthy,1,train,2b8616c782e87d5cd48f2970ead43138,2766432141278c99
9b5be0c5-7d7e-493d-88ba-c721c85f73ca___RS_HL 5405.JPG,Potato___healthy,Healthy,1,train,027880a6e3bcea9192a59b8c24438dd3,3c3e33640c0c0103
9c620128-2872-4bbb-bc14-d5b785242cf6___RS_HL 1751.JPG,Potato___healthy,Healthy,1,val,e7bb18626dea14ff6687d226495499d0,668f39787d73662c
9d7d1bb9-1b10-4a8f-a961-e404b9d5acf8___RS_HL 1960.JPG,Potato___healthy,Healthy,1,train,c0cb64ec851015d1f108c5131c1dd487,9c2763c5c9230edc
a02b6205-b40a-4178-8b34-3494f84b9d1f___RS_HL 1958.JPG,Potato___healthy,Healthy,1,train,187d7e969f5b95c6b3511201d11f4ad1,7d4e63d35b1b8666
a1abff90-34e5-464d-b4d3-0c09f5924900___RS_HL 5414.JPG,Potato___healthy,Healthy,1,train,e6c9bb6c22363887e7d1eefd87333460,1f7767cddb572ebb
a3ec91aa-8503-4711-a912-0d1427e25686___RS_HL 5409.JPG,Potato___healthy,Healthy,1,train,3a447241f8e8195bd25418b2d6556514,8939394b736e7c70
a4d1d8cb-26a2-413f-a229-021e2eea87ac___RS_HL 1819.JPG,Potato___healthy,Healthy,1,train,cb1a10298478d2d80d22f17fdcbe21a8,cb1e3b6b6b2316cd
a5050bde-febc-4931-b31d-45c9652df318___RS_HL 5373.JPG,Potato___healthy,Healthy,1,train,7846d0a58fe50c8ec1c9427352766f02,cf8d2d69f3eebd76
a8d687be-3777-403f-bae7-5c8c19340b3f___RS_HL 1738.JPG,Potato___healthy,Healthy,1,train,1805a104e0efaa1776655cdbf1980246,690d3d385141236c
aa04db6d-645f-4e8a-88dc-c9f9396f0800___RS_HL 1975.JPG,Potato___healthy,Healthy,1,train,c44083c5c077786812eaddea818048dd,41952123070c3c76
ad9b6cf4-e065-496d-91c7-5713ce14e19e___RS_HL 1926.JPG,Potato___healthy,Healthy,1,train,d267ea096308511ed6e3a03daeb50813,83098b635b0e4e99
af15ac00-67ff-4114-ace8-6dca48b94665___RS_HL 1865.JPG,Potato___healthy,Healthy,1,test,cc7db0f2cc8f56092986c3bf4cf8d8fe,2633313475379365
b0fe9fe9-52e7-40e4-b4c0-769f1a0c7fb9___RS_HL 4175.JPG,Potato___healthy,Healthy,1,train,e73c6fe7f6d5fb6a8da2d55d458edb4e,2825078d332b1e1c
b28c43f9-5844-4e9b-86bf-36bc114cae07___RS_HL 1736.JPG,Potato___healthy,Healthy,1,train,80279dd15a87a03551e1b6ad1b7a4b8d,668b3b39712b9e99
b35b9f8b-daca-4d12-a5be-defe68d0acc5___RS_HL 1903.JPG,Potato___healthy,Healthy,1,train,425d0c1c013e0e2d0f4bfaab4eb2bd73,07133703134e3824
b4031970-60ea-4739-9fed-6c81be1bad1c___RS_HL 1752.JPG,Potato___healthy,Healthy,1,test,52af546c0d8f6a84c2cf7b07a1dd977a,e6cf993e3d9f9fce
b42621c3-f751-46e1-a8d2-83ed85b90554___RS_HL 1740.JPG,Potato___healthy,Healthy,1,train,ef7cd1f5ac0d3917a27d2c20978b9a80,971b717040278f4d
b536ea91-c5f8-413b-87f3-a22ac3d959d1___RS_HL 1825.JPG,Potato___healthy,Healthy,1,train,41e5ea152b04a8cf92b442e8a4c24f48,1c46e3e5651981e1
b61b9d33-59ea-41b0-a554-c382eb6128c5___RS_HL 1919.JPG,Potato___healthy,Healthy,1,train,79f4dfd25db23bb6bb37421fc287e015,460b3d4363763c20
b89db9d3-a413-4781-bc88-5f6c2085ab5f___RS_HL 1909.JPG,Potato___healthy,Healthy,1,val,27f1bb382c736cb4960fbe0173755802,181e636141270301
b8b7b98a-eb1a-4213-9b0b-aeef4df427e8___RS_HL 1858.JPG,Potato___healthy,Healthy,1,train,9f725445fdb2293274395b646d6245ae,8b19787271278e98
b925ad3e-fc49-497d-a6eb-115f0de20800___RS_HL 4170.JPG,Potato___healthy,Healthy,1,train,084bca0283e2c36fb3f7f202eba10c6d,85393b6d43431e99
b9ea902d-e557-4fa5-893b-39a7a57c0121___RS_HL 1893.JPG,Potato___healthy,Healthy,1,test,f91f0c8f3b3c78f9070ce796711c4095,060b312c2c090f6c
bb04f738-1848-4dda-8834-384a48b335cd___RS_HL 1765.JPG,Potato___healthy,Healthy,1,test,10191f43ff3dd7a0f50bdc9a093e6b12,208e1b31491b0e48
bb328d40-e4e6-4b84-a92a-e7cb3922c19d___RS_HL 1829.JPG,Potato___healthy,Healthy,1,train,4cbdcfd7f44305071e69852a493689e0,9e174b4921914923
bde33d08-678c-4f84-b80e-fcb986a9a446___RS_HL 5415.JPG,Potato___healthy,Healthy,1,train,7c5d90855e146bbeda630847ddf1d83c,ff9c9edbd97983c3
bf2bffbb-cd8f-4d36-bd58-847808397c75___RS_HL 1786.JPG,Potato___healthy,Healthy,1,train,c1369753a396542a900a0409f09d96d5,ce1f39383c9bceec
c07db642-c675-4066-99b6-56bc8207fb37___RS_HL 4164.JPG,Potato___healthy,Healthy,1,test,56d035a80ee36515454196b64a8c0fdc,4e173d1d35170724
c3caa84b-6078-4489-80ac-919d92d25ff7___RS_HL 1772.JPG,Potato___healthy,Healthy,1,train,ea7510b93621ca87d11f4ae134552b2f,419d383c39373eb0
c548fe0e-21c2-4241-b806-1e438a1213bd___RS_HL 1770.JPG,Potato___healthy,Healthy,1,train,ef5dd6a1ab521dafb2e0d5bc504cfd82,431939797b3e3c40
c6204cb3-cd9f-4d7b-92a6-9773fe562cab___RS_HL 1939.JPG,Potato___healthy,Healthy,1,train,bdaa3eaf78e459dafa78760640635d87,c78139316343cecd
c6abf1da-b06f-4cd2-8af6-d68be5eff6f9___RS_HL 1766.JPG,Potato___healthy,Healthy,1,train,f775616c62a14f9694654bf3a15c1a73,9b3120771b3f8e08
c85bacb0-e5e8-4127-a0b0-a7342f2cab5f___RS_HL 5406.JPG,Potato___healthy,Healthy,1,train,fe79f29d134735de6491b5d5accc8559,ef8d3141515327bd
c9ad5c9a-c9b0-4e07-9e03-9e9edfd58a19___RS_HL 1755.JPG,Potato___healthy,Healthy,1,train,9a4aaa05594c22700fe101923176934b,dc0663616511c7e6
d1752ed4-a0a7-4075-917d-205c0e785dcf___RS_HL 1911.JPG,Potato___healthy,Healthy,1,train,71335a6522db06747e1ba8e5ad2debf4,8e0f6161218343fc
d227e4c8-e203-4aa4-b813-25b96baa2869___RS_HL 1831.JPG,Potato___healthy,Healthy,1,train,61cc38ee61888d54f4eb55a711270258,873373537b763e9c
d287be3d-cac6-4485-8c31-674fb8b459be___RS_HL 1973.JPG,Potato___healthy,Healthy,1,train,fad640a8fc7679fcb84299c7e48b37b3,4c0f0361c12306cc
d325e580-5faa-4aea-927d-2700f52cc343___RS_HL 1872.JPG,Potato___healthy,Healthy,1,train,f407f948b3263af3edb5e495e0a65dd3,1e6367775d0e0ec6
d340704d-cc00-4068-bb8a-ae70840b7bfa___RS_HL 1773.JPG,Potato___healthy,Healthy,1,val,68b3508ca9e2f548e14fca54033d9a24,862379d1e3465c70
d50a580b-46bd-47f5-a0bf-8535da774104___RS_HL 5408.JPG,Potato___healthy,Healthy,1,train,8d71173b70ef91380f6a6aec4c82847f,377373554d198be6
dbe4f332-9189-4b76-b30c-f0c9a55e48d3___RS_HL 1841.JPG,Potato___healthy,Healthy,1,train,953e2b042b9f9c25b6b9e85baad16565,8c363355673b8e6c
dca8ac5c-b925-435a-a5e9-da09fa8938a1___RS_HL 4182.JPG,Potato___healthy,Healthy,1,train,4c008236e0e18b36846417d2f3f4bcf8,2243093d3d250716
de9a8669-d437-40f0-aa56-fe2d8276a1e0___RS_HL 1910.JPG,Potato___healthy,Healthy,1,val,166da0fb921cb87aecfe7929ac50ea2f,3c4e4b6777339bc3
e1b49d1b-165b-4f4e-8a30-735e62bc39c5___RS_HL 1839.JPG,Potato___healthy,Healthy,1,train,66c23605984503e18d49f76c0a9318ac,1c4f4365361983b9
e34e563f-7a4a-4b44-bdf2-b6f96cbcd929___RS_HL 5370.JPG,Potato___healthy,Healthy,1,train,fbe4cca2af1d9f11c3a7a33d320875da,41079624251b2e18
e51367c1-d582-45e3-acf6-b0e652b43d3a___RS_HL 1873.JPG,Potato___healthy,Healthy,1,train,1c5caf4a84c60337c7d80b2293958c96,3effe3b91d1d93fb
e693354a-053c-4093-8642-cc8f5f9eb2cc___RS_HL 1746.JPG,Potato___healthy,Healthy,1,train,8cac524821cbc3fafbcbc76ec5fb9240,0d7763c949230e8b
ec6e43d3-512d-4908-99f2-c9e2a0be54be___RS_HL 4202.JPG,Potato___healthy,Healthy,1,train,2735270eb8c8eb38f5952e3ce5c82057,0b85e1e1713396ce
ee052892-e935-4fbb-9344-4d23c57c6890___RS_HL 5400.JPG,Potato___healthy,Healthy,1,val,4fc2921a7397d12fdea21130ec9f452b,cb8b6fc7c78ebd7b
ef7005dc-1d44-412e-b858-145a2d7a6fa9___RS_HL 1951.JPG,Potato___healthy,Healthy,1,test,2d71b16ddca044043532d236db89bdc0,ce03317b6d2b8ecc
f0036dfd-9f46-4f2f-9001-5973495f2171___RS_HL 1849.JPG,Potato___healthy,Healthy,1,train,38269e8534675dd1463dd2ee84824319,a63371715c6a0ccc
f0fdde26-78b4-46f0-9eb8-7c2a743d34aa___RS_HL 4165.JPG,Potato___healthy,Healthy,1,train,2c8b8500dea18c15dfb6acd01d0ddcf7,27c799992b3a260c
f30983c0-6e20-43cc-8672-4622ca34c830___RS_HL 1949.JPG,Potato___healthy,Healthy,1,val,846cc31972dd249117160c12b7c0829f,f6973745470716cd
f4b5ec24-d318-4309-8294-9126450d5d7f___RS_HL 1824.JPG,Potato___healthy,Healthy,1,test,4e0904a7e15b24b66633206a95a06162,ce1b336343361e88
f4be3632-42a1-415a-9f7e-1d5ecb9f49d7___RS_HL 1783.JPG,Potato___healthy,Healthy,1,train,5b5e140505ef47a041fdf6864dc575ad,8f3d65456f2f1e38
f5bd2732-197b-4d8e-bb50-a4966dc416f5___RS_HL 1840.JPG,Potato___healthy,Healthy,1,train,10bbec9faf4ec601265e87832de8a89b,9436617444258f4c
f66af6c0-6fc6-4020-b1de-a73685d497c2___RS_HL 4181.JPG,Potato___healthy,Healthy,1,val,123c138c6caa7243f35b1a572eabb90d,4e87350d5d270e4a
fd92bd9c-02cb-4599-8673-9316159504a1___RS_HL 1927.JPG,Potato___healthy,Healthy,1,train,0958543da291e8f87586590c55cea3df,8b3161c10b1e3c50
ff700844-68ad-4e99-8427-58a39c07f817___RS_HL 1860.JPG,Potato___healthy,Healthy,1,train,63c641d52d21a5ac30ffbd0f23acb1dc,367379b57123860d
0051e5e8-d1c4-4a84-bf3a-a426cdad6285___RS_LB 4640.JPG,Potato___Late_blight,Late Blight,2,train,2b74dd45e0035523a0f43ea7025b5e7b,c18b9b931e2e98e0
00695906-210d-4a9d-822e-986a17384115___RS_LB 4026.JPG,Potato___Late_blight,Late Blight,2,train,242ffb563474734f12b550d409b988cb,1b0307172f7e7e40
006cc01a-1888-4326-9b62-a65cb55a6377___RS_LB 5207.JPG,Potato___Late_blight,Late Blight,2,test,4275311b4bebb20815e9adfc6e5873f5,f9cb9db973539e7d
0085ef03-aec3-431a-99a1-de286e10c0cf___RS_LB 2949.JPG,Potato___Late_blight,Late Blight,2,train,1bb1c3d0bc8871f5b855db59b52a4f7d,881a231180000401
00b1f292-23dd-44d4-aad3-c1ffb6a6ad5a___RS_LB 4479.JPG,Potato___Late_blight,Late Blight,2,train,71b10c978b684962ab2491686253f777,4c962e4f1f3c9ada
0114b195-844c-4978-93a9-b0d5aae010f1___RS_LB 2738.JPG,Potato___Late_blight,Late Blight,2,train,595369db0a8ca5313d39026ed0333542,8e67f7e6b6bfefdf
01270f5c-a44b-4da7-9398-289088c197ab___RS_LB 2517.JPG,Potato___Late_blight,Late Blight,2,train,9ba23b35178d17ed2de31275c1f5f68e,3b7171713c199346
01a8cc9f-074a-4866-87c8-bb5a9e3895b4___RS_LB 2968.JPG,Potato___Late_blight,Late Blight,2,train,ebb93dbc840e718b9b1d14a205835d04,182663797571379c
01ad74ce-eb28-42c7-9204-778d17cfd45c___RS_LB 2669.JPG,Potato___Late_blight,Late Blight,2,val,e05caa21d6aaf67ff3acef40964e28a7,1e77f7b7772f8fce
0201bf8e-27e3-4c92-ae97-2fb4f665b5d3___RS_LB 4320.JPG,Potato___Late_blight,Late Blight,2,val,add9e3d21b9f7ec6f76822936e5464a4,208703434a461530
02212653-e92b-49aa-96b7-9497af51e502___RS_LB 3151.JPG,Potato___Late_blight,Late Blight,2,train,83edad430b7dcaa8ee0526f6ce8df2e9,9e6f476f69d3fef9
02282fee-ba3f-460e-91e0-630204ab96c2___RS_LB 5031.JPG,Potato___Late_blight,Late Blight,2,train,d52b795f366a804bbdea121698b51dc8,0339387445472e18
025f3c76-6d6c-4dad-ba22-e3e72d084ef1___RS_LB 3105.JPG,Potato___Late_blight,Late Blight,2,train,98d8c6dfa50accc237de0014299b7e19,03099834654b461c
02c8ff21-4e0a-4326-ba8f-089e5cb45b74___RS_LB 4089.JPG,Potato___Late_blight,Late Blight,2,train,41386c0f572cdf5cf1fcd7dbb9378a3e,e48f933323664f1f
030e8945-d3ce-4ad3-8a91-a14c18285249___RS_LB 2532.JPG,Potato___Late_blight,Late Blight,2,val,a27bb59815a676750e312cb5d775d97a,fedfdef7632199cf
031672c9-bf0a-46bf-8b52-d7cdc067612e___RS_LB 5019.JPG,Potato___Late_blight,Late Blight,2,test,365cb6b2b3a8262fd8df418da893b369,234c993131210204
031c39d3-9a91-4e81-85ac-b36512133b0a___RS_LB 5220.JPG,Potato___Late_blight,Late Blight,2,train,e7e0ec821ae990730f3ba9693ba71909,c78d3d31336e5e32
034a54f1-e3e9-4524-a318-9d253d9f1394___RS_LB 2893.JPG,Potato___Late_blight,Late Blight,2,train,a89e9d6f01db7977f73d5f874cd10db1,bfbed373313d87e3
0396e413-e165-427a-ba72-04cbae7b8ab0___RS_LB 4751.JPG,Potato___Late_blight,Late Blight,2,train,e434699d81b3bb03b8d73f6d296e0275,0f0b6945c1633e38
03bab48b-962b-4c08-bc98-da95237d20ac___RS_LB 3190.JPG,Potato___Late_blight,Late Blight,2,train,06c160094aa15cd6eb4ee6971ae449ef,061b3860644d1a30
0441138d-5f9f-4ede-ab9a-49edabc605b3___RS_LB 4235.JPG,Potato___Late_blight,Late Blight,2,train,39c5aa136e2d81c736aeafe4fd90ae5b,0602143c2c391b8c
0450570b-44d1-4290-956d-5d970164a2e2___RS_LB 5160.JPG,Potato___Late_blight,Late Blight,2,train,18695cf6c2f0b849fb30f98826f60289,1659743033180521
04b964fd-7033-4cdf-88ef-b1acbcd8183a___RS_LB 2783.JPG,Potato___Late_blight,Late Blight,2,val,c4f23f39ebba19938a48eff721412754,4747d3714367269d
04bbcc55-93d3-4a19-9137-8de036a8a4db___RS_LB 2647.JPG,Potato___Late_blight,Late Blight,2,train,eadcbad6c43ba670acd4101578f9e792,8e26321b4d370743
04ce7b2d-5e41-43c6-9e11-e1bc4f5e4cca___RS_LB 3224.JPG,Potato___Late_blight,Late Blight,2,train,72503ec7bbf6a203cd351d7de4cd0a70,86265139392f9e98
04fe5855-ec9c-40b3-9893-ca8addc236bd___RS_LB 4913.JPG,Potato___Late_blight,Late Blight,2,val,2858dff6979919e9ca1b2f4c43feab13,c58e235b3b2ebd9b
050b6d37-4056-4c6c-8359-d7823a488531___RS_LB 3944.JPG,Potato___Late_blight,Late Blight,2,train,ce747e8ed8d6de91ddd7a5e196b6a4be,8de66373391b0f26
051089cf-e083-4fdb-9256-aac12b8a55d2___RS_LB 4078.JPG,Potato___Late_blight,Late Blight,2,train,43fddf32dab90ced159eb6792253f6bd,1c262b3b4d63330f
0525ac6e-1d1f-4866-89bd-af4b8ba9c46b___RS_LB 4814.JPG,Potato___Late_blight,Late Blight,2,train,8c5a5d30daefec4a37e82f64368bf6d7,835994244d491e34
053c5330-129d-4515-84da-82a701710723___RS_LB 4576.JPG,Potato___Late_blight,Late Blight,2,test,b157500824f697851e116235726a0ac2,b6274b5b3f3fcd78
05817623-2c4e-4517-88a1-fe81b9a73742___RS_LB 3920.JPG,Potato___Late_blight,Late Blight,2,train,a72f3c0a032c1d1a3712da5b54986af9,e6cf912303165dee
059c9129-51b7-4d6b-9b57-f22e87568a0a___RS_LB 5118.JPG,Potato___Late_blight,Late Blight,2,train,8c4df992c918191f0c0265e51428fad2,238d1424640b1f18
05a51957-779c-4a2f-bf2a-d1fb03947793___RS_LB 4772.JPG,Potato___Late_blight,Late Blight,2,train,946551440c78a97e69739c6bb6e2f072,180c725332260e02
05c29b23-ecdf-41fc-be67-910bb74cd67c___RS_LB 4016.JPG,Potato___Late_blight,Late Blight,2,train,bb3e8155322377fa712fe74919fb334e,02834999999b061c
0651be8e-a2d1-4b8a-97b8-1dc89d79fd26___RS_LB 3261.JPG,Potato___Late_blight,Late Blight,2,val,dc399ee5b42042f4ad3df8d8e04fe872,068333274c4d1b2c
06554e38-28ce-429d-b8e9-520e61e3c58f___RS_LB 2692.JPG,Potato___Late_blight,Late Blight,2,train,31d63941f51d88c2e0e60d8256fd6566,1e77474373269c5a
0736dad0-be93-484b-9e89-bcb825fefda1___RS_LB 5454.JPG,Potato___Late_blight,Late Blight,2,test,88b748c0e8cc75dbbd0ae6a63d365bbe,c20f595979c34e39
073a7489-b8dd-4efc-8393-7f024fe8542a___RS_LB 2617.JPG,Potato___Late_blight,Late Blight,2,test,9c59815e44c3509e66228cfbbc9d4dea,1b397c3c1c0c0903
07fea080-7f6b-48e9-b6b5-10d7daf57610___RS_LB 3210.JPG,Potato___Late_blight,Late Blight,2,val,6aca1763cb56a10a87eae76cbe061d56,c799210f1b121ed8
07ff77ae-07b4-4a2d-9c4a-bb89bb4fb1ef___RS_LB 2985.JPG,Potato___Late_blight,Late Blight,2,train,c86c0da48c3fd6c7dd96b18cb89db225,0c46522b190d0401
08ce9666-2dda-4fa8-8d58-55bb9fa19484___RS_LB 3318.JPG,Potato___Late_blight,Late Blight,2,val,fa806fa3d4c7e4bddb2ddef3a3289c58,1456636535044000
08ddae0c-5328-4183-b16e-c980f197e471___RS_LB 2845.JPG,Potato___Late_blight,Late Blight,2,train,076f4e31075b616dc5914f02ae9052d7,bf3f69c9dbc76d7b
09287918-9f73-4707-823f-f4331f5114a3___RS_LB 2604.JPG,Potato___Late_blight,Late Blight,2,train,e9dd70195eedb1f8a51f072ba1da426e,b61339391f074e3d
09a215a1-a539-4635-a27f-232229ff11f4___RS_LB 4529.JPG,Potato___Late_blight,Late Blight,2,train,08db6c90c98181e78ab56d1df386d469,6fe3253474e5ffff
09a30eff-d386-456d-a6ce-ead7c0d6235b___RS_LB 5068.JPG,Potato___Late_blight,Late Blight,2,test,bdd0054c83ca5d19b8655a146c1c20bc,0703252763269c58
09fa42e4-1736-494e-8c46-50c6900586d6___RS_LB 5212.JPG,Potato___Late_blight,Late Blight,2,train,9953a9c13d3c5262266efa995203d7c3,180c467118884000
0acdc2b2-0dde-4073-8542-6fca275ab974___RS_LB 4857.JPG,Potato___Late_blight,Late Blight,2,val,0097da91d78ae739743feb40f00fe6e3,99ded7332d3f86e6
0b092cda-db8c-489d-8c46-23ac3835310d___RS_LB 4480.JPG,Potato___Late_blight,Late Blight,2,test,7f7fe05a92588bc75c5543e9744d422f,363c46278d9e4d35
0b2bdc8e-90fd-4bb4-bedb-485502fe8a96___RS_LB 4906.JPG,Potato___Late_blight,Late Blight,2,train,1c203e1b8e00055f3f48d55f8c3aabcd,8c17717031894b30
0c2628d4-8d64-48a9-a157-19a9c902e304___RS_LB 4590.JPG,Potato___Late_blight,Late Blight,2,train,7054bbfc33601132c47c9f9490e1c141,0701183a63331e9c
0c83302d-4233-4e98-8ecf-755a970495bb___RS_LB 4904.JPG,Potato___Late_blight,Late Blight,2,val,ad81b01247c79f45fcc2fd6bdf2bd53c,160b397569371c88
0d8346e1-4624-4979-84e6-1353ca59007a___RS_LB 4079.JPG,Potato___Late_blight,Late Blight,2,train,91edb9466c91b5549e5210cda722ef3b,8f1b5dad8bdf5e3b
0e068694-63b7-4edf-a93d-f2e9f28efaa6___RS_LB 3923.JPG,Potato___Late_blight,Late Blight,2,train,91ea7e9557cc4723f9376b2631f52202,010c1831754b5e58
0e7f0484-16eb-4183-b702-0a5b4f94d015___RS_LB 4000.JPG,Potato___Late_blight,Late Blight,2,train,0da4bae39b728d31f7ac6355dce2b5d2,8633797d3553370e
0eb24a67-a174-43db-86c7-cca8795942a2___RS_LB 4722.JPG,Potato___Late_blight,Late Blight,2,train,e58c51342a3a2c3dd50c9a95a319aacb,e7b3254d1fbf9fdf
0eb28ea9-c9e4-4999-9de2-835682241e53___RS_LB 2708.JPG,Potato___Late_blight,Late Blight,2,train,8630998f9f66fe8083347db586fa557c,3b4de6d65b2999cf
0f1fb568-1b12-45ef-ad99-c59fa9075693___RS_LB 3242.JPG,Potato___Late_blight,Late Blight,2,train,6f09ce1d62d10ee8257553767e8fade8,d39b277b575eddf7
0f243024-b1fa-4f96-ac7e-ecaf6dc5bc37___RS_LB 4925.JPG,Potato___Late_blight,Late Blight,2,test,d507f0f849cea4adcaba856785aeed95,9c2e721319dd4121
0f50da52-cb4a-4391-982a-d6cf9c9d9917___RS_LB 2581.JPG,Potato___Late_blight,Late Blight,2,train,f3670f7c8904022226c16b06267351f9,9c36635133331ecd
0f6eac3b-d674-4c4d-ab3a-88689feec07f___RS_LB 5232.JPG,Potato___Late_blight,Late Blight,2,train,c8a638a5cf11849dae9affc23d4adb5a,1c1e430d11824313
0f824e18-3821-486c-81a1-f1f64cf6e767___RS_LB 4894.JPG,Potato___Late_blight,Late Blight,2,train,5c17d651b6e72e0a5e029a6b54382eb8,9633717123132e1c
0fe7786d-0e2f-4705-839d-898f1d9214b0___RS_LB 2836.JPG,Potato___Late_blight,Late Blight,2,train,75ea48427a6bba308869077a5cd6ab61,030d040c0d4f0e30
108aa677-2b51-4d8b-8533-40fba50a275d___RS_LB 3046.JPG,Potato___Late_blight,Late Blight,2,train,6f77ce9f7cceeef0d13e3cec59bcff81,c3372773331a8ecc
10f41035-20e2-4037-96b6-474ce343d6c2___RS_LB 2725.JPG,Potato___Late_blight,Late Blight,2,train,bce979ff6523890215d14d56c0f2fca3,1c763331198c0706
127521ec-3cc5-4f98-ac73-ad561ec29e73___RS_LB 3219.JPG,Potato___Late_blight,Late Blight,2,val,5f3f37855cd68928dca32beb18b09408,74564d0c561b0906
12ce2ab1-14c4-4960-81d4-e6ae776510e9___RS_LB 2880.JPG,Potato___Late_blight,Late Blight,2,train,b657c44c348c9c3a2cb35156537bbe04,c71570594b2e7c60
12d72127-7880-4481-b3c6-caff04116a86___RS_LB 2632.JPG,Potato___Late_blight,Late Blight,2,train,8742d46d0defa7748cf7749f84ab86d4,26c391257549330c
12e2c9b5-fbfc-4bc9-898b-86ead976a615___RS_LB 2702.JPG,Potato___Late_blight,Late Blight,2,train,ff8822ca8b396e98974f9dbbd2525883,0d665b4b2199c3e3
1338edcb-9e0e-458c-845e-206b869f9199___RS_LB 3205.JPG,Potato___Late_blight,Late Blight,2,train,ae93caa8f9c611f79a75aa1e5efca131,194e474523010501
13b1b19c-6720-4238-b384-4c86ea119ace___RS_LB 2765.JPG,Potato___Late_blight,Late Blight,2,train,8f05376fdcd9bf2e90bc74a1db4194fa,1c47616c36060706
140cad58-de9c-44b8-afb4-af5751e2e012___RS_LB 3247.JPG,Potato___Late_blight,Late Blight,2,test,ba29c2362e0e0a64f1433713ceb4d044,0c27331989430112
145216a1-aab7-4f40-851d-a56c436ad0e3___RS_LB 2715.JPG,Potato___Late_blight,Late Blight,2,train,d1c627e084eb100694399fe6ecfa47e3,972747133f3e369d
14691d2b-446b-4f0e-921b-60d3b76cbf03___RS_LB 2518.JPG,Potato___Late_blight,Late Blight,2,train,1ad6f0c35f426bc1e95da3501369de1f,3d66e3e1d963369d
146c4ea6-cf74-4607-9b8e-19c69c85ec86___RS_LB 4641.JPG,Potato___Late_blight,Late Blight,2,train,35a0116b9996b66e55439cf92e274f52,2447133571290744
14b29609-0bde-4d56-ac07-5db1b6df6fce___RS_LB 4983.JPG,Potato___Late_blight,Late Blight,2,train,4fbce85661906c425916e31ed00e33dd,3f6353697d299bc4
152ffbeb-7dda-4313-a792-9faf68c017bf___RS_LB 2830.JPG,Potato___Late_blight,Late Blight,2,val,93577f5f85593f2f5bfd0e2eb6a6adde,0c46474901110103
1531198a-c611-47ee-af7d-7b124b863870___RS_LB 4793.JPG,Potato___Late_blight,Late Blight,2,test,b0254f641dbf52ec294caf01531dcb48,3c27c3f9f9511f8e
1562e8f9-f2d1-43b3-8deb-6b1687bd20dc___RS_LB 2726.JPG,Potato___Late_blight,Late Blight,2,val,fa9dd7723a57b09d80a8dc711bd167f4,34361975392d9999
1650365d-437c-4d36-b110-113a88c1090a___RS_LB 5459.JPG,Potato___Late_blight,Late Blight,2,train,f86265417c4334fb22a341e0bfaab9b6,1d6e33194d1d8de3
16e37160-9dca-4110-a914-955304e7daf5___RS_LB 3033.JPG,Potato___Late_blight,Late Blight,2,train,5f2e39bbbefe0312b4d97ec1ccd1f01b,4703216444597b1c
1736a728-bae9-4133-bfca-60a7c3b6382c___RS_LB 4855.JPG,Potato___Late_blight,Late Blight,2,test,a68ec7d2986b437d9c5ee5f69aca701d,8e0f1b594d273698
17515ff9-075f-45a2-b8e6-1b8ba25c293d___RS_LB 4980.JPG,Potato___Late_blight,Late Blight,2,train,7ca96b70e0030a949645ebc518966ebf,8f3564684c591b3c
1757f48b-435b-4c4a-9de6-47b959ed1e67___RS_LB 5295.JPG,Potato___Late_blight,Late Blight,2,test,bfce2cf745a5cc1b19d7b6a2f6664ba1,c71b37472b774f3e
1789b0d1-d850-4e04-8a20-bc3901d4ab0a___RS_LB 5251.JPG,Potato___Late_blight,Late Blight,2,train,bf0be650c2342b7174c4ac580148cea5,0c0727477567279e
17a07992-ebb9-4368-8cb7-4af40d8ded08___RS_LB 3064.JPG,Potato___Late_blight,Late Blight,2,train,9df656315514c6a655a1aad813a12240,5f2db6dbcb5d0d8f
17d846d2-f2b7-4ba2-847c-7561159334a3___RS_LB 2695.JPG,Potato___Late_blight,Late Blight,2,train,bed09a00c5181cb71340d8e7d7ac70f7,b3c7cd9127230c38
17ed933e-629f-4db2-b4f3-865f69d43589___RS_LB 2599.JPG,Potato___Late_blight,Late Blight,2,train,0e7182d53a82c809bce937af94b8cbd6,ef3677f7753307cf
17f8da33-18e6-454b-b9dc-a34c8dd52591___RS_LB 2945.JPG,Potato___Late_blight,Late Blight,2,train,16c23209539cec78fa04b40a0c12e0bd,5b4de6733f2787e5
19323229-6fdc-4231-bd3e-a46ddcff2111___RS_LB 3196.JPG,Potato___Late_blight,Late Blight,2,train,4557dfdb7566b718a9349a839f07feb2,b4469b39132b038e
19393f68-e96c-4c93-b4d1-39e1c54e53b1___RS_LB 4051.JPG,Potato___Late_blight,Late Blight,2,train,cc17d02311638dccf04ff442ec1a2e82,460333233b170e48
19d8aac3-db88-4a07-84f2-40f7597c2a25___RS_LB 3867.JPG,Potato___Late_blight,Late Blight,2,train,cd76bdd301fa04e18ecebe1fccdd8383,8c0f63e5c7472e9c
1a146bf4-5696-4e19-842e-9e0e1ac7ac6d___RS_LB 5023.JPG,Potato___Late_blight,Late Blight,2,train,c06d726eb42d1db43adbf04971afcea8,7bfee7f35163c3f9
1a18d84a-8811-4806-830f-d10e98b1800e___RS_LB 3919.JPG,Potato___Late_blight,Late Blight,2,test,ba3c8d4130810fa54104e909f7eb8048,1c0f694d691cc560
1a5f4258-21df-4334-a933-2ef073c932ba___RS_LB 3089.JPG,Potato___Late_blight,Late Blight,2,train,c949fef2379603bb7cdc751519b48b4d,0c46433525050400
1a674846-9d13-4a7f-ba03-8931c5dd3d2c___RS_LB 2768.JPG,Potato___Late_blight,Late Blight,2,train,07579d56dd3b0564c58e4ce8f87fadbb,dbdec7d1d9792fe6
1a68ab56-2000-4d7a-ad4a-88d300104b7d___RS_LB 2594.JPG,Potato___Late_blight,Late Blight,2,train,cfc0f35577433a7d6f684641547bd411,c6831b191b0b86c4
1a6fc494-81dd-4649-ad8d-a5a6e58a2aa7___RS_LB 2618.JPG,Potato___Late_blight,Late Blight,2,train,7d3407e1c6e531f6b11645d5463647e9,670b9f3d3963073f
1ab62af3-c0a5-4fab-bb62-e06d6f7ddb59___RS_LB 2908.JPG,Potato___Late_blight,Late Blight,2,train,e8c9c3a7212b203b1d2342297ad51917,7fdf8fe771159dcd
1b7342d7-5d89-4ee3-8b4f-587d79187511___RS_LB 4416.JPG,Potato___Late_blight,Late Blight,2,train,2241791326ea76774872e91ee26c789b,084c6666733387c6
1b8ae46e-1202-4715-8ad1-fd18046c42d3___RS_LB 3880.JPG,Potato___Late_blight,Late Blight,2,val,47ce03505d3135de262ead6bdf247e45,678b3d597b7e5c32
1b8f80ae-38a2-4d08-ae92-f80ff4459a73___RS_LB 2554.JPG,Potato___Late_blight,Late Blight,2,test,8e81e1030b23a98aeee0f37b81755766,3a1e271b399dc1e3
1c207156-339d-4ec9-9153-9edb3bc95b5f___RS_LB 4833.JPG,Potato___Late_blight,Late Blight,2,train,42792702e0d4de2eb9c3fd255ca3d056,479fb5396b724658
1c6412c9-45ce-4814-af8d-274f4e3c9c4e___RS_LB 2746.JPG,Potato___Late_blight,Late Blight,2,test,c9d09e655a9d49269e5649cb3f541c8b,cd0f5fcfd9cf4f39
1c6ec55e-182e-4b7c-b416-07029edfc970___RS_LB 3950.JPG,Potato___Late_blight,Late Blight,2,train,76f22c6d3c71a0e5e11556161d54a693,30dde77371791f87
1cd053f6-0016-4680-a924-af15aecd7fb2___RS_LB 4414.JPG,Potato___Late_blight,Late Blight,2,train,8d5d30206412676a7832796dbb0b583d,274e0b0f1387cdf9
1cd0b065-e637-4307-9e0a-9c20dc44cc59___RS_LB 4784.JPG,Potato___Late_blight,Late Blight,2,train,0bfd39354b6391eb3c562f05189f2ad1,1e4fc16326098121
1cffe6a1-6fb3-4506-846c-478148a2b678___RS_LB 4380.JPG,Potato___Late_blight,Late Blight,2,train,4c87dffa8d07070266023be2b63eeb58,1e39664d1b736c3e
1d05837e-11e4-40a4-8bd5-cfe5ad67365a___RS_LB 5428.JPG,Potato___Late_blight,Late Blight,2,train,af552884518491b3fa38382fcf0606d7,30184cd673331903
1d389389-0585-433a-83c7-30b42db2ca3f___RS_LB 3322.JPG,Potato___Late_blight,Late Blight,2,train,1d3b5aa9f9a5ea58661de15dec5cd0d8,034104b424333e5c
1d4acd15-f2b9-4a2e-87da-9d5a2cc6a642___RS_LB 2752.JPG,Potato___Late_blight,Late Blight,2,val,3f7f3535dd4f3f62dd64a9f6451afbdb,871b7db1b397cefb
1dc41475-aa79-43f1-8648-0c8733d246ca___RS_LB 3319.JPG,Potato___Late_blight,Late Blight,2,val,a3afbb22c21771b829983be52faf7ad5,cd36737125399b46
1e0326a5-b208-447f-9d60-f788ec4b6e3f___RS_LB 4526.JPG,Potato___Late_blight,Late Blight,2,train,b6fd240dcb83dda2004dd19411ef4ccf,8c162b3737278e8c
1e1fde7a-c535-49fd-9670-629f7fb9cb3d___RS_LB 3949.JPG,Potato___Late_blight,Late Blight,2,train,a6708f2d81469ac7b2d2065270ad60a9,8b1b79d7767d7262
1e3e04cc-3778-4d78-b8f9-d60faa0534b0___RS_LB 5246.JPG,Potato___Late_blight,Late Blight,2,train,b5de72fddd7fb9542071efa112a135fb,1c0e211020814101
1e69b122-3920-4c4a-bfff-a18f3d6c3f89___RS_LB 4766.JPG,Potato___Late_blight,Late Blight,2,train,abe989b09f739ce0cec1b866a9236e14,4c5673331c040401
1ed357f9-f036-4bf2-b180-1588976eb116___RS_LB 3005.JPG,Potato___Late_blight,Late Blight,2,train,1c4b5130d5786378426a4f7abc3e1b7e,0714624c51464e0e
1f440bb7-e35d-4bc9-a807-81dac78c54b8___RS_LB 2727.JPG,Potato___Late_blight,Late Blight,2,train,6b7606997fcabafbff2d1674aa1ca1eb,ce1f3d7f572f4fcf
1f560f09-0b70-40c9-b907-4cac9ba47b8d___RS_LB 3184.JPG,Potato___Late_blight,Late Blight,2,val,1b6ed5966ce1a2185487f5a38580e2aa,3427617130388945
1f84da28-3025-4cc0-8815-5b6b60205956___RS_LB 3326.JPG,Potato___Late_blight,Late Blight,2,val,eb976334b5b626d89e309808478fffda,1f677351999bcde5
1fa9afe6-69ab-4206-a8b5-487531391a37___RS_LB 3006.JPG,Potato___Late_blight,Late Blight,2,val,c2b53dcc64ca608f1d2bfc7b4445ee22,0269656921180c06
201186ce-cec5-47ef-9f88-bd8c4abab2c8___RS_LB 2813.JPG,Potato___Late_blight,Late Blight,2,train,eaca7b5bd10bb4a80ddf47c9357a4375,bd277be56b4f3e9d
20880dc9-069c-40e5-81be-6d6e33f9519c___RS_LB 4098.JPG,Potato___Late_blight,Late Blight,2,train,75941cb57a077017098a973ceb7a1a5f,1f9e9bf3733b87c3
20e59080-5a86-4aa8-b5b1-d886a4b273b7___RS_LB 3165.JPG,Potato___Late_blight,Late Blight,2,train,db4161b3beba02c91f0bad07de24766a,c797374bd79cdb66
2122118e-02ee-452b-864c-adf36ed5ce9c___RS_LB 2890.JPG,Potato___Late_blight,Late Blight,2,train,b27a93e981ea96b360d0e1142a97738d,2627753814120303
21d8b66f-1ea5-48ad-92e2-9f708a969b7f___RS_LB 4097.JPG,Potato___Late_blight,Late Blight,2,train,ee75cca67ac74d0be4e51273230d86c7,b321e7f5e7673f9b
224d9d63-c097-4142-b1a6-56f88a7bae2e___RS_LB 2630.JPG,Potato___Late_blight,Late Blight,2,train,a93f86f34ef6f107f7436f8c17d8c375,8f071b4965339ecc
2269e6d9-bb15-49f1-8349-2f0126165960___RS_LB 3197.JPG,Potato___Late_blight,Late Blight,2,val,5a8a4d73bc11f172d2ed676a4c332781,014b892915132b0c
227f2f04-4d59-48d9-958d-5cccc70d3f2b___RS_LB 2772.JPG,Potato___Late_blight,Late Blight,2,train,61d4fb5398766eaf229dd3673235b8c2,0e29207074240502
22b19227-ae7e-495e-9fe0-d286fbcf9412___RS_LB 3996.JPG,Potato___Late_blight,Late Blight,2,train,f9f576d50e52416f21fa2757a12a6a8d,458a3274655b7769
22bd2a18-a4ba-4c9a-a4d3-2dabc295ccbc___RS_LB 4759.JPG,Potato___Late_blight,Late Blight,2,test,04f6d5ab70252fbb0cd21990ac8e1efc,0303072051636b5c
22d5cf8c-308f-417d-9b05-b00a0791ecef___RS_LB 4797.JPG,Potato___Late_blight,Late Blight,2,train,b685d10064835ff73e60f613de702359,c78f33135e5e5c76
2377f6d5-3660-4b5a-b5b3-eea448e7a143___RS_LB 2729.JPG,Potato___Late_blight,Late Blight,2,train,0366a14fa72a03d436baca7e32474d48,36071f7d796b072c
23ad201a-469e-4687-9321-7329bf747992___RS_LB 4990.JPG,Potato___Late_blight,Late Blight,2,train,4fba56dfca708604e879af9f630de3be,78ddc66729198131
23e2a413-2191-4a94-a305-c12b4ed24aa3___RS_LB 2555.JPG,Potato___Late_blight,Late Blight,2,train,218ca8e6824b34c342a885c08c8a9f1e,0e2603610531164c
2425fba0-8d06-4f05-9d0c-258c39777a37___RS_LB 4915.JPG,Potato___Late_blight,Late Blight,2,val,a2224d964e5c2df1c8c9e1e19ff93e32,0389112547666c58
2438dfce-68a1-4026-a006-4c99a0f6259b___RS_LB 5116.JPG,Potato___Late_blight,Late Blight,2,val,3240c1e337a2f60a5990f4b4ef714993,070d3537634e3c30
24482fe2-5139-4f73-909e-9ea4a3d8bf5d___RS_LB 4733.JPG,Potato___Late_blight,Late Blight,2,train,44d6cb406ccb74318931148ef9ad278c,0501164241734600
2482a11a-46b1-4e06-9b5c-4af0089b3259___RS_LB 4087.JPG,Potato___Late_blight,Late Blight,2,train,9f7154e54f97b55d093d4a100abcc680,0e23675071139e48
2565077d-44d3-4213-82c2-bf5ae9a64368___RS_LB 3295.JPG,Potato___Late_blight,Late Blight,2,train,9b9011b4eff4a0d2dd0939606437ced9,301f0f2737914b46
2572d994-464a-461e-a0c8-597dc2229c09___RS_LB 2763.JPG,Potato___Late_blight,Late Blight,2,train,8a9c36e4bf63c5bee7310ce27c51e06f,8737633b713b97a4
2577b25b-c0ac-442b-8093-42e6490bad1e___RS_LB 4319.JPG,Potato___Late_blight,Late Blight,2,val,9ed0f6fe29a3aca6109502cabcff1769,47060e0b1b99c7e7
25978f86-dca7-4052-bf6b-7d14ce0438ad___RS_LB 5016.JPG,Potato___Late_blight,Late Blight,2,train,10675cab222166bebdef47d9dafe3a3c,06081831531e3c60
259a9b63-d100-43bd-b611-1c707b9e8842___RS_LB 4562.JPG,Potato___Late_blight,Late Blight,2,train,61e9882f1c2da1ba31f6644b7460a9b3,2387933149272e59
25bf1e56-4039-4d92-9a66-65b62e3b0f4d___RS_LB 4949.JPG,Potato___Late_blight,Late Blight,2,val,d52f18cde2d9e2e60825fb9c9ef9146b,b99e6f73753199c1
2657bf2b-c03e-4ec6-bf6a-4afe8645acec___RS_LB 3110.JPG,Potato___Late_blight,Late Blight,2,val,98569786da9f7204aeb2c69378c69d84,e789993563574c38
265e32dc-44f3-40f8-8c5d-8bc223dd0f52___RS_LB 4859.JPG,Potato___Late_blight,Late Blight,2,train,73eb38199000592931e42329463a548f,0c173b272313864c
267d6db0-95db-4945-a6b0-bf05b11ef8ff___RS_LB 3231.JPG,Potato___Late_blight,Late Blight,2,test,946014acc48c6fb092283fb708f25ff4,8c0e2323333387ce
2717d9f6-68a9-44ca-b290-0311a5356621___RS_LB 4564.JPG,Potato___Late_blight,Late Blight,2,test,e626bb5eb66c49a62d96984ff0b97230,16932727337e5d79
27f1b297-f65a-458f-80d9-0046fa4c8c11___RS_LB 4332.JPG,Potato___Late_blight,Late Blight,2,train,b7b7af6e5b965a9b88bdc33588c376fd,bc3c3c3e376f7f3d
2846161c-9ac0-4ef3-b563-aee344dac80d___RS_LB 4851.JPG,Potato___Late_blight,Late Blight,2,test,33baf05101f6b8374d364e3fa16dca00,224b912b0b5e3c38
289cbc85-4659-4db9-95b3-06b14fa36216___RS_LB 3857.JPG,Potato___Late_blight,Late Blight,2,train,190c39c3b182c5e43f677837f06b7756,587df37d3f0b0102
28cbad12-8d41-4d36-a6df-db0d35ee1ce0___RS_LB 2922.JPG,Potato___Late_blight,Late Blight,2,train,cc0db9aa61fde43f5402c05d4c0a8ed4,7fd7f3d3d9733bc9
2958c571-a4f9-40b3-a091-0f37c4822932___RS_LB 3325.JPG,Potato___Late_blight,Late Blight,2,test,e7da6caf012ed38d4d35c6c35b583d1e,c7d9895973d3bef9
296e6201-4b46-4449-9edb-c7659d36cf92___RS_LB 4052.JPG,Potato___Late_blight,Late Blight,2,train,a4383f184e49cc9d49384108ee4149e0,314999304c79525c
29a30aec-e060-43f2-bd81-27d8ad1cebf2___RS_LB 4911.JPG,Potato___Late_blight,Late Blight,2,train,e61d4dd080652ba8aeb890a89f3091f2,6189132439332622
29ad1bd3-9eca-4975-97b9-80d497a62811___RS_LB 2847.JPG,Potato___Late_blight,Late Blight,2,test,51089f8f79f2e58cfa90cd4b965653d3,873373336723268c
29bfc55a-8cb2-4938-b0b5-5e2748fd1a22___RS_LB 5070.JPG,Potato___Late_blight,Late Blight,2,train,35e65e83c924d10de7c73196739ff1bb,2e63416049191220
29d49eb8-84d0-402d-9f00-c1149b8b3e16___RS_LB 3031.JPG,Potato___Late_blight,Late Blight,2,train,2fe8a236ffbb374dc5a9b32d36346e75,67152769d9230e78
29d84246-f2a5-4c18-8ddc-2f2d38046ae2___RS_LB 2625.JPG,Potato___Late_blight,Late Blight,2,test,9eacbc68070e0bfc463890f5bacb6629,8433191703158e4c
29dafc9e-eb0f-4f3b-99ab-a617b8163e50___RS_LB 3052.JPG,Potato___Late_blight,Late Blight,2,train,83ec7add631dea5bdccf9cc918e53460,43032662666c1c9a
2a0727c6-24d9-4d20-89ed-51bbd36a4b5a___RS_LB 2987.JPG,Potato___Late_blight,Late Blight,2,train,9149d6379aa54f1f18aea4a8875054b3,c72d7dadabf66f7b
2a3e5c22-1e37-4ba0-8686-cf7482e4e8d3___RS_LB 4126.JPG,Potato___Late_blight,Late Blight,2,val,5780cdeb6d9b74df15e6b0e362204cab,cd9f1236562717c6
2a52ba17-febc-49b9-b5ab-52a500d387de___RS_LB 2621.JPG,Potato___Late_blight,Late Blight,2,train,c96cd3b41a9d00ed34898ce732115547,fffdd6d34d2583ef
2addf5f2-acc5-448c-88a1-fe357d9aa9ac___RS_LB 4736.JPG,Potato___Late_blight,Late Blight,2,train,435712c2675d9b4bd691dec568d511bb,3767c99183874f3f
2af683b8-ad55-450d-9047-630b85a2d128___RS_LB 4614.JPG,Potato___Late_blight,Late Blight,2,train,617d6c3ef34b9d71cbd01051310880e4,47152d374f4e3c38
2b064606-e6e2-46e0-9788-d1049f0e4fed___RS_LB 4246.JPG,Potato___Late_blight,Late Blight,2,train,cbd1c3ee620d06ad44bc33df634afa3f,fb870f4746663e7f
2b7f92a9-9bd8-4461-9588-ab98abf54be0___RS_LB 2575.JPG,Potato___Late_blight,Late Blight,2,train,f09bf81beeb322c79d6c85779b6da77e,1c1f5339693b874d
2b974785-090d-4dae-81a2-ce3ebc2a1c68___RS_LB 4634.JPG,Potato___Late_blight,Late Blight,2,train,e5caf2f3eeaf005549902edd6658753f,474713b3991b4736
2c1218c8-eaea-4f5a-be4b-34e34a705063___RS_LB 2530.JPG,Potato___Late_blight,Late Blight,2,val,497164089ec24d014401f6991cb2746b,0603272d59634e38
2c2b39ed-75f9-49f6-a28e-36a2cb608297___RS_LB 2794.JPG,Potato___Late_blight,Late Blight,2,train,687e8dd9d7538c90c5c65268e330adf6,184c1c16131d0400
2c33381e-78d8-47fc-8cea-1459164f46d6___RS_LB 4115.JPG,Potato___Late_blight,Late Blight,2,test,18165748ce1803ccd12669f5c77aacab,ce9b33564f1b376b
2c3eddb8-f475-42ce-af72-81271630ba07___RS_LB 4991.JPG,Potato___Late_blight,Late Blight,2,train,7ec0801c2eeeb48f69ba15fa510a82c8,0749192b4b4e5a73
2d736aa6-79a6-42b0-9e92-d859bcd72824___RS_LB 5244.JPG,Potato___Late_blight,Late Blight,2,train,5dfd78086579aa3141558b024230dd8e,0e0f3372c763178c
2d8cbe58-280e-4c93-9b06-26f4279eb4d8___RS_LB 2855.JPG,Potato___Late_blight,Late Blight,2,train,4a4a73a38d10e166ad1b1ff8cdc535cd,0c060a6133326c58
2e18248f-e251-44c0-b9a5-a198455f43ee___RS_LB 4858.JPG,Potato___Late_blight,Late Blight,2,test,1bfa9215b5fb7f5e83d00fc6817b9b0d,387e8ff3551d8fe6
2e2bc24d-9900-4b0b-a8ec-abb444350c03___RS_LB 4701.JPG,Potato___Late_blight,Late Blight,2,train,27d1c6d0765b6ca7966d6bf84cbba4c9,6bcd969f391983e3
2ea232e4-2e94-426f-b86f-8bc5861f334f___RS_LB 4757.JPG,Potato___Late_blight,Late Blight,2,train,30abca7d4dd658c0dce756518b629e87,9da693db3bb9c5e7
2ed031ef-c77f-42d2-83fa-4fbfc66d67b2___RS_LB 5254.JPG,Potato___Late_blight,Late Blight,2,train,260d54dc0640cf75c65d229e75039616,630719352d2b1f1e
2ef5c4f6-a798-40fd-8380-f444f3290987___RS_LB 4428.JPG,Potato___Late_blight,Late Blight,2,train,2cd891ce91d921a9f7edbe9aba738aa6,cf037b7b761e5f7f
2f419afc-a232-42c7-b0ff-92d928647a0f___RS_LB 4917.JPG,Potato___Late_blight,Late Blight,2,test,73ce96e578413429ad295d4492984af4,67cd98256b5e3c30
2f6382f7-12fc-4309-b7db-b034b8165c67___RS_LB 4955.JPG,Potato___Late_blight,Late Blight,2,train,6dd5d9bef23b0ab539347c35609c8e7c,cb1b77e3eb561c98
2f76c068-ebba-499d-8819-2d12bde41695___RS_LB 3232.JPG,Potato___Late_blight,Late Blight,2,train,7e72f5ed3818124d90894cf342d9296e,0303050013072e28
2f7b6898-a342-42a5-a0e5-a9f2bad7eaf1___RS_LB 2831.JPG,Potato___Late_blight,Late Blight,2,train,3030ed39fbb24bc744e5915628f70fe3,c613333145472e98
2f8e6ae7-f6ac-4bab-992b-82e3c51cf476___RS_LB 2743.JPG,Potato___Late_blight,Late Blight,2,train,4ac46648230844d46fc9baf2e79f8ab4,2c66516c26914b26
304b3fa0-f0cb-41b5-b835-9bd13773150a___RS_LB 4696.JPG,Potato___Late_blight,Late Blight,2,test,8abf22253637e56d8afcff71b2f51a21,182e33392d8f4721
30777af4-cbb4-44bf-946b-f1c5d17704ee___RS_LB 4822.JPG,Potato___Late_blight,Late Blight,2,train,a5aa79c96e1c8d2d6b0ff993f8a991b9,9b1d373337b38b67
30920583-57a6-4cc2-81d6-84879ec3af46___RS_LB 4930.JPG,Potato___Late_blight,Late Blight,2,train,69cdca14fa5cea39d6daf1c2a2be0a51,06073171319b4e24
3112e625-f1d9-428b-a77e-23c6f28e44f8___RS_LB 3035.JPG,Potato___Late_blight,Late Blight,2,train,68932a5a880d5b36c98862029c97ae1f,ce1b3d6751193f3e
3171caea-9708-45dc-a60b-e347b3e74fb8___RS_LB 5256.JPG,Potato___Late_blight,Late Blight,2,train,94f9df692707b7246c2c6ce154897982,eb9765c9b9b32e7d
317a40c6-c4d8-4b4e-9878-4f742e7f409a___RS_LB 4462.JPG,Potato___Late_blight,Late Blight,2,train,49652b8485737f9958f05cfc2b0922ff,8f38274b564d3f77
319335dc-6a48-4fe4-932b-326f1455f3cd___RS_LB 4703.JPG,Potato___Late_blight,Late Blight,2,train,8fe7466626bd95a7394ab449ba8d98bf,051c383939990b00
31b2a640-4063-41f1-97c5-03ceca0ce131___RS_LB 5439.JPG,Potato___Late_blight,Late Blight,2,train,c49986a66297459afc2d4c4839aca715,1e47834141219f4c
31c96e0d-0a6a-42b4-bd7a-0faf2c8e462d___RS_LB 5298.JPG,Potato___Late_blight,Late Blight,2,train,62b222eb686ba5283f689a01eaee948a,073363435b463cb8
31d61797-f3dd-4452-8db9-cdfd8be9ebf2___RS_LB 4823.JPG,Potato___Late_blight,Late Blight,2,test,c70f2db1b745a266cd212f271416d00c,ce0f27734b4f1e98
3221ccec-f264-4046-8252-77a8a357562b___RS_LB 4637.JPG,Potato___Late_blight,Late Blight,2,val,3a1ee0e75c99391b75ddcbff9e393ad9,6acd361e4b2f96cd
324a0ba8-726a-4e6c-a15f-c32a1904f891___RS_LB 3078.JPG,Potato___Late_blight,Late Blight,2,train,68da69918eee22c101a1deb27b070834,9f2f6763672797c7
326919e6-16b9-442b-ada3-e4c37b3ab8ef___RS_LB 3187.JPG,Potato___Late_blight,Late Blight,2,train,e12cbdddb53d5489c35f67251b55c994,cf9b3d7d7d373699
32e6ace8-7ca9-4f95-a313-6747d321e8da___RS_LB 4698.JPG,Potato___Late_blight,Late Blight,2,train,3f51c2640c248c7c42da3508a58ae864,607caf515c0c4400
33551627-5824-42b9-9547-4df44590fee1___RS_LB 4848.JPG,Potato___Late_blight,Late Blight,2,train,7867a9c69d0766cfb425dcd3aa89e6e9,c38935256b3f9eb8
3362decd-b0d5-4cc6-81f8-3c051a285875___RS_LB 4109.JPG,Potato___Late_blight,Late Blight,2,train,5276b46cbd97bcbb5fa7afa583967653,cd3b73234f5e3b2f
33938ff2-ee2c-4571-96dd-6229a0cb4e0c___RS_LB 5184.JPG,Potato___Late_blight,Late Blight,2,train,54f136fb891ee1ccc090650e737867a8,381f574323118363
33b849d5-ec92-4acb-88e6-530accf22734___RS_LB 4994.JPG,Potato___Late_blight,Late Blight,2,train,23c89da477f9e99ed76a4c43119e538c,0c4fc34125994381
33baf253-755d-4e3f-8d52-5caf59d0835d___RS_LB 2867.JPG,Potato___Late_blight,Late Blight,2,train,e69fab5db2d923e4192d49671ea5f743,31033e39d3674e78
33fa45a7-e6ff-4e75-9c6e-28570fdfedb6___RS_LB 3054.JPG,Potato___Late_blight,Late Blight,2,val,793d4283860abd68a6b39b750de8e1c9,4105352c19331c18
3456a2d1-59d1-4111-9cc8-16a6b12e973e___RS_LB 5249.JPG,Potato___Late_blight,Late Blight,2,train,2f7c71c6d897db4e50d9be63ea9ab636,ce9b3bd9d95b1e8c
350662fe-0ebf-4e6b-9ff9-6ceaf9d22067___RS_LB 3877.JPG,Potato___Late_blight,Late Blight,2,val,9afbdda14faaab98cd6403dd44c0ff22,448f3f290161231c
351386f8-c501-45f6-ab0d-e9c1d1584204___RS_LB 5195.JPG,Potato___Late_blight,Late Blight,2,train,0fe3535be488acb947cea23b08687ab8,61081323735e5c70
351a1e47-c9b5-4b38-a5c1-b3d390bfe506___RS_LB 4429.JPG,Potato___Late_blight,Late Blight,2,train,8eb5bffd33d96c55acf81c7325df9ad0,9333032b1b767f76
35621849-08fd-442a-a94e-139b2657106e___RS_LB 4055.JPG,Potato___Late_blight,Late Blight,2,train,c71d19e75b2e5984ac0f068ff88b4564,f7133d5d734f3df3
357bfc61-bb46-4e77-b9eb-eafdd3af7f6f___RS_LB 3082.JPG,Potato___Late_blight,Late Blight,2,train,3543e7cc6580cedb0ee0d9cb9b94725d,184c430703010300
35c3e2fe-7b97-4137-adc6-aada45306425___RS_LB 4123.JPG,Potato___Late_blight,Late Blight,2,train,bdfa3f803e7c9ec7751b1564ad5f9672,471b293313168c6c
36555aa6-0ca3-412c-be9f-50f12500861f___RS_LB 3907.JPG,Potato___Late_blight,Late Blight,2,train,b28ccdfecd2527d9f56670c005b5a43b,254d880c196b2e39
36c25644-54cb-405d-abef-700d24652958___RS_LB 2606.JPG,Potato___Late_blight,Late Blight,2,train,0c4299b62fc718fb653ca490c7fd02e3,5fd7e3736f4f27cf
36d2885d-0bc7-4346-8a13-383e1533a68c___RS_LB 5098.JPG,Potato___Late_blight,Late Blight,2,train,72c7a1e6f7abea7aac38c08c72c250be,185ed94402860600
36d3502f-32cd-4ef9-b63d-575db1c18cf8___RS_LB 4908.JPG,Potato___Late_blight,Late Blight,2,train,3d57f9da05165325a5c385dfec67d2a8,9e3b7969534e18b0
36f84bc9-df52-44b6-b420-29c3881dea1e___RS_LB 4485.JPG,Potato___Late_blight,Late Blight,2,train,49e9a444825befe64c80986e7e183fe1,00060f0b4b630208
36fc1631-634b-42d3-a865-cc858557a8a8___RS_LB 4427.JPG,Potato___Late_blight,Late Blight,2,train,b591b08f28e3f94f0375e3b8fdf1089c,071739410b1b0d38
37075adc-dd51-4a5b-8a6c-0649cb98516b___RS_LB 2678.JPG,Potato___Late_blight,Late Blight,2,train,97369319000ecb42c9a338f2dca9efc0,8e0e3b6b33258bc6
377e9523-f375-4c0c-9d66-5abf2abfaefb___RS_LB 2504.JPG,Potato___Late_blight,Late Blight,2,train,9d6ca62898b02c369c48241844965e4f,00409434280d0f8c
37ac120b-240a-42fc-839c-90c6dea13d85___RS_LB 5214.JPG,Potato___Late_blight,Late Blight,2,train,ff3e1b48eb1ae7629e5aa084e583adae,cf9b316d5b5e3e3f
37c1e3d4-e54b-431a-b370-2a506b6026a2___RS_LB 4461.JPG,Potato___Late_blight,Late Blight,2,train,88c977ed3694c1963f2d12b15b4f35bb,a0584e770b279d89
37c47f95-2216-4f78-87a1-504b198a4f4c___RS_LB 4327.JPG,Potato___Late_blight,Late Blight,2,train,9b7d7dc1d1c684073609db79381f84d2,ffe391b1293b1fdb
37dbf454-f189-4fae-a9e7-a088e7be3f2e___RS_LB 4530.JPG,Potato___Late_blight,Late Blight,2,train,e0b20c8140fb65a425dfff3910d46a2c,c397353565651cba
3888aab7-b07f-439b-80cc-c7f49004a67c___RS_LB 4156.JPG,Potato___Late_blight,Late Blight,2,train,1bea1739edfb692e09df99e7315b6c57,b59e1b674563279f
38c1c136-d91d-4527-aa8f-623a574a41d9___RS_LB 3042.JPG,Potato___Late_blight,Late Blight,2,val,31399ce5c938ee2ccc0605058ee6a5d8,3477634512918d23
38d82b6e-16ec-4ac6-b42f-29ff524b4e43___RS_LB 5269.JPG,Potato___Late_blight,Late Blight,2,train,a263359ed171f5d36dc4587f32f23b63,678d1d2969577dfd
38e8e3d1-7c0e-4d66-a926-79538ceadf07___RS_LB 4130.JPG,Potato___Late_blight,Late Blight,2,val,0298d68c3dfc1b8c7b7b8ac784432130,234d9d9d3932262c
38f1a80d-6961-4763-ada2-7504f388cf2d___RS_LB 3217.JPG,Potato___Late_blight,Late Blight,2,train,775133a1320e34143c593c7b8914f5e2,c94c97131533139e
38fa4c3b-0541-4d14-80e7-84a1153b9e5f___RS_LB 4713.JPG,Potato___Late_blight,Late Blight,2,train,6527bdadd7353199173a6d08d073ddf0,0f0c162139331f8c
3a0033d6-2efc-4926-a9eb-3969d815d630___RS_LB 5144.JPG,Potato___Late_blight,Late Blight,2,train,e927b8029de0849d6c6a59f331fd33b6,81112d311b674c7a
3a728bc7-b08d-4a11-bb49-b25d803c3336___RS_LB 4074.JPG,Potato___Late_blight,Late Blight,2,train,7d424856468b86e31fad2f86efab534d,438b29317b4e5d70
3b241fa8-12f2-4c80-afe2-0a4cdc8f34a1___RS_LB 5138.JPG,Potato___Late_blight,Late Blight,2,val,b3fb8f028d929c87b87a4476ded9b26a,03314159492113ce
3c20c90a-788c-4d06-acdb-107f695d901b___RS_LB 4856.JPG,Potato___Late_blight,Late Blight,2,test,54d06f385c619e328ded0f4092185c97,3c3e1f4b2797cbe9
3c5e5bd4-e805-44b4-a030-51ee6bb1cef6___RS_LB 4139.JPG,Potato___Late_blight,Late Blight,2,train,b81bddea192ed30df563244fbc024f9b,5b95b9697362ce38
3cfeea97-88e1-42e6-b760-0fa125613e9c___RS_LB 4406.JPG,Potato___Late_blight,Late Blight,2,train,7529452d5101f2df7df597d2b9b6130d,2e4f0f0f33338fe7
3d4b41e8-18f8-400a-a961-82731c6ac4d5___RS_LB 5157.JPG,Potato___Late_blight,Late Blight,2,val,c11e4498196a13d8a4ec3fe6b37779e7,7f5fe7e3d33929dd
3d4ddc33-b13b-4f7e-8689-1cf82532ef8e___RS_LB 3162.JPG,Potato___Late_blight,Late Blight,2,train,7a58d31f7a8b9ab759a85db757bdadf5,218014202933964c
3d544e81-b7f3-4853-bb65-c78b125d1a6a___RS_LB 3238.JPG,Potato___Late_blight,Late Blight,2,val,fd4db546ae07cd3503c2b53c08a34e26,ce9b3b73391b87c6
3e379b4f-29dd-4f14-86e6-11fa37cf3ae9___RS_LB 4789.JPG,Potato___Late_blight,Late Blight,2,train,5be90753cc3fbc4c5814a78d2d49e0a7,8e1351707c3c0746
3e81c41f-5b6b-4458-8aa8-6a544a8e678c___RS_LB 4963.JPG,Potato___Late_blight,Late Blight,2,test,bdc90721c3823f18c354b3bd2092ccd3,7cfeebe9731b86e4
3f0fd699-1ce7-437e-a899-662a51d59974___RS_LB 2904.JPG,Potato___Late_blight,Late Blight,2,test,c6e6aa1367fa1f1596b8382017e49884,1c66435910180323
3f24e6f6-ff9f-4416-9fce-b8153a030de2___RS_LB 2730.JPG,Potato___Late_blight,Late Blight,2,train,3c928e9d61825ca65ed07ebe6292731a,068b0d0943030e0c
3f2d7c62-8d58-4a40-9df4-0ab3497b13b9___RS_LB 4487.JPG,Potato___Late_blight,Late Blight,2,val,1d3e4a76a640b58b3d90775255a5b624,ef9c3c34b91d2d7f
3f30c40f-105b-4ce7-a376-d2e6f4681e3b___RS_LB 4921.JPG,Potato___Late_blight,Late Blight,2,train,8552f77c290b19941cd605727a0a8df3,3a6c66672399cde1
3f3bd8d4-82d4-456c-a3fc-068a63710d52___RS_LB 4971.JPG,Potato___Late_blight,Late Blight,2,test,7c3dcdc81b93dbf931b5d82ee12ac1cd,01830323632e1870
3f624c56-6bd1-4e7e-8fcd-d6b4480abe12___RS_LB 5215.JPG,Potato___Late_blight,Late Blight,2,train,7486de6035af41ed64fd9040b1895126,bdbecf6b2f338be3
3f6bce87-fb66-44fb-8e76-e282af4869b9___RS_LB 3013.JPG,Potato___Late_blight,Late Blight,2,test,764b2788527cfab08bcc491ff62659ae,3e31113031310901
3f6db123-4a6e-4b8a-9b26-954ccf29cc3c___RS_LB 4695.JPG,Potato___Late_blight,Late Blight,2,train,88e0805a9d4c21aaaa572d4cd6fd3b7d,87172d2d3d3f8e4d
3f7f719f-9849-47c5-8f79-0384a64f8e8f___RS_LB 2862.JPG,Potato___Late_blight,Late Blight,2,train,010451579010018d15ceb4a22e6c4835,2202123373113324
40285dce-33de-4a59-82f4-2eb1d6d38469___RS_LB 4929.JPG,Potato___Late_blight,Late Blight,2,train,d55ed823d5b9ac4a6fa2678f72027ce5,270d9a3933667c70
4043044d-1e8d-4861-9152-99660fdffa9e___RS_LB 4438.JPG,Potato___Late_blight,Late Blight,2,test,19e383744b96a5f7a44315ce3d604412,fb871d17376f7f7f
410cba02-24db-487a-a30c-fc7cefba924b___RS_LB 2571.JPG,Potato___Late_blight,Late Blight,2,train,aff9b10d7dfd240c76b44490637d443f,53992d413933070c
418e398c-d710-4682-af82-82f1e8822311___RS_LB 5218.JPG,Potato___Late_blight,Late Blight,2,train,92a26c28802b87160b7b8fbdb9af590c,44891028614e7860
41e3b4c0-7aec-4d49-a84c-f37ed2637407___RS_LB 4377.JPG,Potato___Late_blight,Late Blight,2,train,6e1a3097d2d97cdbee19a4b28ca7aab3,1c3e1f2f3399c3f3
420b4d84-d621-4a64-a8bd-30042f1a6609___RS_LB 2778.JPG,Potato___Late_blight,Late Blight,2,train,5fde2ee13b81321442dd83d101ca68f9,1627633921233699
4215b9d5-c554-4249-80e1-aeaf2106e966___RS_LB 2977.JPG,Potato___Late_blight,Late Blight,2,train,b96fc2e3527206d08ccfe9f2d8384bb9,043763632593432c
42451eb3-fb45-4b9a-8dd3-c9b9aa3a29c8___RS_LB 4340.JPG,Potato___Late_blight,Late Blight,2,val,c177f00e7bb51ed2634d7581b01c0f7e,0603b08227874e24
42b19bb3-68b6-4c46-a626-f7480718360a___RS_LB 4686.JPG,Potato___Late_blight,Late Blight,2,train,1f29732f3e721e76e5d4e7483a7801bb,230b1b1a262c3830
42bc0da9-199f-428f-854c-a9b05c57aa75___RS_LB 2770.JPG,Potato___Late_blight,Late Blight,2,train,e9fcea5ace3eea5eadb1790bcc394d0d,429b3979d9530e98
42cd0719-199a-40a8-aaa0-228bb80e1832___RS_LB 4440.JPG,Potato___Late_blight,Late Blight,2,train,c30a0dae7a2291165cc514c627070d4e,1d3b53133b1b8eef
430b0d0d-c0aa-4e5b-9826-34251466f735___RS_LB 4718.JPG,Potato___Late_blight,Late Blight,2,val,649c7ee5118b68925f19e248b01e468a,2347981933467c72
4324e62b-d7e0-4caa-a417-5eb3dd8712ee___RS_LB 5452.JPG,Potato___Late_blight,Late Blight,2,val,ad58119d4cd3b86830b3b430305fbac0,2f379f5f679fcfef
4337f628-ff14-4603-9120-8639c78cacea___RS_LB 3183.JPG,Potato___Late_blight,Late Blight,2,train,e7ef4b8bbc3f813e3bee31dc0eb7b414,3c1e436333338d67
43396f0d-f05b-4dce-a209-9edcbd62d39c___RS_LB 4407.JPG,Potato___Late_blight,Late Blight,2,val,e08604ec19e83f5ca6449b64f08ec06c,081e0761210c0621
4358aa91-bce4-4788-a39f-1e1e4810bd51___RS_LB 3047.JPG,Potato___Late_blight,Late Blight,2,train,386547ee98e9e2fb57716f81856f3f84,011b2322262c3830
437640c6-1680-4d1b-aa0b-c1dd52aa13a5___RS_LB 4926.JPG,Potato___Late_blight,Late Blight,2,train,977e9c98b5ff0c3c686a09353c338bc9,96177b7173537e1d
43dde1e0-8c73-45af-8fbf-d500e450a154___RS_LB 3270.JPG,Potato___Late_blight,Late Blight,2,train,3f0f1e38e6df84cefbe7b740fb173247,380c261309824601
440adc9e-3f21-4373-ab9a-ed003c3588f3___RS_LB 4152.JPG,Potato___Late_blight,Late Blight,2,train,68bfd21b960b3c39d331ded4e2d80aad,3f5fe6737b3b83eb
44112cb9-7423-4983-bb9a-cb32e3ea9ac3___RS_LB 2793.JPG,Potato___Late_blight,Late Blight,2,val,7bafa5fd173b182468c1ebdd6f774ffe,870d020527260c08
44722935-fb60-4ecf-8503-f8258aa4e3e7___RS_LB 3225.JPG,Potato___Late_blight,Late Blight,2,train,80a9a8512dbc79402fafeaa0b5f2bb49,01841408181b5e58
447c4811-7ed2-4576-81b4-2f67c8993db7___RS_LB 4137.JPG,Potato___Late_blight,Late Blight,2,val,98c233d9f439554026693f8d1c89c71e,fe8f41703e8ac2f9
456f2c6a-a8c8-4dac-9de1-73668e39cd01___RS_LB 3008.JPG,Potato___Late_blight,Late Blight,2,test,331247a55bd75e0554c34a7b47d1d379,8f0f4df5939fcd5f
461f1af8-a71f-446d-b59c-b7f31dde1c74___RS_LB 2833.JPG,Potato___Late_blight,Late Blight,2,train,71341fd46ab30296a83af0aa1963221f,5fbff7db4b2f8fc3
463e8a94-a7e6-4604-a29c-2187500b2318___RS_LB 4244.JPG,Potato___Late_blight,Late Blight,2,test,a46cacb42bb1501c2a36239a1ce0b938,de6c665b4b870373
465165a0-33c0-4593-8324-03513e71079d___RS_LB 4445.JPG,Potato___Late_blight,Late Blight,2,train,be3210e9c8984bfa40ee6c69a569c5da,2084024049637620
465669d7-b75c-4aab-8ccc-af3566baf2e3___RS_LB 4985.JPG,Potato___Late_blight,Late Blight,2,train,fcea55326a1b1d89b26a6e1b5f629994,4c87232525378f8d
4664efe7-50ae-4a32-b818-2ec7f3881471___RS_LB 4478.JPG,Potato___Late_blight,Late Blight,2,train,e4b041255dec94952bfecb6f243675d7,8f1b9f3a321c3864
468629f7-6ca2-4823-9a39-d42b4d92c4bb___RS_LB 5312.JPG,Potato___Late_blight,Late Blight,2,train,faa4b377f1644af98a24fe015856897f,c7395b9171630f9c
471fd810-047d-4c87-933b-14c8b46d4b20___RS_LB 5450.JPG,Potato___Late_blight,Late Blight,2,train,fb62c5cc50426d6f003e4330392f88fd,1c164743319a4121
4885a2b1-fc77-4b1a-ad55-3fa4b3fe4e1e___RS_LB 4425.JPG,Potato___Late_blight,Late Blight,2,val,880dad5544b9483a82b4c0dbfc57ac56,1f63c50d393b8fcf
489107b2-13f2-401b-b931-39ca7fd4be2b___RS_LB 2665.JPG,Potato___Late_blight,Late Blight,2,train,b18998145a8ec0e3717f0f3182df2818,172765cd2f3b96cc
48f93953-2de7-4724-9c7b-69dc13a47759___RS_LB 4977.JPG,Potato___Late_blight,Late Blight,2,val,9474c20065873c58163324edd48bcdf0,4ed7d9d9d92f8ee6
49835c13-105d-4afb-95dd-b4ee15f3d287___RS_LB 4099.JPG,Potato___Late_blight,Late Blight,2,train,b58255d32a1574358233b004bb77c380,808a313121934e0c
49d18379-215d-427e-8662-9cde649d4a33___RS_LB 3163.JPG,Potato___Late_blight,Late Blight,2,train,01d99f0ff84a70c51659ea77ec35f7e9,180c46520b010501
49e55f8e-4d44-452c-8e59-d4c4f0ae1085___RS_LB 4333.JPG,Potato___Late_blight,Late Blight,2,train,578c2b883e89195d67c8373e41f7e359,07151d3a3c79339f
49ffd4fb-07ef-4377-9f14-3648deaa8dd2___RS_LB 4453.JPG,Potato___Late_blight,Late Blight,2,train,9cc244f591bef6d1380f019ef5dc373d,1a33461f3babe6f5
4a34ce1c-9fde-4707-947a-58432a695741___RS_LB 3277.JPG,Potato___Late_blight,Late Blight,2,train,d88bec7f3bd7013bc8af04fe491b7b03,1c4379353a9c4903
4a5c555b-3f00-4553-b6a4-3be268969d7f___RS_LB 4323.JPG,Potato___Late_blight,Late Blight,2,train,7a598e0ca701300b630a6312052c224d,47871e163637bff7
4a911e79-f9c0-4ba1-aa80-567d653df61c___RS_LB 4038.JPG,Potato___Late_blight,Late Blight,2,train,7084df99b1841733bba17d4c909c0196,070b392163273c30
4ac84ca7-f60a-406e-938d-40f4ba5b75ce___RS_LB 2731.JPG,Potato___Late_blight,Late Blight,2,test,6674c2443e4388edd8f26ea031c22b0e,c303272d1b1b661c
4afd8bf6-0e1e-4a85-a576-1e8995c88d5c___RS_LB 2505.JPG,Potato___Late_blight,Late Blight,2,train,5eaa9e8e8df4d955aa8ec44bad395e6d,204d9d34695b173c
4bccc3ae-4246-48f8-9c07-f4a1d5856314___RS_LB 2760.JPG,Potato___Late_blight,Late Blight,2,train,6d7ca642594f871aa609fc8ccf2db20d,e29b5dcddf1e7d37
4c846678-1c22-4734-b2bf-fb774bf3bb13___RS_LB 4090.JPG,Potato___Late_blight,Late Blight,2,train,d259fe2663c853fef04ea94f3604e7db,de97233113139397
4ca06863-f89b-497c-bd3a-9bca78f02942___RS_LB 3088.JPG,Potato___Late_blight,Late Blight,2,val,6a1b391f4f48f79c33e3db690b2fdafa,0311342c380d0e38
4cc2dba7-6871-481d-8989-07ea683e58b5___RS_LB 4979.JPG,Potato___Late_blight,Late Blight,2,test,0d2a123e2bb0ef223b8fc9c7c28d862c,34464b6b27278605
4cd2f7ef-e3aa-4b2a-b382-6fea00bfd070___RS_LB 5006.JPG,Potato___Late_blight,Late Blight,2,train,1d0d2ec53f11ed6190b6568d394903bc,a3c5899133261c3a
4ce7142d-29a5-4fa0-8559-f9a2e6a3f62d___RS_LB 3189.JPG,Potato___Late_blight,Late Blight,2,train,e597c3dfd41f095347a5469f1654dc99,9f33797163278ccd
4d085c80-4d57-4377-8fb3-eab3a25e5f5c___RS_LB 3060.JPG,Potato___Late_blight,Late Blight,2,train,29fc9d05a38119ca93bb33f04f6cbf57,03153c3858692e18
4d213f48-e73a-45bf-badd-ead51dda60b4___RS_LB 2981.JPG,Potato___Late_blight,Late Blight,2,train,0ccc69d5a3b1092ce23eb5d1702de475,8f9d312727767cf8
4d56ef9d-bc69-489c-92de-d2fad01d762d___RS_LB 3890.JPG,Potato___Late_blight,Late Blight,2,train,225ec7ed1fc507d3498d316097c043bd,bd1f470931c9e1f0
4d96b41e-8e2e-4a0d-b9a2-0ab8456e4074___RS_LB 3893.JPG,Potato___Late_blight,Late Blight,2,test,4111a31f37b49821e0a93e3de56a63b6,18feb37b7b390743
4eaf1f96-f7f4-4a92-ba67-0147de20ab72___RS_LB 4830.JPG,Potato___Late_blight,Late Blight,2,train,9b53983941ec9d4aa31474162b22475d,79dec3c1e13189e1
4f138229-2f00-4374-9c16-3732660bf011___RS_LB 4105.JPG,Potato___Late_blight,Late Blight,2,val,b284afc3fd4028d559670a7dee799625,9633313131030624
4f249e3b-92a0-43e5-a70d-fe3045630437___RS_LB 3913.JPG,Potato___Late_blight,Late Blight,2,train,486ffc202ba17e21696a14b90f556ecc,e5039b3b7333270d
4f41de6a-c118-4296-a753-963d1427323c___RS_LB 4561.JPG,Potato___Late_blight,Late Blight,2,train,d8adda685e6f5afad4c2346b5198a8b3,bd3733776b2bc7e5
4fbe268d-dabb-4a25-8283-7968fd91fcdb___RS_LB 4819.JPG,Potato___Late_blight,Late Blight,2,test,9014a83242536c47da28659bc401da9c,4e87116127378c4c
50abdfe1-411f-4afe-8f78-1ffb7816792f___RS_LB 2694.JPG,Potato___Late_blight,Late Blight,2,test,c2ba3ad162c2ae3b1e746f2a2b8045c3,33397436149d4b26
516099d5-5399-4d6e-916d-014a84a02a18___RS_LB 4118.JPG,Potato___Late_blight,Late Blight,2,train,b5f8a94d4b0fe409a0128ca9c6a65955,038939654953263c
51a85617-5433-4a07-b822-fa1975cf76b1___RS_LB 4778.JPG,Potato___Late_blight,Late Blight,2,train,34c30427b360f76d264acb17818e525e,1c4e274105040202
51eb7a7a-99b4-47c4-be2f-2de9f4e5e985___RS_LB 5182.JPG,Potato___Late_blight,Late Blight,2,val,74771234820c25b2d08e62b0366f5138,4486276767670e88
520c0e9a-1ba4-44fa-aa60-dcdf018a00b3___RS_LB 2850.JPG,Potato___Late_blight,Late Blight,2,train,b584d77fcbe39575d0391c3ac2e5828c,46078331695b061e
523537e5-5795-40f6-ad49-9394aeca3f2e___RS_LB 3848.JPG,Potato___Late_blight,Late Blight,2,val,5db5b44807213754ce7e8c129db7a0e6,2509916143474f7f
5239c829-457f-4e6c-b0af-ef5f58abddd0___RS_LB 5329.JPG,Potato___Late_blight,Late Blight,2,train,a6d2691a6ab8bfcb8f67b8ed27658e61,5fcee3b1d96b27e3
525c5249-eccb-4c23-b5b7-e9d103857432___RS_LB 4077.JPG,Potato___Late_blight,Late Blight,2,train,ffcd274ff1fd49052f145ebb35cbcfae,981e031114108240
52c6891d-e627-4ebf-a080-3e8051531f5a___RS_LB 4092.JPG,Potato___Late_blight,Late Blight,2,train,cd5304e35a07a73dfbceb23118c638b2,0707131363673e58
530d9a52-266a-49ca-b0d0-a430acac0011___RS_LB 5054.JPG,Potato___Late_blight,Late Blight,2,train,227f140f1488f92ee222df5a79feaca3,65c3992943463c32
5318452f-222d-4abc-b39c-55fa6c26a82a___RS_LB 3063.JPG,Potato___Late_blight,Late Blight,2,val,78daec37894291c337c592df23e4f6ad,3e73e5a9d3d74d3b
531a9b98-e034-4a76-81f0-55f597552f6a___RS_LB 5021.JPG,Potato___Late_blight,Late Blight,2,train,9f9aae591b86a78f8477e376dd9b6516,ce0379594f37bf9f
53367bb0-3f38-4c90-a71d-05592341e4aa___RS_LB 4149.JPG,Potato___Late_blight,Late Blight,2,train,37f9b25dabb3d082f0602404fb1762bc,384f4733391d0100
53b09253-988e-4a22-966c-b5a03ed6bc44___RS_LB 2924.JPG,Potato___Late_blight,Late Blight,2,train,164cdee48589440106acd76dcd27f6c8,0305677363338664
53e33b6d-9fc5-441b-b638-3bf067f92a99___RS_LB 2753.JPG,Potato___Late_blight,Late Blight,2,train,aea85f96cfc2d5d9e4e6b8e5bc02198d,7bcf86a393c32985
541591d3-3560-4540-ac2c-9749936e80ae___RS_LB 2553.JPG,Potato___Late_blight,Late Blight,2,train,6cc48d27c3fdf7fab9c03bebcec4dbdb,c60f2d5f593b069c
542c1489-0040-4867-acb3-82f73249e2f8___RS_LB 4592.JPG,Potato___Late_blight,Late Blight,2,train,06947d6cdee18c9cfda78d60e3d2d3ed,0c07293034164220
546fcdf5-862b-42fb-931d-a51a85dc843c___RS_LB 4403.JPG,Potato___Late_blight,Late Blight,2,train,fd5a79bed1849a2e3f45d98ddd22f7af,861b3991494b1b17
547d3544-5e37-484b-a853-254376c49081___RS_LB 2556.JPG,Potato___Late_blight,Late Blight,2,test,ada24210da58bca5c0e86884d1350249,2185113345431e30
54ed9ec4-c9db-46ff-9a9b-1ebdea084b18___RS_LB 2984.JPG,Potato___Late_blight,Late Blight,2,test,57e78c3126c5d4087e1eea64a6b162ba,65040e2629231e38
551f74c9-3212-4a08-8f5e-a101b4195e1e___RS_LB 2593.JPG,Potato___Late_blight,Late Blight,2,train,fb3cb7cb87805198fa272d161219b1f6,8d1b614d537e3c72
5551d3fa-ed55-46df-8a35-b3c53ffdcd31___RS_LB 4138.JPG,Potato___Late_blight,Late Blight,2,train,1bb4e694ac9ce08b30e12dd3d9c3c4e5,f769792d353b271f
5576794b-902c-4df2-ae8d-da30faa37d5d___RS_LB 4443.JPG,Potato___Late_blight,Late Blight,2,train,82caa20f38fd842d653b40c4b4266db7,df9d1b3b1b472fbf
55987838-6174-4182-be76-78ddd50890fb___RS_LB 4714.JPG,Potato___Late_blight,Late Blight,2,test,8b1bd3a75f279f95076ed3064476d25e,0606263431434c48
55c87fde-32cc-474c-a25a-1846d39aa6f4___RS_LB 2683.JPG,Potato___Late_blight,Late Blight,2,train,9b2360d0477323dd049bf48ea09a38f5,0f0eebe3536593cf
55ed5831-c628-4352-87a8-13077705fb9a___RS_LB 2872.JPG,Potato___Late_blight,Late Blight,2,train,a7eab4f262bbfb5f863edbd96126c2ab,efc3c1c9c9c3661f
55fa97d3-71b6-4487-9757-f9195f97ba5a___RS_LB 4047.JPG,Potato___Late_blight,Late Blight,2,test,035d7e26d72d9a4b11d2c671eadcbacd,086e4759389c8501
5609c5d1-b66b-4dba-863a-5b3aab384151___RS_LB 3303.JPG,Potato___Late_blight,Late Blight,2,train,a04c012f3dcde5732ec6a6145566a570,2303893207470f1c
563f8e2a-0a5f-4920-aee5-ad98269c8144___RS_LB 4798.JPG,Potato___Late_blight,Late Blight,2,val,afea28e0df07d0c6aea21725b18b4436,f71e0e4e17339bc7
5674826f-aeb6-4142-809e-ea9e4fd391c3___RS_LB 2940.JPG,Potato___Late_blight,Late Blight,2,val,2b3c203eb87d8b2bbb58452a48c344f9,2142163233537760
56aa566a-41be-4109-91bc-0cc99c385b7f___RS_LB 3843.JPG,Potato___Late_blight,Late Blight,2,test,9996a2fed804d362c1bd914a05c1e685,9e33795d470f134f
573c1cb5-fb43-4b19-886d-638a87bc134b___RS_LB 4007.JPG,Potato___Late_blight,Late Blight,2,train,e5ff54e53cb8ad5ce33c7e5bb9bf8b9a,9b336753766e3d32
57462a7c-a8f4-4b99-b312-a8b6e6a0e6f0___RS_LB 5330.JPG,Potato___Late_blight,Late Blight,2,train,3ddf13726ba0225c9015ace96d1a2ed8,070d391163676c78
5759c134-1965-4dd2-b71a-4eef4048f962___RS_LB 3975.JPG,Potato___Late_blight,Late Blight,2,test,26ff180aae75538cadaab31394fcb59f,c78505013973460d
57980690-2488-4715-ae89-84e84d17ee10___RS_LB 3978.JPG,Potato___Late_blight,Late Blight,2,test,fbc3c8ef64af614b1557b7077cbc5b11,1e6bb9bbb6ee7962
57a137da-7424-4a9d-9e28-bce63decbdcf___RS_LB 2761.JPG,Potato___Late_blight,Late Blight,2,train,e4ebe6fb6be406e0f2ee294a3ceb18ba,5fffd79f8f6727c1
580e8c49-3b1c-46d2-b3f4-68f0b3de0d77___RS_LB 4063.JPG,Potato___Late_blight,Late Blight,2,train,90473d1ab1d0e12ba652c111da497f46,8f2b296553371e49
58334b81-9aab-4b5c-b655-f7078a81135b___RS_LB 3846.JPG,Potato___Late_blight,Late Blight,2,train,035f0987f6468beec4e506d925383fd6,0713393d3b371f89
58475c1a-a4c2-43bd-b361-60523b5c62d2___RS_LB 3912.JPG,Potato___Late_blight,Late Blight,2,train,411d2a7f761a1f635aa3466f7179590c,8c066371713316cc
58adb74c-a1b3-4b9d-95b7-f0721c499388___RS_LB 4326.JPG,Potato___Late_blight,Late Blight,2,train,e605b190d66b6f9ebaedbcaf481fe1bb,664f4f9d91b31e39
58f100f0-490b-4868-95d1-5883fc3432d3___RS_LB 3302.JPG,Potato___Late_blight,Late Blight,2,test,0aa1b9d6276b7f15abfdcb2f65d11985,4c9f33234b43170e
59dcc102-c55f-4a13-991e-8c53db4ce76d___RS_LB 5189.JPG,Potato___Late_blight,Late Blight,2,train,8d78a4f120d4a1c440ca41fb9b797222,968397232b879648
5a2996c9-ed8f-4c8d-bab3-b68a833b7811___RS_LB 4786.JPG,Potato___Late_blight,Late Blight,2,test,68449dae5a7d896537cd7ad657d9ad24,cf1f3559314f3e30
5a42a288-8be0-4985-9ca5-105f75c8ee01___RS_LB 3275.JPG,Potato___Late_blight,Late Blight,2,train,2a4929dc1787b00f19ad87ea357a3b58,3e7773393b3386cc
5a7127de-28ef-47fb-ba00-4b68bf0d4157___RS_LB 2822.JPG,Potato___Late_blight,Late Blight,2,train,14ece718003cc27ab5e411ecde64e1fd,1c03114458181d0e
5ad9dba9-ed81-437e-8d5d-1d6660514462___RS_LB 4439.JPG,Potato___Late_blight,Late Blight,2,train,14000e5e5315044f742d1bd42eb08b01,070f1f376c4d5b3e
5b12fde1-fe3a-49fe-8430-479775018322___RS_LB 3071.JPG,Potato___Late_blight,Late Blight,2,train,e5975e4adb09c371fdba83ca7f486c87,a1cd15070f3e3930
5b3de8b6-0690-4a35-ab9d-ef6617c548ff___RS_LB 2925.JPG,Potato___Late_blight,Late Blight,2,test,e2849e0594e5866884ad9ad8ba8a8cbf,0930352766662c28
5b816f46-32b8-4a67-9e73-760e3358bd06___RS_LB 3226.JPG,Potato___Late_blight,Late Blight,2,train,42f09be35c9d79cf9016d1cad15736ab,1c57716c0e060303
5ba52ca6-9cd2-4fad-914a-af2f8fea65c6___RS_LB 4740.JPG,Potato___Late_blight,Late Blight,2,train,d7aed9a3e5f848aa791d157080faa8d4,2c46c34f27120601
5bbebfcc-4e51-47ba-948c-46be12f1c170___RS_LB 2716.JPG,Potato___Late_blight,Late Blight,2,train,22564890ba731ba5a7803199ae362564,02883034150e3c10
5c1c57f6-6aff-4bba-892e-43ff02311c3f___RS_LB 4046.JPG,Potato___Late_blight,Late Blight,2,train,d1d7107e58fc441ee165f2d6f4cf83a6,00071b2179432f08
5c43ce7b-f04a-4d0d-9305-47f0d83125c5___RS_LB 5033.JPG,Potato___Late_blight,Late Blight,2,train,fc0b961d22704319b1adf18ee7f6bbbe,0f193c7465670e58
5d1486fa-750f-47ca-a973-abc45ea5b4fe___RS_LB 4281.JPG,Potato___Late_blight,Late Blight,2,train,58606a8e703ef3ae8c36f16105f286a2,0c26190c8c060610
5d392db5-bf54-41f4-b76b-e3935dfe0154___RS_LB 3133.JPG,Potato___Late_blight,Late Blight,2,val,e05b8e96b4a45141743d41a9a6107e4e,07041c18496b2e98
5d85a25d-ed5a-459d-89fc-8bc9118518bc___RS_LB 4646.JPG,Potato___Late_blight,Late Blight,2,train,41059fa9f241ab0738d1fdb33d834fda,f35f4f5b6b0b93e6
5e0acf9e-2d13-40bb-912c-e32a844fdd78___RS_LB 5292.JPG,Potato___Late_blight,Late Blight,2,train,49cbbc64ea148268d340e79301dd679b,071325754d3b07c4
5e356292-3046-4967-b1e7-f3e5cf7d0f75___RS_LB 4459.JPG,Potato___Late_blight,Late Blight,2,train,8af5efbc2a368c430419f2c707630708,b28c864f653d8dc2
5e8203e5-b699-4d5a-acb5-08a5f06ee984___RS_LB 5291.JPG,Potato___Late_blight,Late Blight,2,train,96ca402dee600eb108f70b487f489792,03072d7373667c71
5e92b00d-92ed-4de5-b3f7-0d14a076cf02___RS_LB 4004.JPG,Potato___Late_blight,Late Blight,2,train,df6d89073601b68ded977fa75d4f8c41,4c87273626040c3c
5ebe5b4f-c3e3-435d-b2d5-49fa1002dbaa___RS_LB 2955.JPG,Potato___Late_blight,Late Blight,2,train,4e9a3122cebf659827bae9804845a516,0301316151573c60
5ec337d4-aff8-4174-bae6-72c246db3ce0___RS_LB 3175.JPG,Potato___Late_blight,Late Blight,2,test,7be7c8eed51915b5ef74898551e87b53,8633395923339e9d
5f0801e0-b127-4596-9f82-eb36f8ee5c85___RS_LB 3852.JPG,Potato___Late_blight,Late Blight,2,train,9e136c5ce653ee09817b057f6c7a110a,0c1b195575270e4c
5f6e341d-3a02-4bc5-ae02-c0a343a835ea___RS_LB 4882.JPG,Potato___Late_blight,Late Blight,2,train,f093952a7c20011ed9738878e3a3006b,8e275dddd96e3c20
5fa21fbf-774d-48ec-916d-c1d7b8c11c82___RS_LB 4795.JPG,Potato___Late_blight,Late Blight,2,train,249cbb1be440b5e337f5bde8060a0894,468b39596b398f26
5fe37f29-fe15-42ac-93b5-90aa5337bd55___RS_LB 2514.JPG,Potato___Late_blight,Late Blight,2,train,beb3fcaa498ac25c891aae121a8deeb4,1f3f7b7179332699
600100de-8374-4ddd-a816-318235e27948___RS_LB 2895.JPG,Potato___Late_blight,Late Blight,2,train,305552a7f788117ceaf650197e0df8f5,16234b5917330ecc
6033f0b2-48e7-411c-a39b-86297f412c19___RS_LB 4020.JPG,Potato___Late_blight,Late Blight,2,val,98b73b183530b011379a6efdb6152cad,030b0b33333e3c64
60463ced-752c-4af3-9082-1de380c572e4___RS_LB 2580.JPG,Potato___Late_blight,Late Blight,2,val,318870e6564ed95122f32195cefc5854,e7db373573472c78
613b5b7f-225d-4df8-8893-0f30111925ae___RS_LB 4243.JPG,Potato___Late_blight,Late Blight,2,train,9237c65dc5cec5075cb3d192eb6d9f89,1d387149990347c7
6148bead-5236-461d-90ca-bc552dc95abc___RS_LB 2983.JPG,Potato___Late_blight,Late Blight,2,train,f96c5c3e9d8b184d370edb16bb74236e,479f393d3b330e4c
625cf166-4cb5-4e6f-ac94-1193698388f2___RS_LB 5427.JPG,Potato___Late_blight,Late Blight,2,val,0b4a44abe4cb07dacb7329dc4ea0c735,419d393973272f32
629303c0-a89e-4f67-9ac8-aa769cf3a163___RS_LB 3945.JPG,Potato___Late_blight,Late Blight,2,train,0bdedc827a0e7fd368a15c035cea79f3,9990363359311f8c
62d41420-8e32-47d2-9a37-698c07f7dc16___RS_LB 2543.JPG,Potato___Late_blight,Late Blight,2,train,71a9fcb0a183631e98d2d0b4faec2ed5,0643615d18990131
63490f84-88b0-4105-bb76-23990e98c692___RS_LB 3041.JPG,Potato___Late_blight,Late Blight,2,val,a6a810ac8d323a9f6150cece6f6de477,5c636d6402020300
63dc685e-676c-4c9c-8f83-8f54bc7d6139___RS_LB 4117.JPG,Potato___Late_blight,Late Blight,2,train,ad743a22447fa3f326a4803ddf78da9e,030b33616b331ec8
63ec8c33-368c-433d-8953-f28f30e5985f___RS_LB 2943.JPG,Potato___Late_blight,Late Blight,2,train,4cc05cbee23f3fbc0f2adfda2b384394,784c665a1f238fc4
6463a976-e8e1-4698-8044-c1b6db0ef5ee___RS_LB 4741.JPG,Potato___Late_blight,Late Blight,2,test,3ec762c6875e777c1f0c016349f4ec65,0e7363490f271d07
64df88c4-e308-48f3-b475-e2e6206bbd8a___RS_LB 3886.JPG,Potato___Late_blight,Late Blight,2,train,b42a38244bb8e2a12acb75a8c2df77e5,8f396767664c3920
64fd9d16-28df-4dd7-9bb5-973bbd9ac6db___RS_LB 4654.JPG,Potato___Late_blight,Late Blight,2,train,c6128b5ac7f92bfd0e0ceb84db6b0cf3,911a9913199e99b3
6522615a-cbe1-4770-a137-25a2c081e1d9___RS_LB 2917.JPG,Potato___Late_blight,Late Blight,2,test,9874c0fa37a0822047be13d09d03d1da,0e171b2567670e98
65bab626-51a1-4d16-ab9c-ddd25f4e2e33___RS_LB 4927.JPG,Potato___Late_blight,Late Blight,2,train,2a4734852bd025c6cfd797e4fccd916f,ecdf9b3363663cb2
6616bc3c-e3be-440d-ac55-ae3bb665e8b4___RS_LB 5071.JPG,Potato___Late_blight,Late Blight,2,train,6af06377d041fe69aaeaa0bc6b9d7320,cf991153232e1f77
6637f5da-44b1-43bc-9678-1f1188f1ed7c___RS_LB 4796.JPG,Potato___Late_blight,Late Blight,2,test,b421ed555c5d35ac51e3accbbfdd8023,c30f3c5153630e98
66473aff-3438-4a8c-8c05-5fed8a4255ae___RS_LB 4473.JPG,Potato___Late_blight,Late Blight,2,test,12a0cd13b966dd858ba980d7209aad5a,0f373f2b3a1e8dca
668455c6-f7cf-4dc3-a4a8-858e7d4b55c9___RS_LB 3878.JPG,Potato___Late_blight,Late Blight,2,test,783b4eb8b23e57df1f5a9106e065b203,3e0f472385442099
67001c81-d182-4bc6-b9b8-f25ddb0a2db4___RS_LB 5231.JPG,Potato___Late_blight,Late Blight,2,test,976bdc8d5f355c483ac56165b37578bc,0405810001131e38
6750f885-4754-4e76-91d0-a5e77c86e9fd___RS_LB 4865.JPG,Potato___Late_blight,Late Blight,2,val,263fe726f910772842523dc65e24d140,060b1b0707068c98
68882ae5-79b6-4681-9e06-af8ae5999779___RS_LB 3952.JPG,Potato___Late_blight,Late Blight,2,train,45ece1a667109005deee64a5dad95057,dac78f297163068c
68decf28-de55-477f-9435-56cda245a7ca___RS_LB 3195.JPG,Potato___Late_blight,Late Blight,2,test,71773ac4d79a1a783e878d3cd6a6456e,7b6de6f3e3d5739f
699bd8b5-3c57-48c8-be2b-c8a5e12b0764___RS_LB 4083.JPG,Potato___Late_blight,Late Blight,2,train,3fbb9a5b75d2b39b0642e4ff7bdc83ca,101e473131910121
6a62fd77-1091-43ad-86a7-f42c56615e5f___RS_LB 4871.JPG,Potato___Late_blight,Late Blight,2,train,c96036f920981694637cf2434507774d,9a3c76f2733985c1
6a6315ef-b37d-4067-80cd-bb2d8adf93ca___RS_LB 2919.JPG,Potato___Late_blight,Late Blight,2,train,877ffaa1b45db25958311e81d6a1d9b3,16234d4d4c0d1304
6a687e1b-15c3-4752-b428-e14cbe85feab___RS_LB 2803.JPG,Potato___Late_blight,Late Blight,2,train,65309a932acd75d1613fed505213e2e1,e1973d5ddb9fbffa
6a72ed4a-cdb5-4a50-9a0d-efc119066fd7___RS_LB 2865.JPG,Potato___Late_blight,Late Blight,2,train,89fa6d312b22366f44b61ff615730ccb,eb1356dd87878ffd
6af65e0d-c1a5-4a28-9ecb-19e7e6d91a70___RS_LB 4128.JPG,Potato___Late_blight,Late Blight,2,train,fcbca86622380e3033662cdd1939ce1a,3f5befaf363381f3
6be49d30-1b69-435a-a533-21b2b1a7fd41___RS_LB 3309.JPG,Potato___Late_blight,Late Blight,2,train,7eb5edd6902db820157d54cc1d16111f,4e93332d71073e9c
6c5ac624-844c-4d01-b030-38e1130e890a___RS_LB 3973.JPG,Potato___Late_blight,Late Blight,2,train,33e67440ed1b6d954e60d85cb7f680e9,07891913336e58d0
6cab0a2b-a2d9-4798-8043-f6ef416ed745___RS_LB 4993.JPG,Potato___Late_blight,Late Blight,2,val,9eab1817beded6e8decdf015e1fd50a2,638b38646d4b5e38
6ce76067-e78f-42e3-a1d6-c04f92414038___RS_LB 5267.JPG,Potato___Late_blight,Late Blight,2,val,7956af48f9b9ba75dc4010b9b9afac1d,31c39b3264673f30
6d22d4ab-de5f-4944-96f9-4ec495a8e4f1___RS_LB 3109.JPG,Potato___Late_blight,Late Blight,2,val,d7621d9994395837b5ab77b3e27a3655,ddee536925359dc7
6d31cafb-4cf9-455b-ac89-487444b650f7___RS_LB 4236.JPG,Potato___Late_blight,Late Blight,2,test,7b01381d35fda891620b23f52f1d0ca0,2683372c5c796397
6d51bd53-2556-410c-b151-547c83a06287___RS_LB 3276.JPG,Potato___Late_blight,Late Blight,2,train,1b2e9823999dd50bacdd9efc35ecf00b,0a1b39183d733a3c
6e5ae22d-5e91-4fed-b731-94f80ff63613___RS_LB 5113.JPG,Potato___Late_blight,Late Blight,2,train,a46684a20d54c6e10eee55800b3abe89,4f9b33333b379f9b
6e9fc91a-e20f-4431-bc54-8492d7ec788e___RS_LB 4527.JPG,Potato___Late_blight,Late Blight,2,train,01a2d6cd5d4723e69fc259815567e524,0a010e9a1a531e00
6ecc23ac-9aed-47bb-8ee5-76574de85872___RS_LB 5010.JPG,Potato___Late_blight,Late Blight,2,train,33b7de6e3016d29dd6e579e19860bace,303cce6f3b098942
6f0fffdc-876f-449f-b03e-f25081f2c44f___RS_LB 4096.JPG,Potato___Late_blight,Late Blight,2,train,7714eab38f22d1952b1a197dd60fd71a,2763657263611b0f
6f2f2f80-80f5-4f0b-86f6-a0d9b0fa4cbc___RS_LB 4034.JPG,Potato___Late_blight,Late Blight,2,train,ea7306f5d584d8e46fb3cb3337293399,1c1e33032393c722
6f5a4763-2865-4bdf-8c7f-49ab7a53126a___RS_LB 5237.JPG,Potato___Late_blight,Late Blight,2,train,74531ec7f9a865d8101753ea9fdc4072,0613136171330f8c
6f669c56-c863-4c71-be49-8d020d3f7d3d___RS_LB 5128.JPG,Potato___Late_blight,Late Blight,2,train,7bba9d9cf2eb5634ea596e5ff41359c5,c78f23215b5ebdf3
6f88dbd4-3e54-47ae-850a-0e9c7d9d700d___RS_LB 4737.JPG,Potato___Late_blight,Late Blight,2,train,7c3ac1243279282d4672ff593e837fe9,0931214161272c39
6fa565d1-4fab-4331-b30d-772babc186a4___RS_LB 3887.JPG,Potato___Late_blight,Late Blight,2,train,251bcbd4b611c798c515ec55ca6748cc,818595353b246148
6fc1834e-7909-4177-9480-6cd9f23109b4___RS_LB 4023.JPG,Potato___Late_blight,Late Blight,2,val,f8d4edff803e745e15639dcd98d7566a,bce3c383070f1f7b
6fea732f-0819-4ba1-922a-8cbb1a94baff___RS_LB 3336.JPG,Potato___Late_blight,Late Blight,2,test,45271a37c0e2158ead70a99633853756,d6034dcfcbde17dd
7050bb1d-af0d-47c4-8f35-23b9561b8024___RS_LB 3313.JPG,Potato___Late_blight,Late Blight,2,test,1c0ea8da588fc4cbfcbc25bac262b22e,f38d3d3533bfdf7f
709bddcf-5c54-4fad-8a22-890c00e839a4___RS_LB 4732.JPG,Potato___Late_blight,Late Blight,2,test,0ccc9ee42ca99c5fddd12a32ee81c452,070f0d1169318fcc
70b8c0ad-be72-4f3f-84ba-7439f83b089b___RS_LB 4446.JPG,Potato___Late_blight,Late Blight,2,train,2ccb94c069efb85bc65b668143f9df6b,1223234549536679
7153262e-7692-441e-9677-056a349d62b8___RS_LB 4813.JPG,Potato___Late_blight,Late Blight,2,train,7c83fb0e065662cb07131e28ff141b11,83192d2c2533964c
716325d9-fca6-46b4-8f5a-f6729c211200___RS_LB 3958.JPG,Potato___Late_blight,Late Blight,2,test,44b57c88556ba61f5c1b710ca98791d8,e58d992563460d9a
718aefec-0eba-48fe-9798-f45d3d24fade___RS_LB 4119.JPG,Potato___Late_blight,Late Blight,2,val,003ddb8cdfc200f4a3f786863154051d,003c0e43611d0c01
71cbb155-74cd-42f9-97ac-abca4a10ad79___RS_LB 4456.JPG,Potato___Late_blight,Late Blight,2,train,fd5baf2a1f0e3ff3f0f2d8a2d4ed7637,cf1f76b7e76f3fbf
71f6c664-3b77-45ef-a1de-e00685c78add___RS_LB 4441.JPG,Potato___Late_blight,Late Blight,2,train,eaeeb2df644adbc54b73136ec4787ada,0003052525713a38
7220e643-be85-4361-8c34-f647ebed5dd8___RS_LB 3027.JPG,Potato___Late_blight,Late Blight,2,train,524992d17b77a8a73837e7d3b7de1eeb,0c47444e76320d01
72485a02-60b9-424a-ba1f-de8078b07176___RS_LB 3148.JPG,Potato___Late_blight,Late Blight,2,train,b2d31bf6d2bdcbe51ed661f5a6db6768,1646613014144d0e
7260ba74-3187-4a62-8962-cbea92def2f2___RS_LB 4769.JPG,Potato___Late_blight,Late Blight,2,train,9afeba5f7db85f2fbe720b1c9f80afe6,071d2c477b0f3c73
727dd407-7a8b-4edb-9697-726ae947bd63___RS_LB 2646.JPG,Potato___Late_blight,Late Blight,2,train,db888f030687ea46d8c9f9cdf5ceac99,040e070301010303
72b12e17-d76f-4254-a4af-3ed3c3859500___RS_LB 3334.JPG,Potato___Late_blight,Late Blight,2,train,1216d51b51a6e87511903b8509043f6d,180c464b53090940
72e10017-f8a6-4813-8036-0cde4dad6057___RS_LB 4666.JPG,Potato___Late_blight,Late Blight,2,train,fbd808737b845cfa58dafc96d8705d05,25870b93160c3830
73366261-64f3-4219-a43a-97cda85474a9___RS_LB 3332.JPG,Potato___Late_blight,Late Blight,2,val,dee29b6d7b2a840a0435944fb8937efd,e6872b39330f86e5
734b84f8-3bcb-4abd-bf22-0896a16e8df7___RS_LB 2929.JPG,Potato___Late_blight,Late Blight,2,train,98be6a39469f94fbb8029c8e24805049,8f0d656767632797
73d0be73-8a51-417a-ac46-67a37462efa3___RS_LB 4457.JPG,Potato___Late_blight,Late Blight,2,train,078aeac57364b84e6a4029d7b55bbde8,9e39231676152dbb
73fb0463-c023-4749-8c37-dd11304de9b1___RS_LB 3112.JPG,Potato___Late_blight,Late Blight,2,train,a56f1cbd75f11658248d8779b0c3d219,040672524e2c6c78
74277267-6a9f-44d0-95fe-7f52f89630a0___RS_LB 5074.JPG,Potato___Late_blight,Late Blight,2,train,1a2b3f96f19465b37543592d3e3f6d86,b67b4c562313072d
7460b5a9-4356-40b3-acf6-e61601a63b62___RS_LB 4965.JPG,Potato___Late_blight,Late Blight,2,train,6ec7e8f32d28e1c009fa84c1c348c21a,4587012133278e48
749a1b32-7152-4dce-87b4-92af094f6b9b___RS_LB 3310.JPG,Potato___Late_blight,Late Blight,2,train,2efde8ffc99421292597ceb2716c98ce,06470d2415134e38
74d51dd6-7990-4d3a-95c6-5d67fac5cdad___RS_LB 2578.JPG,Potato___Late_blight,Late Blight,2,test,823171bf23bdc943ab9929211ae2e130,5d4e463b191dcda3
74d5c9b6-c99f-4ba2-8180-6c35bb5de820___RS_LB 2811.JPG,Potato___Late_blight,Late Blight,2,train,0a4c131cfa6691dc4e488d29967bb8a6,7f6f6ff1d9c36e4d
74ee080b-cad8-4090-9f2a-07411eb8481a___RS_LB 4956.JPG,Potato___Late_blight,Late Blight,2,train,ac0d8d6254bdbc19d50f278be5efa67f,6d7c7e26339981e3
74fdf0aa-c85e-406e-9f2e-6403bd6b994a___RS_LB 4245.JPG,Potato___Late_blight,Late Blight,2,test,3326648ccf73331cdedfebef9617fabb,20030f1dbb73263d
7514a101-a131-449a-9dcd-80ba8733f124___RS_LB 4879.JPG,Potato___Late_blight,Late Blight,2,train,ca5d723851c777d4a6cfd777f4654a2a,c3842c787041334c
755c96cf-1bfa-4d35-9ad2-c04dba9f64c8___RS_LB 3262.JPG,Potato___Late_blight,Late Blight,2,train,c407333cbc52c277640aa5fa8677144c,2e195d4e66229343
75a1ae7b-9b93-4a9f-9eca-70b4b9e9f5ff___RS_LB 4739.JPG,Potato___Late_blight,Late Blight,2,train,14bebaa6474493fcfbe2e63db6b0db4a,860666644c472600
75fd327f-c30c-4b73-b7a1-fd11aab8206e___RS_LB 2508.JPG,Potato___Late_blight,Late Blight,2,train,66b05acc29a6a988def5dab93c9d7bae,0307472631238edc
762a9cd9-7da1-4885-b677-870da1e41768___RS_LB 2592.JPG,Potato___Late_blight,Late Blight,2,train,cf9de88b5c7e6d228bdf3341eb17296d,7f3f978fcf6523cb
764311f2-6fd3-424d-aabc-9ad013a41997___RS_LB 3136.JPG,Potato___Late_blight,Late Blight,2,test,9651e9135158522f0a7da1bc8fa06dd3,cd0623632d0f1f8f
7673ac2a-707f-4575-a11d-afe44817bfd4___RS_LB 4342.JPG,Potato___Late_blight,Late Blight,2,val,7e919a67b56145cb4463c5a455b8f017,f3dd2c39393b1ff7
76be1a95-8bf1-468e-bc6c-f7d8fa5b7e5b___RS_LB 4758.JPG,Potato___Late_blight,Late Blight,2,val,10126fc3eaae10f074f51755c6669fb2,143f6fc971251f8e
76bea797-306c-4fc5-a868-69394fed05d4___RS_LB 2900.JPG,Potato___Late_blight,Late Blight,2,train,af5839522091b33d4045ff6a534c68fc,6f4f9b99193b97c7
76ebfd7a-b3d8-4cde-b6b6-7e5132ec269b___RS_LB 4935.JPG,Potato___Late_blight,Late Blight,2,test,84a263516a7facd2e24fc7defa0f43dd,789cc6633399c1e0
76ee26db-ef55-43b9-9179-6b9ba15dc21a___RS_LB 4058.JPG,Potato___Late_blight,Late Blight,2,train,76ae53f1e8a6fbdbcf6531e29f44c75e,1d2e2f2b9747231c
77164347-18bd-4466-aca9-0f61e6a36468___RS_LB 4155.JPG,Potato___Late_blight,Late Blight,2,train,5e75ff58fa953dbaceef63e00949ed8f,f14587273b7b7f7f
7774658c-0dcb-4b7c-a1fa-573de03373dd___RS_LB 3135.JPG,Potato___Late_blight,Late Blight,2,test,49c47694638e3724a84b3621f3cbf011,e7c59d295953161c
777a492f-3dfb-4bcf-8b33-a9b09fb21e6e___RS_LB 4866.JPG,Potato___Late_blight,Late Blight,2,train,d44ef71204d23be8cdf4121c263aa12e,27294d491b139ecc
77c271bd-0798-4336-8bea-f2a80e8e8906___RS_LB 3290.JPG,Potato___Late_blight,Late Blight,2,train,0a1bb0791ea6b32f42deb930ced719e5,1d1e4b2d0c1d970c
77e2a857-e169-42f4-9886-708024781837___RS_LB 4705.JPG,Potato___Late_blight,Late Blight,2,train,61f0041e54d8643f7a8591e938c93543,f72747c3cf9f5f7f
77f5fdf0-42c5-4af9-92d8-366e6a3a2017___RS_LB 4071.JPG,Potato___Late_blight,Late Blight,2,train,66b36fae07bbf71d6bba9cee5037c655,63879929331e1c7f
782bc9dd-286b-46ee-b896-fa5520f57b0c___RS_LB 4408.JPG,Potato___Late_blight,Late Blight,2,train,831bdbdbd111c17d6876fabfc380d72b,cf8d5999bb333f7f
78f43f26-36e5-43c2-9b87-a08d8a0b8a11___RS_LB 2843.JPG,Potato___Late_blight,Late Blight,2,train,1a22cdbd39d7c8713faa369188a00cbb,06534d6432130901
78fe147d-b9c8-460d-ba04-65fa82b39184___RS_LB 4870.JPG,Potato___Late_blight,Late Blight,2,train,85cd806a71be19aa1fcfd1d337d333f3,3e3b79e3674e1890
790eb0ba-6878-4b5a-85fb-481aa37783a3___RS_LB 3872.JPG,Potato___Late_blight,Late Blight,2,val,aa82361d094ab1927a03ca24096a9fe8,130d0f83011181b0
792d4339-f459-4ef6-aef9-431c64c95cc1___RS_LB 3251.JPG,Potato___Late_blight,Late Blight,2,test,6037b0bad267bb66ebcf368503d4acc6,7fdf4e3f9fcfe7f3
793aaf75-3085-4bbb-bace-33a9593c3c94___RS_LB 4847.JPG,Potato___Late_blight,Late Blight,2,test,dc533cf2a15dc2385cafc4cba5352947,1c2f49472606c531
794ef65d-1a4c-445a-b77c-f00d36ec82c6___RS_LB 2869.JPG,Potato___Late_blight,Late Blight,2,train,db1accc65f6e7bbe5a91c10c588c5f24,051c3a7474791234
794fae1d-55b2-4275-8fce-174728963813___RS_LB 2841.JPG,Potato___Late_blight,Late Blight,2,train,cf91182f8b711666754e497f85884551,376b4d6745270e4c
7a0b26a9-4abe-4e84-ad20-699b0c0cd27e___RS_LB 4376.JPG,Potato___Late_blight,Late Blight,2,val,f3eb798282a1192813ef1547eef43602,6ecbc90f69198f4c
7a4371b2-72c6-414e-b73e-6e4b4adab72f___RS_LB 3289.JPG,Potato___Late_blight,Late Blight,2,train,ce8d8b8954d7546990916eeb29cc64c5,21411333234b7b0e
7b32b8b9-6b65-44e6-a3e5-edd7a5d62ec4___RS_LB 4142.JPG,Potato___Late_blight,Late Blight,2,val,5ca25722fa9bc0148a379123f2594668,0e1c386471525c70
7b38a18a-65a4-4162-b48a-658b846be5a2___RS_LB 2733.JPG,Potato___Late_blight,Late Blight,2,train,0c83e1a493c9ccb2944a846e65c18776,7fce7f7bb3773787
7b5a2c96-f276-477a-8e7e-3325b02719a7___RS_LB 4613.JPG,Potato___Late_blight,Late Blight,2,train,6aa17c6f88d5a0f88363a3e060e9d22f,8f1f1b3b672f0ecd
7bf67e1e-57c8-4f68-bc5a-56b2a69f30ec___RS_LB 2509.JPG,Potato___Late_blight,Late Blight,2,val,71497f1e7cfc2d183d22c1d376510d95,1f4733592f87c331
7c0ff85c-0a94-4ba3-9abf-010ba81a4780___RS_LB 4003.JPG,Potato___Late_blight,Late Blight,2,val,8b0c7abdea0910cda128c6f78d452933,5289032351251fde
7ce28b45-467c-4962-a030-f621b4bc76a8___RS_LB 2644.JPG,Potato___Late_blight,Late Blight,2,train,464efca98bde7e0995118e7aec1de1b6,c3830f0707171386
7d885e39-d832-473f-bf81-c22855e481c3___RS_LB 3946.JPG,Potato___Late_blight,Late Blight,2,train,b95d75dc7f33eea70b07bed9005dc8c4,660939f019030698
7dfb162c-0384-46b3-bbf7-f0929bd00921___RS_LB 5235.JPG,Potato___Late_blight,Late Blight,2,val,b5e3636e9434a1d2111040b39ba3f715,3deefbfd7d1387f3
7e0d53ac-3088-473e-a40e-50223afd4e60___RS_LB 2568.JPG,Potato___Late_blight,Late Blight,2,test,b5ce9a8d5eed9ed2dafbd969be170c80,931f295b13261cb2
7e1b19fc-c79d-4898-9e69-9843dd8aa1b6___RS_LB 3137.JPG,Potato___Late_blight,Late Blight,2,train,c2b0a9c2f0468ea31f5682788c21ed80,b73371315b5b3e9d
7e1cd97d-b5a3-4c92-b258-0aa90e6fb806___RS_LB 4826.JPG,Potato___Late_blight,Late Blight,2,val,f62acffacfb8b6389a62bf815f83c39e,e38b993121230e18
7e486917-7f31-4a26-b0ca-6175ebc2beee___RS_LB 4113.JPG,Potato___Late_blight,Late Blight,2,train,c968aaf4eaa2832181407877d49c515b,e3c38531234e3e3e
7ec28081-7b26-4519-a406-48ff4edb69ea___RS_LB 2622.JPG,Potato___Late_blight,Late Blight,2,test,268b54de426285df324e67a18679e862,0e3323732b2a2e99
7eeb65d4-122d-45db-b6b0-820cbb6f2dc5___RS_LB 4539.JPG,Potato___Late_blight,Late Blight,2,train,13b39410ac133b63eab4694833305314,638311a9afae3f3d
7efcdebc-93be-4168-9965-2b2be46823d8___RS_LB 3249.JPG,Potato___Late_blight,Late Blight,2,train,a5948e4d79cb97b9a3a2949c9e6dae07,2c773b3b91434b22
7f2933ec-8a70-453c-8e5f-4eb9d25eac6c___RS_LB 3917.JPG,Potato___Late_blight,Late Blight,2,train,46281dea401397391d47668b6416b90f,838f9b9b326e3830
7f90c344-54de-4053-a406-3a67f9fb1108___RS_LB 3283.JPG,Potato___Late_blight,Late Blight,2,train,adf2a505344ce8d00e23609e1860a613,092c161c1c5c0c07
805f68c3-b0a9-4072-8ef6-4c48d804e888___RS_LB 5159.JPG,Potato___Late_blight,Late Blight,2,train,822860c368a788b23b00039b02af691b,064a1e2666677630
80a20af8-9759-4c07-8d0c-d48edc9925c6___RS_LB 5289.JPG,Potato___Late_blight,Late Blight,2,train,66c795ea1f81b5f31e5b94abb18a68cb,9d0e271359753583
80bdc2a3-66b8-4d95-abe7-65c7806f7cbf___RS_LB 3073.JPG,Potato___Late_blight,Late Blight,2,train,ed249e34c2961cc97a8acf3f6f895faa,030614320a4d5e38
80e39105-97cd-4368-9e3a-b5498ae1c0a2___RS_LB 4474.JPG,Potato___Late_blight,Late Blight,2,train,79f7bd21000bfca1980d32b49eaed8a6,751c1c3e3b234326
8137ed93-0e40-4bcd-9da7-f69ad5a08cd5___RS_LB 3059.JPG,Potato___Late_blight,Late Blight,2,val,95ed6a7c21501ba34c1b872bdb44e94f,1e33613539331ecd
815516f8-6fb1-4f92-bdff-63349e5ee83f___RS_LB 3237.JPG,Potato___Late_blight,Late Blight,2,val,53d39dd20aa2707d2d751f9da8fdd3a2,65c50f1b332e5870
8192a596-e2e9-4451-a33d-a92a26a739ee___RS_LB 2624.JPG,Potato___Late_blight,Late Blight,2,test,da7974080068b6ae71fc97844092a3d2,0103060e5e4f4706
81e4675f-5f16-4c8a-be12-acb79f46575e___RS_LB 3111.JPG,Potato___Late_blight,Late Blight,2,train,3799a2477b70fde2e615bb0fa22ceeb6,9937666b63238f4d
82967117-2bcc-4949-b060-738e7b66b755___RS_LB 4744.JPG,Potato___Late_blight,Late Blight,2,train,2f3afc54798cb9ba030d071c5bc82b27,0f11254d59677c78
82e0f1d2-e996-427b-9216-6b46aedbc07f___RS_LB 4880.JPG,Potato___Late_blight,Late Blight,2,train,4c9415801c82af9586b3b09ac8d99272,1c6773b070198332
82eb4f72-487c-4f4e-ace6-cc44a24978ec___RS_LB 2600.JPG,Potato___Late_blight,Late Blight,2,test,4824e518cff22089ea9fa38be6951c9b,3f4f475b494d9fcf
83f821e6-0924-4bbe-8977-0e11c220aed0___RS_LB 5011.JPG,Potato___Late_blight,Late Blight,2,train,1491cde9388e445949fd4433dcb4bdbe,46832135532e1d58
84182903-22be-4563-8276-d72413958ada___RS_LB 4027.JPG,Potato___Late_blight,Late Blight,2,test,5f2c721cb6184eeb578b7fb58dbace62,460b31342c391bc6
841a4e5a-7aa6-4b32-a2b2-436874a48fdb___RS_LB 4469.JPG,Potato___Late_blight,Late Blight,2,train,8708e4b80ff99dd78b1af69ca1b9f432,3c1d67737b3f8f67
84559c6d-0589-4d8d-8fc3-a818b067f85c___RS_LB 4608.JPG,Potato___Late_blight,Late Blight,2,train,637494f9f7a7fcd5291c4eb59e3daeba,830d0e6727463e19
84e85005-c647-4381-8762-c487074c9571___RS_LB 5186.JPG,Potato___Late_blight,Late Blight,2,val,10e247d10ed904b2c57f48bdb4d756cb,e38f1d3763677e78
84f666da-9e17-4e90-9813-0ed64da175d9___RS_LB 2536.JPG,Potato___Late_blight,Late Blight,2,train,6add958c0f506126b879ef2e400de043,280c464b65318341
8542cb42-d817-4850-b42f-1fa7083e37d9___RS_LB 4780.JPG,Potato___Late_blight,Late Blight,2,train,50396cdfc2193e97fde58e7deaf85436,c643c9a5a31b06ad
856b9ab9-c5af-43f1-a320-097b7380d314___RS_LB 2789.JPG,Potato___Late_blight,Late Blight,2,test,b2b503bc5b257dd4c0dbeb90229b7316,d3b72d5d37677dff
85bbcdd2-a9fe-46d1-8e0e-f4e2c5e885fe___RS_LB 3218.JPG,Potato___Late_blight,Late Blight,2,val,e3fef30e5ee519cdf18e43cb9161c88b,0b830b49542d0f1e
85d29f87-cb27-4ffa-9ad8-9c47f9a53b33___RS_LB 4437.JPG,Potato___Late_blight,Late Blight,2,test,101c73dcb47814e76a08f99b06a64336,1008262325900901
85d60a7c-4a4c-4fcf-8743-21b4c03ff12c___RS_LB 3868.JPG,Potato___Late_blight,Late Blight,2,train,c1c36458270b7346dfff30b3a933adfd,8e3f7b7d5fce7c70
86323439-ca8d-4819-ae81-800e50f85770___RS_LB 2826.JPG,Potato___Late_blight,Late Blight,2,train,786deb12cde6ac5fa0c87f5c367a62f5,5e47e1e1b98d0d0f
8692ff0d-260b-4fb9-9598-efa91456c2bd___RS_LB 5438.JPG,Potato___Late_blight,Late Blight,2,train,5fd441c2fd293d7ba202771f5c46875e,020101010b464668
86944800-4984-44f9-9c72-53fcb7324a3b___RS_LB 4015.JPG,Potato___Late_blight,Late Blight,2,val,cc5965aec008b278c5db21dfa786761f,0e1727253f9e5c48
87681326-2843-4e63-9042-602b08a98a66___RS_LB 4145.JPG,Potato___Late_blight,Late Blight,2,test,43603266031406cbc485deded80926b9,b6cf9b33270e1d76
8797bc6a-f738-4caf-9569-797fdf28cd24___RS_LB 2903.JPG,Potato___Late_blight,Late Blight,2,train,d8f2efa30ff753f02eb3bedc2cfc3858,010031797b664c18
87c99be5-a930-410f-8529-e79e030cba0c___RS_LB 5294.JPG,Potato___Late_blight,Late Blight,2,train,8f58e0db7db20277fa4059aa5ea43254,030d3c4c4961271c
8829e413-5a7a-4680-b873-e71dfa9dbfe4___RS_LB 3974.JPG,Potato___Late_blight,Late Blight,2,train,ddbba53d6992be9effa0559ccd10e7fd,c31b2d6d0c191b04
889b0741-2110-47a9-a2d2-90194e5d7676___RS_LB 4787.JPG,Potato___Late_blight,Late Blight,2,train,d83571abe2ec4e318eec3924cf013fb5,5e567d77212383e1
889d5479-9d54-49b1-9aba-3af34e377592___RS_LB 2635.JPG,Potato___Late_blight,Late Blight,2,test,742c93cc920dd0cba35baf3d1967d5ec,871979d8b1e3060c
890ffd2b-7365-4a91-b0e1-f414da0a17a4___RS_LB 3216.JPG,Potato___Late_blight,Late Blight,2,train,dc1bf4d10484682bc1c66f110cc1d062,5fdf9fdf4f379bcf
891ddb02-a289-4d8e-8380-7568686b7a08___RS_LB 3193.JPG,Potato___Late_blight,Late Blight,2,train,0ec65711222d183317f918314733cfcb,0e5fd5d9c9dfdef7
89ad1a3c-db3c-4d75-9c92-64cea1433f89___RS_LB 2820.JPG,Potato___Late_blight,Late Blight,2,train,e9c0dc84897c182a94b401ba30489ae6,9c3673b1313b2fcd
89c3b470-f3e6-4a8c-90a0-edfc0ef73085___RS_LB 4543.JPG,Potato___Late_blight,Late Blight,2,train,aa0dacdf86ae00e8be595483bdf87497,f3630d893b373d3b
8a2f2feb-3738-4675-9cb6-b1911a056dd1___RS_LB 2601.JPG,Potato___Late_blight,Late Blight,2,train,fd475a0d5bc16d2cb1c685cae8127968,061b0f2323239ed8
8a70b737-9270-49ca-9fd2-e6468592c393___RS_LB 2978.JPG,Potato___Late_blight,Late Blight,2,train,918c6162f62ac27c38e05c90026d24d3,8e19312327430e7c
8aab9abd-f5e3-4653-80d9-317bef625ae2___RS_LB 5221.JPG,Potato___Late_blight,Late Blight,2,train,3fd67b4a4bc43f7bd71ab9cbe5001fe5,9c2e36333b2f07c3
8acd2e1a-f965-4abb-bd16-8c0a4e918d2c___RS_LB 4644.JPG,Potato___Late_blight,Late Blight,2,train,e1cbaebbebe3a428644237802d6d3c3f,fdc69b391f6e3e9c
8b0ef54c-6d28-47bb-a657-287afbb8a620___RS_LB 3298.JPG,Potato___Late_blight,Late Blight,2,train,b7b2f0364c154e5c90bb88e413566147,6c4e46339bcde3d1
8bf37a1e-4535-4919-953e-69376f5be48a___RS_LB 2611.JPG,Potato___Late_blight,Late Blight,2,train,7dd419eea9a01f5ec2b774c011668098,ce33236777379f0e
8c1960cd-20e2-4a9c-a1ee-9800289b884f___RS_LB 3941.JPG,Potato___Late_blight,Late Blight,2,train,244a6f7a6202aeb4da3a4dad0ce1b917,bd1f47633199cda3
8c3c1c3f-5cf0-4daa-9267-243cf1b47927___RS_LB 5005.JPG,Potato___Late_blight,Late Blight,2,train,b71e0efac78f8a2513c5cc31a93b5a4a,8c2727676b268c58
8c894440-a022-41a8-9545-51ff4286d29f___RS_LB 5126.JPG,Potato___Late_blight,Late Blight,2,train,cea7c12f0456c956db2f23a9886f520f,1c476171108d2511
8cd26c99-237b-4910-98ae-3e930c760f56___RS_LB 4061.JPG,Potato___Late_blight,Late Blight,2,train,6dcb1607a9cda13408be63efd805b20e,e3893563734e7d73
8e1d2020-3d04-46b1-bd71-82922e1aeaa6___RS_LB 5017.JPG,Potato___Late_blight,Late Blight,2,train,11352801e855ae8a04b5c9e64574c123,19391b0306183020
8e78b212-d2b4-4551-a1c1-70268ec75b0d___RS_LB 2958.JPG,Potato___Late_blight,Late Blight,2,train,a4118bb1c2774af9db8a30b46b42b2ef,6844467b5b390185
8e864e28-d161-4888-bf90-fd9467bfe9c2___RS_LB 4574.JPG,Potato___Late_blight,Late Blight,2,train,950fc8cd734e6a1e012a4c29c529f1d8,808381871b275c71
8eb5691c-0098-45f6-a782-e297ed340bc0___RS_LB 4153.JPG,Potato___Late_blight,Late Blight,2,train,a81a4898dda02bbe5ba55854f08c9a4c,140e1b11182d170e
8ecb7cf3-9be5-4c3e-9714-2d5987987ad0___RS_LB 5205.JPG,Potato___Late_blight,Late Blight,2,test,af65e8ab092558a581ab506c34570328,5c26323391456583
8ee9f477-92a7-43a0-9377-0535b218a21d___RS_LB 5266.JPG,Potato___Late_blight,Late Blight,2,train,aab44b5a9e1c33d375c73c1d07d8b49d,6e8f276667339ed8
8f12dae8-d44b-4d16-8815-4da5f9a9ff55___RS_LB 4283.JPG,Potato___Late_blight,Late Blight,2,train,91ef7283e851a92dd5069a9d3cc8e14c,27091973430f3d33
8f634ae3-010a-4a08-aae9-2aa43bc73a0a___RS_LB 4069.JPG,Potato___Late_blight,Late Blight,2,train,dee19e1c65f9a4a97a85823c5417efc3,8f33793121138e24
8f80caee-38ed-4b49-9596-6f66c3cb9c1b___RS_LB 2535.JPG,Potato___Late_blight,Late Blight,2,train,df8b5793f725c0a9927c94ffcf0f8d0d,4793396163373cb0
8f8e338a-b6ac-4ca7-b3f3-596dc15eb140___RS_LB 3970.JPG,Potato___Late_blight,Late Blight,2,test,570dc914a8f661833daa91dee3e1a9fd,5f531b0985c59191
8f93f47b-2ee7-482b-9e18-20af5eb98d79___RS_LB 4889.JPG,Potato___Late_blight,Late Blight,2,train,4a0664fbf125aeeddd69fd6f01c85538,7e5e4a733985e5d1
9001b18c-b659-4c56-9dfb-0d0bf64a7b4a___RS_LB 4987.JPG,Potato___Late_blight,Late Blight,2,train,f87924c8ce174b144274fbc8fd431f2e,223e476124864405
9009c86e-1205-4694-b0bb-ef7cf78dd104___RS_LB 3995.JPG,Potato___Late_blight,Late Blight,2,test,ff8d9e2ec57472a62dcd3983b73b2104,993565311b670e99
90302aa5-644e-4857-b60f-92f6aed488fa___RS_LB 3246.JPG,Potato___Late_blight,Late Blight,2,train,46d0adbbb1d2e7ca1d6c749993baee65,0607813831333e30
9032d569-294e-4b8b-a70f-ecff949e43e2___RS_LB 3998.JPG,Potato___Late_blight,Late Blight,2,train,b44a41591bbbc9e93c683fec66be9035,0613232303062c38
90596f7b-1efa-4595-8d57-bcbd4c48253f___RS_LB 4753.JPG,Potato___Late_blight,Late Blight,2,val,5309e69f937587a6e440a5fab4157768,140b616110860601
908546cd-34b8-4502-ab09-0c5bb7c1d87b___RS_LB 4912.JPG,Potato___Late_blight,Late Blight,2,val,4dcdbe1aa30751f66eabafc28fa482aa,3c3e53690c984501
90c2a92c-9e38-49a3-aefe-e1805fe64537___RS_LB 3016.JPG,Potato___Late_blight,Late Blight,2,test,a2b05c3f76553214f02f107beb7d8e79,3f3ed7e7f93b1fcd
910139a3-cd42-4adc-a24b-3602fd4de7d3___RS_LB 4415.JPG,Potato___Late_blight,Late Blight,2,val,f79e1b3afe606ab0b663d170c27fbbc2,b4324b4544250702
9157168d-8377-4a75-8dc2-d7c951efeb55___RS_LB 4978.JPG,Potato___Late_blight,Late Blight,2,train,90e75e95f2c825c5d3be9650d75a2024,0799216d4b524c69
919150bd-372b-44e0-a70e-a13e60dccbce___RS_LB 3263.JPG,Potato___Late_blight,Late Blight,2,test,13d1313d8b3c30e0b6d67640b5cf044a,479b3366451d1b2c
9254f86d-5d83-4217-a7f5-84d08e1b93ee___RS_LB 4037.JPG,Potato___Late_blight,Late Blight,2,train,0b36af1557888639163b60148f72dad2,973353fbe7ee1d33
929dd251-5fbb-406f-9313-a71e5f96b31c___RS_LB 4781.JPG,Potato___Late_blight,Late Blight,2,test,63af65a66a4d3e1d438985de83f122a6,1f6ef7434181c1fc
93905331-a3b3-43dd-8596-d8f7e6b3e88f___RS_LB 3306.JPG,Potato___Late_blight,Late Blight,2,train,6477246a88bb1ecc444fff87c65d4b4c,f3c79d2d5f1f3f3e
93935af4-3aae-4dd6-90d9-fb28e439faf0___RS_LB 3299.JPG,Potato___Late_blight,Late Blight,2,train,ee05e5db68d284f548949bb1bd51d80f,cd0e377773662d3b
939a9a98-cbc9-4b83-bb47-395f26d7fddd___RS_LB 4293.JPG,Potato___Late_blight,Late Blight,2,val,078d4d2eff1ea57642917a2d0d79542b,4f1933674f0f1eb2
93d91b96-e024-477c-9b76-796e3f1614d4___RS_LB 3297.JPG,Potato___Late_blight,Late Blight,2,train,952e0b4df1ff6198af27e9e47144ef73,4c36130984460008
9475f5bf-607b-4091-8a6d-8f09921478a7___RS_LB 5191.JPG,Potato___Late_blight,Late Blight,2,train,5e4bc4c4f936f8f55fff01604ec9a474,4e0f2b20308bc3e6
94c50d24-cfd7-486c-a4ac-a10f552d0f8b___RS_LB 4329.JPG,Potato___Late_blight,Late Blight,2,train,d5ebbaa99986c7a982c593d94112cdec,3f676d3a3c34998f
94ebce3c-2945-44a4-aa81-1abe8e4beea2___RS_LB 3953.JPG,Potato___Late_blight,Late Blight,2,train,ba72fcaa2ecf1841e2be287449e1afae,da2e272321309943
954d36cb-4a20-4889-83dd-4cba7e7180f8___RS_LB 4536.JPG,Potato___Late_blight,Late Blight,2,train,5384cd953ade6d2a18f0d066e1aefa0f,cdcf9f9f1f9fcd6f
9570095c-02e9-497b-bec1-4e526f3462e5___RS_LB 2815.JPG,Potato___Late_blight,Late Blight,2,test,c56c626666e460b72df403c397fea95c,0663696531994923
95816fab-df6d-4730-8f52-4b64aac47e3d___RS_LB 3056.JPG,Potato___Late_blight,Late Blight,2,train,7fc4073d026ab9d36f3ce7999cedbbc5,9c333b5d35338fc7
958a4438-2ced-4d8c-af73-871376cf6ed5___RS_LB 4483.JPG,Potato___Late_blight,Late Blight,2,train,2db11dee784ad443376be353f7b18faa,639b392f3d7972a2
9631fd8f-244c-4047-98e4-aecc907624c1___RS_LB 4573.JPG,Potato___Late_blight,Late Blight,2,train,7eebeda09b19c9d2d8037153705c0288,5f376b4d5b168c5b
967a677a-712c-447f-ba27-f59818944af0___RS_LB 4353.JPG,Potato___Late_blight,Late Blight,2,train,608094065adcfca3ffb85495759b6734,1207064f142d1d0c
96879d98-11ca-40c7-9708-9ca8f235f407___RS_LB 2739.JPG,Potato___Late_blight,Late Blight,2,val,937f535283e4dd5bcebd197e9c1a4764,8d0bf7d3cb661f8f
969aa93b-46d1-478c-a398-dcb4ed7d27bd___RS_LB 2870.JPG,Potato___Late_blight,Late Blight,2,train,f082868f0a427ca30bd2725978d22595,0c56436939090c04
96a70433-9204-4a41-acad-d39932559068___RS_LB 3200.JPG,Potato___Late_blight,Late Blight,2,train,51c5284e51a20f8bf4e349432fbe3604,f7870d7be346463d
971ec52d-67e9-4438-80f6-a6aa32fdc946___RS_LB 3048.JPG,Potato___Late_blight,Late Blight,2,train,20f5f6724eaf47b149704468232e2cea,60380c43391c0420
974344ba-438f-4190-b71c-875924190fdc___RS_LB 3866.JPG,Potato___Late_blight,Late Blight,2,val,4b4ff6fa1b979d9fd21d110f59cd8dbf,9a650d31211b1f3f
977cefff-6bb2-41d4-9496-d30e03c71112___RS_LB 3287.JPG,Potato___Late_blight,Late Blight,2,train,42bd30dd2cd466d54e653fd0725ab853,1b3f73672f378e98
97a903b7-9b9b-4014-9052-a284f21bfd53___RS_LB 2511.JPG,Potato___Late_blight,Late Blight,2,train,b9ff41a0d8fd4d681023aae253020196,296361c5cf8e9dfe
97babc05-67f1-49d4-9821-6fb8294da5e8___RS_LB 4541.JPG,Potato___Late_blight,Late Blight,2,train,6faff2d538695a57b0ada0b2fc728408,9d1f32333b994bb7
98a806fd-2839-4069-b40b-08522c34ccdc___RS_LB 3032.JPG,Potato___Late_blight,Late Blight,2,train,feb486cbfdb569a91d01a63b32556cee,9c236345652f1e8c
98f31440-de70-4c5f-be88-cdf2cb160d76___RS_LB 4947.JPG,Potato___Late_blight,Late Blight,2,test,ae7e27d62f68215f0b9eb446ed8cda4d,cc8723614b4f2e9b
990428a4-bfa8-450d-a755-fade1df0a214___RS_LB 4082.JPG,Potato___Late_blight,Late Blight,2,train,076ca7f262db3ecf8d71f79571c0da3e,02470b1961435e7c
99064106-3789-4de4-b109-ebc83a20d94b___RS_LB 2757.JPG,Potato___Late_blight,Late Blight,2,train,e8a7b2c6fe5c496b473ed577603dbe01,2c2e436121930101
9933b288-b5fe-4cbf-a9fa-58ef769b6f7c___RS_LB 2540.JPG,Potato___Late_blight,Late Blight,2,train,b1caf768c26daecffad88634ba036c69,0d3f736763278edb
9934bde8-1c89-4ba6-95e6-015a69540873___RS_LB 4146.JPG,Potato___Late_blight,Late Blight,2,train,158df3e880ac8c66185313fc4c177752,03051d3323361c20
9996efa6-219d-4f07-aa12-dc8ca40609b9___RS_LB 2840.JPG,Potato___Late_blight,Late Blight,2,train,53c0cc6224a23e805429511dfe4e847d,ffbfcfcf5fb79fe7
9a179173-fbfb-4e92-9959-58b826625c9b___RS_LB 4761.JPG,Potato___Late_blight,Late Blight,2,test,00b4abbe3a2ad50c766c0327b45ef6f6,6c667b3735271b87
9a726ce3-7b21-48de-b522-25d19f3c10e3___RS_LB 4765.JPG,Potato___Late_blight,Late Blight,2,train,c9ea93ec62b1caabbd15d9aa76786d4d,03099a1030096c78
9a7d732b-12e2-400f-9206-068df63de1ba___RS_LB 2926.JPG,Potato___Late_blight,Late Blight,2,train,1e996eb4ebd19ac1fd1512c990dead5e,0c064663210c0600
9bdce182-987e-4996-8cc8-34694b4e24e9___RS_LB 2837.JPG,Potato___Late_blight,Late Blight,2,val,b46d0382e59e66bbfc5da9423954d7cc,5c4e434311010100
9c0e8576-642f-47a6-a053-c52e9025b7f6___RS_LB 4134.JPG,Potato___Late_blight,Late Blight,2,train,5831aaae3615a9ec8ad71a0630aff625,03051d1b372e3930
9c230647-02da-4948-9c52-dfc87bb1d34a___RS_LB 4593.JPG,Potato___Late_blight,Late Blight,2,train,5feda480861ac6f4508afa21fd6548a0,f92e174b772b0b87
9c3ad8d7-58cb-4e7d-85c0-22f5cf105906___RS_LB 4680.JPG,Potato___Late_blight,Late Blight,2,train,33a3f90b7ca016b654a36261e4449312,cf9b33134b773c98
9c6155e6-eb4b-4ef9-bcd5-812803cb16d9___RS_LB 3268.JPG,Potato___Late_blight,Late Blight,2,train,b319624df525c767dc6da9e06235c368,9e3353392d3187c6
9caba61f-ea63-4ea5-9d85-1f22b6a1a006___RS_LB 4451.JPG,Potato___Late_blight,Late Blight,2,test,772099f87d9d8bf09b896b42fd0b4371,5c4c666369270709
9ccb00a6-1542-4b0e-bd90-e7f1ff10e7f7___RS_LB 3058.JPG,Potato___Late_blight,Late Blight,2,train,2cebee1e707af289f2fb928906d2e0bf,f7dfcfd7cf4f07c7
9cd7c33b-e29a-4300-ba19-183fb6c82aca___RS_LB 4124.JPG,Potato___Late_blight,Late Blight,2,train,43e1aab9ad2b5a80cad191707d0e1648,3b2d2f37231b0123
9d0f96e2-93c7-4202-b1d1-6f878c066be7___RS_LB 3106.JPG,Potato___Late_blight,Late Blight,2,train,8a2e298d96ccd3fa95e0a8d623d0ecca,2c62492530984623
9dae6946-8d64-403b-bc51-b1b58cf8050b___RS_LB 4028.JPG,Potato___Late_blight,Late Blight,2,test,f1f5e4cad3866c6d1939415cab6b380b,cb953949111b061c
9e1dc573-9cc5-4bc1-9c95-63c7bfba54f1___RS_LB 2976.JPG,Potato___Late_blight,Late Blight,2,val,15f6518926fc2a4ee569ab98ac88324f,4319342543431e1c
9e38f130-d8bb-4872-9e46-f43c7d0877c7___RS_LB 5096.JPG,Potato___Late_blight,Late Blight,2,train,94ae1eba648779196d975cf7b23e79aa,162305272d2387cc
9e5a95bd-b8d0-455f-bc85-b51a2086c88b___RS_LB 5326.JPG,Potato___Late_blight,Late Blight,2,train,370604f5bc47cf672ff5a08b613a59d4,88076068612c8d03
9e979a65-61bf-4d07-a444-7c22ae1a58b1___RS_LB 4886.JPG,Potato___Late_blight,Late Blight,2,test,7c79ca57acf6e2637a56098e3d4cc6c6,e3e5cd999b130e7f
9f5acd9c-13b2-4246-a938-77774ba89318___RS_LB 3153.JPG,Potato___Late_blight,Late Blight,2,train,6ac6c06d2d792f8410e33625abf30288,c79d91b53b336e78
9f9623f9-e632-4342-b698-95a0521953f9___RS_LB 3068.JPG,Potato___Late_blight,Late Blight,2,train,1e84ab81c54100b682e97b263ff6c259,8603295513210346
9fa413c2-d724-4bc6-8aed-954a472cf228___RS_LB 4754.JPG,Potato___Late_blight,Late Blight,2,test,3a39e19fd59d4a840c0efb33968ae06d,0c467b6d27138dc7
9fa8f0a5-50ba-41d9-8132-077a807fcf86___RS_LB 4045.JPG,Potato___Late_blight,Late Blight,2,train,e1edab3d99edf169718ccaeab436f90a,1c3f332939118b46
a0622f86-c94d-4b59-9483-68c57dee81fa___RS_LB 4794.JPG,Potato___Late_blight,Late Blight,2,train,89e8c1d3de189c510c71385ea633ca1a,c38b39391963662c
a0c129b8-4fb3-406d-b2f6-1309fec50c70___RS_LB 5139.JPG,Potato___Late_blight,Late Blight,2,train,87755fa8b393e7da89cba6a5eff21a38,258131311107064c
a10d340a-b35c-4310-be59-caa58bb0d500___RS_LB 5154.JPG,Potato___Late_blight,Late Blight,2,train,075bc5996ca86a8c357af04d875cc962,091c5b19340c0c00
a1523281-33d2-4cc4-910a-3d614a4cd085___RS_LB 2816.JPG,Potato___Late_blight,Late Blight,2,train,a3676b8636940d391a646e81546adea2,4e1f316563470e38
a1f3508d-496b-4dd5-a820-d30acafd7d9b___RS_LB 2970.JPG,Potato___Late_blight,Late Blight,2,train,8910ad1a85f62b3292d21ac907151d16,274164243a9a4201
a221647c-0dda-468b-93f9-81f50b14ff81___RS_LB 3942.JPG,Potato___Late_blight,Late Blight,2,train,63dce28aae8e4c5c0c051d5ea728f18a,96276bc1c3472e9d
a24f3bec-3fbb-461a-81ef-ab791ceb66e2___RS_LB 4818.JPG,Potato___Late_blight,Late Blight,2,train,49da212c5d7ea753736aead375a1fe2e,019c356d4b4e3c60
a2b27b82-4459-4dcb-a065-92a75f3c9c4b___RS_LB 5018.JPG,Potato___Late_blight,Late Blight,2,train,9c3fcceb6314d4e4ee04828e11fe82c5,033333312113964c
a30baff1-96fb-4df5-9511-e131359b5fd8___RS_LB 4464.JPG,Potato___Late_blight,Late Blight,2,train,ef9ddd479a15cfcdc70a572f741bd4de,03111b4385874c18
a3389c1f-d888-430d-bcf7-a546247ad6d2___RS_LB 3092.JPG,Potato___Late_blight,Late Blight,2,train,726133350c4b20442782a8739ae04fda,1dc7f3f975339be7
a33c54fb-6b78-4235-b34e-42f85f6bc5b8___RS_LB 5060.JPG,Potato___Late_blight,Late Blight,2,train,397b31fceff3deb447f74d8d63e07720,039b3363465c7060
a343cad1-3b4d-4761-b222-d0bbc0f4bdc0___RS_LB 2569.JPG,Potato___Late_blight,Late Blight,2,train,4a5a43645c0204eac44741df1fbe9d5a,2104242943466c64
a34d3777-22c7-4723-8b85-f766e042c121___RS_LB 4375.JPG,Potato___Late_blight,Late Blight,2,train,de708f14b9471df7ec1fd937bc9a5af1,3f7f27b5b71b8df7
a3bf27ee-b4ec-4f72-a25b-9d47b4cd100d___RS_LB 2889.JPG,Potato___Late_blight,Late Blight,2,train,038f57f910306c03ab7198a557750c61,031b3c3a52133324
a3e80876-49cd-4856-9253-8df14fc36dcd___RS_LB 3851.JPG,Potato___Late_blight,Late Blight,2,val,91749a7f7c9b80cb944a0aff66c7b900,01060e8e1d3d3a31
a440233c-0ef8-408f-8ebb-1c12e8bc4464___RS_LB 4768.JPG,Potato___Late_blight,Late Blight,2,val,4fac8903c6d9b1d88ff3d2b2af49a30d,971d66cf67c7ce5d
a4534f9b-87ca-4ce0-a6f8-84f94544ef37___RS_LB 2775.JPG,Potato___Late_blight,Late Blight,2,train,44c7b6cc1875546804660d75b3642ec2,d71bb99193e76f7b
a5028ead-ac95-4a90-89cb-aaac512d502a___RS_LB 3957.JPG,Potato___Late_blight,Late Blight,2,train,19e9dfebaccb36a1c0a97dcd57f850b2,053c3c6ce96b3e9c
a5a6ebeb-2535-441d-acf5-33bce305fa14___RS_LB 3304.JPG,Potato___Late_blight,Late Blight,2,test,42af1eda7d5a79e71d5e8dd53cf0180a,681e0f4747230303
a5aabda7-209a-4e1e-966c-de2a1ccc7869___RS_LB 5046.JPG,Potato___Late_blight,Late Blight,2,train,95d4b4fa4972ecfc458bc9f27eeb38c0,0f09490f5f3e8c58
a6623827-bcdc-40ed-81e6-5cde1a1da997___RS_LB 3179.JPG,Potato___Late_blight,Late Blight,2,train,83c30a9be66c32c1f2265d6ab87bd198,182e43393389c7b1
a69b634c-1bb1-4098-9da0-8393f9b8d6e1___RS_LB 5120.JPG,Potato___Late_blight,Late Blight,2,train,98229fd60de3b44c8c8ba55bb48b420f,9c2751d94d0fc7f2
a6b27bfe-0e60-4984-98ca-af4b2316dfff___RS_LB 3881.JPG,Potato___Late_blight,Late Blight,2,train,3f73c6558e1fe3a381b41ac9a674e561,03030b37363d3361
a6f75dd1-c290-4116-be6a-e3c94e40aa2a___RS_LB 3265.JPG,Potato___Late_blight,Late Blight,2,train,ae59e32047c04e7093e53fc5a87faefb,8f2f595999b71e1d
a7097c51-bb53-4149-8140-4b9c3d94dbd4___RS_LB 4108.JPG,Potato___Late_blight,Late Blight,2,train,c9175033e1d8d1946564b7f894ccf5b0,27666357339bcee6
a74a91d8-1a9d-4fa8-bc4b-26a32635a84d___RS_LB 3840.JPG,Potato___Late_blight,Late Blight,2,train,530506911e01b4107bd96a327320bffe,0f337175630b8f29
a7dad20a-b0c0-408b-a961-17928319e17f___RS_LB 4645.JPG,Potato___Late_blight,Late Blight,2,test,d619ae5a2fd3bc2956e16bbfacb24683,9b9b2b597b2f3df5
a7dc8b54-5e4a-4055-ae98-eba4268cf966___RS_LB 5243.JPG,Potato___Late_blight,Late Blight,2,train,da7644bba12620ccd1c2119f1d4a068e,030d0d736943363c
a838f0ba-745a-4c0b-9895-f3349a6cee4a___RS_LB 4959.JPG,Potato___Late_blight,Late Blight,2,test,127848e7fb4e33a556b8c46114d240a4,e7cf993529422488
a84f32fc-ec8a-42e9-9f43-9efcf6493199___RS_LB 4884.JPG,Potato___Late_blight,Late Blight,2,val,fb5bdc31d68017ef90f5aec5a103107f,1c226371313b964c
a88a6388-09fa-4cfc-a82e-94d5fd3b4972___RS_LB 2748.JPG,Potato___Late_blight,Late Blight,2,train,f3198a8f6325282967d0541e97ff21e3,1f2b593d39238edd
a896e0bb-67a4-4762-b74a-1c58b14622b0___RS_LB 5013.JPG,Potato___Late_blight,Late Blight,2,train,e3b25893968250fcb62df2258b5d7b41,9c07617561110101
a8db407c-12cb-460c-991a-8f60d20c06bc___RS_LB 5117.JPG,Potato___Late_blight,Late Blight,2,test,c686f6345b05e6db2196590d9f4ee616,1816336d67351746
a8f16f61-a090-4b29-9569-5e7d0e17fda5___RS_LB 4460.JPG,Potato___Late_blight,Late Blight,2,train,c725074090e737093123b758c6a84f5c,184f4365361a0d40
a904edc1-4c4d-4171-a46e-ae914010884b___RS_LB 4373.JPG,Potato___Late_blight,Late Blight,2,train,5e817e1b8367d16e22500ca7dc9335e5,41040e9327272618
a9c8a264-33be-48f1-bd1d-2cc6c9c8e247___RS_LB 4888.JPG,Potato___Late_blight,Late Blight,2,test,0563879833195ffe92e8db3bde16b874,1c67737973564c38
a9d4290d-55a1-4a8d-83a8-5277a00e5fbc___RS_LB 4076.JPG,Potato___Late_blight,Late Blight,2,val,328c4337913babe3b75550ab9a62c117,1c27530511894130
aa246de3-c183-4133-b4a9-2eba3fe3ae56___RS_LB 2951.JPG,Potato___Late_blight,Late Blight,2,val,687479fbd6ebf80bfa5aa572bece6f4a,98167311bd9bcde7
aa58c1c8-82a1-4e68-9ecb-3cd47341d09b___RS_LB 4331.JPG,Potato___Late_blight,Late Blight,2,train,444102415463ce2c0db755efc9f6b586,0c1213a723471f1e
aaf6fed2-0c7d-47b5-99df-bb6950092fe5___RS_LB 2723.JPG,Potato___Late_blight,Late Blight,2,train,759c9242a02050182e6533fcc205578d,3f674b4167272f26
ab72ec63-290e-4e95-ab0a-b551ed44ab3b___RS_LB 3286.JPG,Potato___Late_blight,Late Blight,2,test,95d2f73e5dcf6450790da592e5729e53,0f57e7e77b0f8f92
ab9b15fb-d4cc-4d67-a5bb-8b88f066c1db___RS_LB 4825.JPG,Potato___Late_blight,Late Blight,2,train,19ec2b7c4c52641e6a058927f8c7069a,4e8b35706123164c
ac35ccac-2c52-4af5-b0e3-3325f45e2c97___RS_LB 2749.JPG,Potato___Late_blight,Late Blight,2,test,6666620e6cbf9ae56423ba3477606286,0301345c58233e38
ac42817b-71f9-4336-ad8b-bdfb4b27a64a___RS_LB 4782.JPG,Potato___Late_blight,Late Blight,2,train,3e6f8420f5521e41efc9068167bc317d,165345a447070e4c
acd7a42b-15eb-40e4-823c-49eff6b4e95e___RS_LB 4636.JPG,Potato___Late_blight,Late Blight,2,val,3b2bcfa8aaa62646de008127b3d5ddc1,00203c0b038b4420
aceeb511-1332-4d25-b9fe-64d53445396a___RS_LB 4837.JPG,Potato___Late_blight,Late Blight,2,val,13e1399003029a8e6626b8c127fcab1f,3ce6d37b3b9fcfe3
acf05b32-0d7e-423c-96b2-f78b6fdf975d___RS_LB 5309.JPG,Potato___Late_blight,Late Blight,2,train,f8d4b0bd9493bd47171eb1efc4e8cacf,382c56590c0ec181
ad2396a9-306e-4ca9-88dc-56b2bde77c6b___RS_LB 2755.JPG,Potato___Late_blight,Late Blight,2,val,b3e607eb4d1dacc39736e2dce7e891b3,461f37491b1f3e1c
ad628434-32ce-4365-90b0-f394d98fbe00___RS_LB 4905.JPG,Potato___Late_blight,Late Blight,2,val,02b28e9c54cf64828baf7f79de279b38,e48b9d3529630e38
ae20cc4e-fe37-48f0-9566-2d2efc5afd38___RS_LB 4290.JPG,Potato___Late_blight,Late Blight,2,train,bb76086879a05beb85d466aa3b5cd880,23080c3c39121c10
ae52f85f-bce0-4fb9-a109-009e099a72e6___RS_LB 4972.JPG,Potato___Late_blight,Late Blight,2,train,aa5e6499a4184067f95518dd8f4b7bf6,162b49696d2f8e48
ae5b08fa-25b7-4006-8b1b-2415356b3847___RS_LB 5453.JPG,Potato___Late_blight,Late Blight,2,train,b770e48fc725f9c220c3c1b0a8ffa031,cb93264c5c9e36bc
ae805316-66e9-4aaf-b938-8460734b90ec___RS_LB 3004.JPG,Potato___Late_blight,Late Blight,2,train,836d876cf58e396753cd28bf9f73dea2,1b69f2784b26169e
ae80781d-725e-486e-9677-4149b0d751ef___RS_LB 5442.JPG,Potato___Late_blight,Late Blight,2,train,6bd7d1c859072149463d2b9a08af71b7,4795230f3d7f3e7c
ae966e38-73b3-47c1-9421-20ac2f570f46___RS_LB 3240.JPG,Potato___Late_blight,Late Blight,2,train,7d89ccd632edb6fb7a31dbee311be9e0,3038126315830100
ae9e4c46-171c-460c-a37f-ddf13c260411___RS_LB 4961.JPG,Potato___Late_blight,Late Blight,2,val,2810afcabafe3655d66879903f6fa428,4f9bb92d49473e7c
aec94baf-a0e8-43af-80af-4bab46d84ad8___RS_LB 5100.JPG,Potato___Late_blight,Late Blight,2,train,ae2624d496fdd547cdbef4560799d018,9b3bd7bbdb979f7b
af13137c-1561-4c1c-b85b-5ec8930f2b38___RS_LB 5425.JPG,Potato___Late_blight,Late Blight,2,val,56dbe6feff2e3ce4d86205e99bec58a5,7f3f4f67473f87d3
af17b876-b0e7-43ce-95e8-8591066dfdc9___RS_LB 3976.JPG,Potato___Late_blight,Late Blight,2,val,f3eb35d940a9eebced528798329d91c2,e13c1e2321048521
afc0f88e-8a22-44d1-8575-8945058360c7___RS_LB 4895.JPG,Potato___Late_blight,Late Blight,2,test,c6f2f8677fe6ff6c013a4c3f79a5e8cd,6dc6c3f16115c1f3
afcad9ca-9bd2-4c7b-b034-2b3d0360ac30___RS_LB 2741.JPG,Potato___Late_blight,Late Blight,2,train,4e7c2c3c5e70a6fd7cd63b752c750761,8e274f5d5b133639
b0137e92-ce1b-4523-95f0-7a827c206ee0___RS_LB 2913.JPG,Potato___Late_blight,Late Blight,2,test,1d4ca43813a3b519e13ce8b20a9546db,c69b314d4f3f1e1d
b03529cf-21fd-4c94-a948-461a8d17e01c___RS_LB 4828.JPG,Potato___Late_blight,Late Blight,2,train,01ce4fb398eebbcc3653ec537a8437c1,ce1b316563660d3a
b0945b27-3331-4f03-b1c9-1465e12577aa___RS_LB 4355.JPG,Potato___Late_blight,Late Blight,2,train,a84258bc7dfd5bcfa3a8c8c1fd4e6ed3,b3d20e3e6373f6dc
b0db9fbb-ff7f-4b5c-901c-19c7797c1d4a___RS_LB 2969.JPG,Potato___Late_blight,Late Blight,2,test,88274b1799226c5736e64857f6da8458,429339707240636c
b0e6c386-35dc-4982-acc6-f393c7f58c67___RS_LB 5036.JPG,Potato___Late_blight,Late Blight,2,train,22d4340ccab4a09cb1a727c2065eb646,362371c1c36336dc
b0eebb8f-c322-4b56-8897-2cc98d474440___RS_LB 5286.JPG,Potato___Late_blight,Late Blight,2,train,9c9e9af4e6ccafd0742597ed08a390b6,4c0f2965653b8f66
b101bc59-5734-4c39-896f-de29d98b1dce___RS_LB 4702.JPG,Potato___Late_blight,Late Blight,2,train,6e95a8bc28e3b6c0be81dc2f8d0f0bd8,0f1f1991331b9f4d
b11189c8-ab6f-4d69-9ffa-e52749d2a3a5___RS_LB 4537.JPG,Potato___Late_blight,Late Blight,2,val,f0828d42080ff5b4872c1ccdd245c8c7,397d0f032796cdef
b14b93eb-5c1b-4df8-a30f-17afd953e7fc___RS_LB 4101.JPG,Potato___Late_blight,Late Blight,2,test,4292b5cbcdcf6bf48d8b3527f280a4ca,8a3e460323854121
b167bd40-798f-4e70-a735-f191350dd057___RS_LB 4017.JPG,Potato___Late_blight,Late Blight,2,train,d80b2cae0069c664dc1e7a299de3b761,191e67711d0d6101
b22a71a5-31a9-40c5-a3df-313e52748a61___RS_LB 4610.JPG,Potato___Late_blight,Late Blight,2,train,dbe87b0e4133f85df9df0d5c94bf7da7,480b43444133078c
b2492a9e-c038-48a7-8524-8f0aca7dc870___RS_LB 4291.JPG,Potato___Late_blight,Late Blight,2,train,d31223a656c07c76e48000e3f53714fe,a3060c3d31631fbb
b294595b-8950-4e5b-8dfc-2ad9ca2c5e0a___RS_LB 4475.JPG,Potato___Late_blight,Late Blight,2,test,27dda297600996276d5b5de68334d5d8,301e0f2505050301
b3123a68-bf01-4d71-a561-e1e7363a6419___RS_LB 2586.JPG,Potato___Late_blight,Late Blight,2,train,8bfc4dfaf8c268f0e839353605a8cd57,861b395973661c32
b334273e-833f-48fc-b6fb-7d7a31e1a541___RS_LB 4112.JPG,Potato___Late_blight,Late Blight,2,train,b09fdd2a749d7b64c7f731123574d605,26039113230e1c30
b340ff00-3d44-4394-90c5-797dc39f8389___RS_LB 4953.JPG,Potato___Late_blight,Late Blight,2,val,b6fb7291372db00b960a06ebebdf1f15,203c5e6325098320
b367b969-aec9-4555-9ea2-0a982b38be62___RS_LB 4682.JPG,Potato___Late_blight,Late Blight,2,train,720921a391761c67cff88d8ee20d4d70,903c36238d052501
b3e1ec14-6de4-4afc-9ceb-254469c8ce15___RS_LB 3910.JPG,Potato___Late_blight,Late Blight,2,train,c9a3692bcd4e0d74c1f2aadfbc2f731d,c7870d1d5b161c10
b402845e-5414-423e-9f6d-29e3bdbb505b___RS_LB 2825.JPG,Potato___Late_blight,Late Blight,2,train,0598b4838276beff61f2917567f011e8,3f3bbbb1e5636737
b41284a3-27e9-4f0c-8946-4deb0b8fc238___RS_LB 2839.JPG,Potato___Late_blight,Late Blight,2,train,cf99bfeccea1076b89cd84f8adf74fb9,9f99317d6b5f3f33
b469e38c-ef99-4ed1-b294-1e65727138fb___RS_LB 4056.JPG,Potato___Late_blight,Late Blight,2,train,90837099c6fab8e09b3a064e41dd911e,bf3f363b3b8bc3fc
b4adb8c4-2cea-4027-b0fd-528406b14c86___RS_LB 4066.JPG,Potato___Late_blight,Late Blight,2,val,8a7d7fa2cb444077295df7df7e1e5b43,8e27637b4b17278c
b4e52186-de58-4c06-bbd2-2fb3dbeda13e___RS_LB 2655.JPG,Potato___Late_blight,Late Blight,2,train,e78205d15b8e260620ccc2c910e89331,ce2b73fbf5f3de5d
b5190917-8638-44bf-b16a-8004d2b6a58f___RS_LB 5241.JPG,Potato___Late_blight,Late Blight,2,test,0d8e3edb39e94b499ba8a174d4640289,cb8d7979fd5b1e3c
b5442887-db0b-4b94-a6f1-18505731a599___RS_LB 4969.JPG,Potato___Late_blight,Late Blight,2,val,8f0a7e686cde3a792a95630eeba0b25f,63833333764c3c30
b574ad16-1c07-4f70-bf1d-e2314d2dd81f___RS_LB 2849.JPG,Potato___Late_blight,Late Blight,2,val,a813557a3b756512baec51141d2056ba,0e0f412b21251902
b57c6336-3be6-4021-b240-8547da86d218___RS_LB 5007.JPG,Potato___Late_blight,Late Blight,2,val,8fcd85b171bc74c3a428afd2e37c500a,b12e635170188923
b598f9a7-b582-4fef-9c3d-cc985f2f9c03___RS_LB 3294.JPG,Potato___Late_blight,Late Blight,2,val,d68b1f1a8561b74337f42c7937a229bd,fdefe7e16d9d9dc7
b59e4b5d-4ef0-4b8f-a111-ee745e3d0334___RS_LB 4891.JPG,Potato___Late_blight,Late Blight,2,train,2b8ca078dff817b8fad4c791f3c7ff8f,c28b30283d19230c
b5f127d1-1b1a-4baa-9158-58cf4b679990___RS_LB 4488.JPG,Potato___Late_blight,Late Blight,2,train,b28923e9bfd092f88d01b0c557ad623a,fb6a6b6d3d3b3b3e
b64e4518-147a-4a75-9f9b-33db8902aa12___RS_LB 3202.JPG,Potato___Late_blight,Late Blight,2,val,214ecb194e9847be997e11dbdc1638ee,e54f0b13734e0c9c
b65fddcf-cc40-4632-a0c4-70fff2f68009___RS_LB 4481.JPG,Potato___Late_blight,Late Blight,2,test,66e04f378c92bc4071b5a879d34327dd,0c06331110082400
b69f17e7-b4e1-4911-91e4-01976bacba2d___RS_LB 5053.JPG,Potato___Late_blight,Late Blight,2,test,2f66c48f595433fcb5c9cb150e1b5136,c807236323338746
b6ad95ed-8f05-42a1-ac35-581696454497___RS_LB 3855.JPG,Potato___Late_blight,Late Blight,2,test,5376dbaf06c29c104f0f974fd7154fef,9603434161319dc7
b6b937ed-f629-4136-8d5a-38b734f7f662___RS_LB 4595.JPG,Potato___Late_blight,Late Blight,2,train,af25034d838ba70c9fe7995c91bee8ec,fd77dbe9db0983f3
b74d0fd1-9af7-4053-8538-ee937236a64d___RS_LB 4918.JPG,Potato___Late_blight,Late Blight,2,val,1d5aa936e483d86d1510e8bf7b10b4f6,1844675131054121
b811c2af-734e-4689-aa43-4ab1d4faec32___RS_LB 4719.JPG,Potato___Late_blight,Late Blight,2,train,fa46a42fa10b4a40703421f63d8e7cf3,2d4f8f19193b1f8e
b86274d3-554a-495d-8304-76484e3c4d15___RS_LB 4442.JPG,Potato___Late_blight,Late Blight,2,train,c9c2f87a70bd79117431395f9a47692a,0713b7250d3b171c
b86630ca-89d0-4f83-9942-c1bfcce6b06c___RS_LB 4339.JPG,Potato___Late_blight,Late Blight,2,train,64b196b463d5c857281a5ec26f156c42,1e373e1d3d3bcbef
b89a9e11-b184-4b4d-bc56-5f27a2626982___RS_LB 2512.JPG,Potato___Late_blight,Late Blight,2,val,d482ccf40030828edcc1d9f71bb378b1,cba7a5a7c7c66d3f
b8b4064f-208a-46f9-b13e-5096fdbdb429___RS_LB 2591.JPG,Potato___Late_blight,Late Blight,2,train,de4fbf5d550e4f1c713f47c8010c5ee4,9f3367cddfd76fff
b9302a2f-a369-4b05-aed6-632287f42ed7___RS_LB 4452.JPG,Potato___Late_blight,Late Blight,2,train,8c0dd306747a173f9bcbe684fc77a357,0b3a7cd9b3270df6
b9474ec5-5a67-4207-98ec-5671c19f8f59___RS_LB 2545.JPG,Potato___Late_blight,Late Blight,2,test,b391018d3ec572bcfe781f785671b7cf,c63b37677b4e2dbf
b9939f3e-c71c-4653-acff-109a8266dddf___RS_LB 2787.JPG,Potato___Late_blight,Late Blight,2,test,babd1b4961d8aba707b42b6083a85fba,0c46436924820000
b9ad8d86-aadb-44b4-9bba-d6adb446afd7___RS_LB 5188.JPG,Potato___Late_blight,Late Blight,2,train,ba3e111dbbde8a534c7d0a49e1d03176,03431327660e1c60
b9aecfc3-98d5-467a-8773-ee2905918c71___RS_LB 5161.JPG,Potato___Late_blight,Late Blight,2,train,a5523f03b9e1b51e66c9812ebe1721f9,1e43793c2d61388d
b9cde1e2-71f8-46a2-9fa4-0bfc7d16815f___RS_LB 2610.JPG,Potato___Late_blight,Late Blight,2,train,d2481427bcf88e6fe1e6e110d14ae4cd,246733330b090500
ba15e1af-3f3a-4eef-8be1-4f0a221444fd___RS_LB 2866.JPG,Potato___Late_blight,Late Blight,2,test,70b195aa1016849d65deb5281e95a3ea,3f3753d1a1c36697
baac20f4-7978-4258-8cd0-f3f8fe98bf83___RS_LB 4774.JPG,Potato___Late_blight,Late Blight,2,train,d1606426d54c1e1808e389f9971981a8,9d76f3a3c97923e7
bb1949c9-c779-4490-b1cc-d82302bc1df9___RS_LB 2901.JPG,Potato___Late_blight,Late Blight,2,val,0b98b9941ad881935be8ee2e919e26ef,8d3b697973463c70
bb19c5f3-2937-4c87-b964-d922088f4b19___RS_LB 4950.JPG,Potato___Late_blight,Late Blight,2,train,0289e1c274f856cd99189bd5de326154,048b3b614b4e1c20
bb3049f8-7377-4610-b13f-8daf6753bda7___RS_LB 4031.JPG,Potato___Late_blight,Late Blight,2,train,2204af05bd9f0eb42de50874ae53b90d,c70731796b6f3cf6
bb4aa884-a811-4229-bfc0-1df1e7330877___RS_LB 5049.JPG,Potato___Late_blight,Late Blight,2,train,996200bebd836e5ef83043b389b7e780,bc3b7969e96326bd
bb81b8a0-3d1e-4cef-aeb5-31ac32f1761a___RS_LB 5268.JPG,Potato___Late_blight,Late Blight,2,test,954a3ce73e0e3314c4cc57a9b801af5f,90366d694327164c
bbdf98a1-9e54-4afd-bdfc-870d91627a52___RS_LB 2853.JPG,Potato___Late_blight,Late Blight,2,train,f9c3012f18f8186896dc4530c23121c5,0f737373272b335c
bc53f0fd-df00-42c6-ad50-aef25d2c6f7a___RS_LB 2954.JPG,Potato___Late_blight,Late Blight,2,test,8ea5c27d05ea1fd418031c3ed3449945,8f3773411b278eda
bc5b403e-ecc2-4fde-bafa-9b8698e4545c___RS_LB 4448.JPG,Potato___Late_blight,Late Blight,2,train,2834a82f17a7c3f4a724252f2762a797,872f5f9db9373e7c
bc91cb1b-aece-4108-92db-839a106351a5___RS_LB 3087.JPG,Potato___Late_blight,Late Blight,2,train,8388f09fa91249af05e0bcaf5c8832bb,1b2371393b2f8c58
bd586e94-fa36-4aed-be05-7a0028d40118___RS_LB 2650.JPG,Potato___Late_blight,Late Blight,2,train,8a6723762e65af15e41977eec5160a77,478b170f13272c08
bd632f59-ff1c-452f-b504-053fa95ab000___RS_LB 4356.JPG,Potato___Late_blight,Late Blight,2,train,e145aaf3faa79afa11aa3f336c6e26e0,4d0b1c3c674e1e3a
bd70c718-5846-42a1-8b05-22792ec98738___RS_LB 4992.JPG,Potato___Late_blight,Late Blight,2,train,2cfb15e9b5b802f0e9a3c8dca22f032b,4a8b3d252533964c
bd94e2a1-d503-417b-8552-f252a5665476___RS_LB 4006.JPG,Potato___Late_blight,Late Blight,2,train,87412435f18d54c89a8162a725571b4b,8d0e666343663f9e
be013aee-1311-4679-ae86-1c6fba5f55e5___RS_LB 2799.JPG,Potato___Late_blight,Late Blight,2,train,1fbc74e33b644bbb7caee02183cb5bd0,c69b396153270ed8
be6b5fab-c3de-4d33-b7fc-87bf794d8705___RS_LB 4850.JPG,Potato___Late_blight,Late Blight,2,train,950157433908069488d82d4ffa8a2bf0,bf3e5f77733985e1
befda082-9237-4371-bd11-5d3513a365a5___RS_LB 2608.JPG,Potato___Late_blight,Late Blight,2,train,729881e0787b20a32d99f4746736d979,17134131331e8e44
bf07f2b7-6ab3-4192-a418-ecabc32a11fe___RS_LB 2576.JPG,Potato___Late_blight,Late Blight,2,train,6fb1028bc306fce563f7c4edba552f7e,0380303879692b3c
bf6ce80d-ca31-4d72-b56a-dbd6e6f2847a___RS_LB 4022.JPG,Potato___Late_blight,Late Blight,2,val,f977a06aa23ab797bd4925c1efeba883,180d161b2d9f8b27
c008d8a7-aa55-400b-ad6c-f4fd7654c516___RS_LB 5242.JPG,Potato___Late_blight,Late Blight,2,train,e8a0b38140cf0670c7180960a0505f33,f94e67f9dd350bc3
c01daf14-9595-4b10-974d-3452fe133060___RS_LB 4463.JPG,Potato___Late_blight,Late Blight,2,test,47e8dfa3aaff9559d288fedcf39e93ad,97360f3f4e1d13d6
c073bdde-9753-4035-8758-31fdc7cae993___RS_LB 2916.JPG,Potato___Late_blight,Late Blight,2,train,32ef1227c3f7e728c0336935c39d1601,c78b230f7b463c70
c0a69909-e94c-4155-a008-20b5445c56d7___RS_LB 3909.JPG,Potato___Late_blight,Late Blight,2,train,ab0152d723da10ccbdc4b9495bbbd017,4d1f33bb532f96dd
c0aeb29d-b504-47b5-aa5f-940a4f3b4e89___RS_LB 2972.JPG,Potato___Late_blight,Late Blight,2,val,4508df3e3e156680849a4da6b0f9ea5d,c70b79f1a1a38fbf
c0e1bf8b-8b3d-4e00-bbd7-dc134dd9ca42___RS_LB 3234.JPG,Potato___Late_blight,Late Blight,2,test,7d7ed381b7d55c16b1093ace743cbbfd,8c2633311b0785e3
c101232e-6487-495c-ad3a-27cd1e5fb2b9___RS_LB 2573.JPG,Potato___Late_blight,Late Blight,2,train,eca5ede0aeba20385b7aef788a31b8de,93395d5393563d3b
c1389cbc-d327-478b-92b3-550c3210ed5a___RS_LB 4025.JPG,Potato___Late_blight,Late Blight,2,val,c12c3c7fd5c75551661b9ec212b283bb,ce9e376f565c7e76
c16b698a-77b9-48f7-943a-457d475242ef___RS_LB 2918.JPG,Potato___Late_blight,Late Blight,2,train,b448507ba5cdff8148209ac43d47e95a,010500264d4f561c
c18a017c-262c-41ca-93f3-8fc97ffd7043___RS_LB 4770.JPG,Potato___Late_blight,Late Blight,2,test,ff8f280e735bab93f7d24cf4a7743828,8e1771614d63138e
c206ebe3-c06e-4eb9-a537-a719cfa1e3c0___RS_LB 5140.JPG,Potato___Late_blight,Late Blight,2,train,ced1d6ff3b118037adbb8006103c0b53,8816255162220706
c268fd1d-0a6d-46f1-bbcd-81b4e79894e6___RS_LB 2808.JPG,Potato___Late_blight,Late Blight,2,train,0bc47c6db51487bddbfe7f559a8339ba,0643193161437670
c3134b97-50a1-4aa2-937d-1e15405b9803___RS_LB 4565.JPG,Potato___Late_blight,Late Blight,2,train,7c101abe7e3461f8ff5f17a07d7129e9,9f6f7351359bc9e1
c3cd2ad3-174e-48b4-a7a5-ce63be745fd5___RS_LB 3243.JPG,Potato___Late_blight,Late Blight,2,train,4f1d8df909d2914cb73ead9936c14b6f,3f1fcfe96d2d8763
c4263e49-60ed-4f6b-aa78-cc9f3117ce73___RS_LB 4100.JPG,Potato___Late_blight,Late Blight,2,train,fc694dcedba54f214d082ef2cefa1368,1601199b25332638
c48719ce-1230-465b-b481-177b7e0f7074___RS_LB 3835.JPG,Potato___Late_blight,Late Blight,2,val,73639ba74794d8eea1a0a7e6068ebffa,408c0e1830032f18
c4aec622-2e7b-49f6-bab3-6c4dce29f155___RS_LB 3118.JPG,Potato___Late_blight,Late Blight,2,train,f972366786e70e6c63ff75e17ad55f36,1f7676d6ce4c7870
c4c1c25f-0594-4c81-a1e0-a609ee1f0808___RS_LB 2653.JPG,Potato___Late_blight,Late Blight,2,train,febe21725602652bbd2b95d981ac1a47,82133d1e43490706
c58de13c-b59d-4497-ae5a-08b425919b64___RS_LB 3116.JPG,Potato___Late_blight,Late Blight,2,train,96fc157a197f1bc9e634ba5e5d5fe580,6d77f3e9a3c3278e
c5ff46d5-8f49-409f-b3c1-9a1a25418f47___RS_LB 2596.JPG,Potato___Late_blight,Late Blight,2,train,5c251a1947b410046f467559af12296d,040631151b1d0102
c60533e5-8080-4c77-8ae4-7c1f2f7350cb___RS_LB 2810.JPG,Potato___Late_blight,Late Blight,2,train,089882e9b2504b4b2bfe08d07811295f,2c0e1b31b598cda5
c63d5cca-9639-4d42-88c4-13572afa1dda___RS_LB 2747.JPG,Potato___Late_blight,Late Blight,2,train,615cd334f3f844262215e0d3b1d13d95,c79d33674bd6bcd9
c66982eb-dd83-487a-98c6-2aefdf5d7be0___RS_LB 4683.JPG,Potato___Late_blight,Late Blight,2,train,67c79335dd6409fbd9ba76e6041292f8,e7cf9b17174d5d38
c6842cfb-6996-4a51-bc0a-7e2f89a903f0___RS_LB 3911.JPG,Potato___Late_blight,Late Blight,2,train,e8b304e3ade9ecbbcb471e2a6599e400,395cafb34f1b0543
c6c8843f-6b36-472a-9a87-bf1a235e08b6___RS_LB 5136.JPG,Potato___Late_blight,Late Blight,2,train,7e23185731d036c3dd6a2c67c7ca04e4,bf6f23f54f2f85f5
c6d1bbe7-c1d8-4760-9bb2-a97eac1ca0a8___RS_LB 3838.JPG,Potato___Late_blight,Late Blight,2,train,f716d22bb994b17ee9d3ab1bf0ed1f1b,3a1d466723131303
c6d79fa2-e6fc-4c95-a805-c7ff53075b15___RS_LB 4328.JPG,Potato___Late_blight,Late Blight,2,train,b7a36982cc22b1d1b9daaea8eeb004e8,8b99b0212d7b73af
c6ecc36c-1886-4d2d-89aa-0e9e9dc7ba32___RS_LB 4997.JPG,Potato___Late_blight,Late Blight,2,val,d6e37f1eff5d11b0fbdf2bde61879ec3,3cdfd3c36313c7f1
c746bac3-3c7a-445c-b78e-19294bd9a9cb___RS_LB 5233.JPG,Potato___Late_blight,Late Blight,2,test,e5084d9e0fa2eddcecc83b877bb2c210,4b99150d0b4f7f3f
c77d14df-faac-47e9-97e1-fc84a7aa6e74___RS_LB 4322.JPG,Potato___Late_blight,Late Blight,2,val,50de198d71ca2f4d9a049aa35c3b3a28,70203cce130f0787
c7853012-d4e6-4c0d-a14d-1220a0a6d3b1___RS_LB 3871.JPG,Potato___Late_blight,Late Blight,2,test,b8db5cc2f7fd33b40d3e96b6c0cda86f,eb8b03216373260c
c7982d1f-7472-44ba-a39d-76085c4d90cd___RS_LB 3072.JPG,Potato___Late_blight,Late Blight,2,val,05746671ab1f9efadb3ce4f9103659a0,db1b2d41493f2e99
c7adbae8-04db-489d-b9e6-c12de387d25c___RS_LB 2697.JPG,Potato___Late_blight,Late Blight,2,train,514a80decfae0d6acc778445db272a81,e39f95254b56dfff
c7c82b7c-078f-4ba9-90e3-db36a73bda22___RS_LB 5430.JPG,Potato___Late_blight,Late Blight,2,train,914c4bf915ec2e883e00d2a10f8b5b83,db0d46676357379b
c84a1cfc-5e19-46df-a315-c7fb6a61e60f___RS_LB 4103.JPG,Potato___Late_blight,Late Blight,2,train,9fa0e9a217cd7da77b21dc91f9a64f1d,cb9b336b6f6f3d37
c87b7e98-d4ed-446a-bf9e-47bd454f279b___RS_LB 2860.JPG,Potato___Late_blight,Late Blight,2,val,647661f74bffeea250e259346af3fdca,8c172963734e3824
c89d5a2a-2c1e-496e-84b8-b7a844a97ac9___RS_LB 4920.JPG,Potato___Late_blight,Late Blight,2,val,589e130024b52d3b4badca67f63d0c86,ce9f2d5b336e3c32
c8bfd67e-892e-4502-982a-adba5505be5d___RS_LB 4444.JPG,Potato___Late_blight,Late Blight,2,train,477f51e8559850637a86f9d3a23d9438,4d9f1b39191bc6e5
c970a188-e4e6-43cd-aff7-d0ac40d378dc___RS_LB 4834.JPG,Potato___Late_blight,Late Blight,2,train,b77727f9f7e5afdfb8aebed851bd748c,1c6653311c984123
c98f32e2-c52c-4a35-bc34-c32af5a18b07___RS_LB 2807.JPG,Potato___Late_blight,Late Blight,2,val,a73cd2fbcee2ec3e474421aa1595e071,9e07237173671e39
ca14c4bc-c9a5-4294-835e-6c3b81e61496___RS_LB 3080.JPG,Potato___Late_blight,Late Blight,2,train,80c8e4b1dce8689066a7e2705c0f4a10,4896330f2f3333cc
cb4fe901-5ca8-43e9-9a4f-3b9bf34ea364___RS_LB 3943.JPG,Potato___Late_blight,Late Blight,2,train,432dd202c7f4974123a2026881114f4f,913161414b8e9c30
cba4be0b-2554-4a9e-8dd0-94cbb2467388___RS_LB 3335.JPG,Potato___Late_blight,Late Blight,2,train,b2d9cab17b1d36893b54be36fc2a3f0a,c6132365511787c3
cbb653f7-72fd-4499-9d90-efdcd8c30077___RS_LB 2764.JPG,Potato___Late_blight,Late Blight,2,test,62efbc2b1ff71d0b12118cfe9d19c4a3,430c3c78683c394a
ccdf64d2-81fe-429e-8041-05b5a9ce50c9___RS_LB 5052.JPG,Potato___Late_blight,Late Blight,2,test,f70ad326316f91950fbb53ab32b02af2,0393852f1f9e9c90
cd04dd6c-fe7b-4587-ae2e-69228969d9d6___RS_LB 4824.JPG,Potato___Late_blight,Late Blight,2,train,f6c439b667dd7b7e82c39a1eee4802f7,1c1e23793199cde3
cd0b4621-eccd-434a-8bc1-d3a6d24a2f05___RS_LB 5250.JPG,Potato___Late_blight,Late Blight,2,train,dda81b39e3b67b78018ca4949a7b9755,fa7c667339b5c3f0
cd38f533-9b7d-4afd-bbd9-9ee5ab2aa3e8___RS_LB 2680.JPG,Potato___Late_blight,Late Blight,2,test,704afd9de3b7f35fd8777c965088d81d,381c465309098143
cd413b65-05b0-4bbd-9896-4951d11e920d___RS_LB 4575.JPG,Potato___Late_blight,Late Blight,2,train,113ad731583f9f6d26d7180a0c802680,50274f9325734719
cdad6bf9-1ca8-4feb-87b6-960dd55acf2e___RS_LB 3186.JPG,Potato___Late_blight,Late Blight,2,train,1e5dbb732b9829e8cc349b02d6fa55b1,c73b53d383a7fcf3
cdd030ec-609e-4f61-9335-6cf89a6f35d2___RS_LB 2776.JPG,Potato___Late_blight,Late Blight,2,train,288d067f587dca3220651069c1a06377,7d4ee379596d65bf
ce38cb15-70c8-4203-adbb-db648eb87554___RS_LB 4107.JPG,Potato___Late_blight,Late Blight,2,val,2867653e1c2b789d72087d0710ac322a,b439112563273dbf
ce5ec29b-599c-4c69-ba4d-04df7ab1c46f___RS_LB 4945.JPG,Potato___Late_blight,Late Blight,2,train,ae9ccf47563387cad49d94da0b7720d3,658b3161495b3e30
ced49a2c-c7b3-4c10-9475-2b004afebff1___RS_LB 4436.JPG,Potato___Late_blight,Late Blight,2,train,a1b483c8db173396bb0546bc17dfd912,010115234b535620
cf2e3e15-2284-474a-a36a-b102aa7d50cc___RS_LB 4760.JPG,Potato___Late_blight,Late Blight,2,train,20e0edc715fc94138712bc43ac46733f,0c4e3331188c0703
cf336796-9b96-4156-adc4-6fbeaebf2a6a___RS_LB 3207.JPG,Potato___Late_blight,Late Blight,2,train,cd25bcb6dd0f758e362080c5ebc7774a,c39f1d195b5b7ffd
cf83a586-2f2a-423b-8e1c-f7c284a20ec1___RS_LB 2785.JPG,Potato___Late_blight,Late Blight,2,train,b4d1dfac1cda9f249d6998d0381bc10c,860b1d1919139fcc
cf979c44-abfa-4ed3-865e-ee0c204ba9f0___RS_LB 4662.JPG,Potato___Late_blight,Late Blight,2,test,3793eb7f29cb063381b9ef8536b1c2a0,701c463930824280
d01b2206-84b5-41f6-9a40-b238282940bd___RS_LB 2631.JPG,Potato___Late_blight,Late Blight,2,train,c251a585b9e132fff11d7870cad7a628,0303094c65753b00
d0262161-b887-4357-b707-cde01cf5726d___RS_LB 3044.JPG,Potato___Late_blight,Late Blight,2,train,d5c45856dc3b67e47393a6a29b445c2b,fbaf8793d96d83c3
d105e6d5-4268-4b21-8709-24b894196454___RS_LB 3282.JPG,Potato___Late_blight,Late Blight,2,test,d30ed125131f38e254709363267a50bc,0e37672f0d8bc7a4
d1a28228-aae8-4348-b7a1-545dcf72d842___RS_LB 3875.JPG,Potato___Late_blight,Late Blight,2,train,aa56eef61b43dfeee40a1d8b16ac1e0f,7239de7e3f0b0182
d1ae329b-19bc-40c3-afb1-404ecf3c98ee___RS_LB 2613.JPG,Potato___Late_blight,Late Blight,2,val,2788283f59c4273ca2d2d6a32db4c12f,63893939251e7040
d20fef22-7016-4115-9930-a66b32c718c6___RS_LB 4417.JPG,Potato___Late_blight,Late Blight,2,train,b1a6390ddb72707405158d4454f50952,4f9b873f3b37b6f8
d2d8eb78-d267-4c37-a18c-b39a0bb11d82___RS_LB 3147.JPG,Potato___Late_blight,Late Blight,2,train,985b4e5c913c607eb5ba4a2ef1d0912a,23499414330b1e18
d2f57448-1770-46dc-97e3-40247d37094b___RS_LB 4455.JPG,Potato___Late_blight,Late Blight,2,train,f1a0e23c0b048e48e600fd3c2a3882a3,069f3b634616060e
d2ff230f-99a5-4dc5-968c-246d772788af___RS_LB 3279.JPG,Potato___Late_blight,Late Blight,2,test,ac60d3a3354cb9c799b1ac101e38695e,e3cb9b594b838ffd
d30021ba-fbbd-451b-b257-1fc5c6ac54d4___RS_LB 4466.JPG,Potato___Late_blight,Late Blight,2,train,52e4266ef6216a983c92a8515ce84b2b,e387359dbf373f3f
d30d25f1-74ca-42d3-804d-c31b06720c46___RS_LB 2817.JPG,Potato___Late_blight,Late Blight,2,train,17fe8938e32b9cfeaebac8abd8f43cf5,c70b7959edff7e7f
d36e9212-7594-4e4d-9062-0a98bc689729___RS_LB 5055.JPG,Potato___Late_blight,Late Blight,2,train,0fa7ac8443a585acc3929459f52da686,0c77335969118129
d378a0c5-d275-44a4-9f00-f7f180270f4d___RS_LB 2781.JPG,Potato___Late_blight,Late Blight,2,train,d91142a1b4d93d6555ee83a5acd04c06,479bb9317d4b475c
d3811753-f672-405c-afa3-8fbaa2715bf4___RS_LB 2720.JPG,Potato___Late_blight,Late Blight,2,train,c2a2237ca4c293353205a031be326af2,381c4c7333058501
d385010f-53c1-4e7d-9fd3-50f0c98dc245___RS_LB 3865.JPG,Potato___Late_blight,Late Blight,2,test,535fe3be03c80c92209e2c1a879dcf69,f38399213135920e
d38d9e28-89a0-4650-8a2d-dc5e6744b3b9___RS_LB 5204.JPG,Potato___Late_blight,Late Blight,2,train,298af902cb35adc62edcc090a269dc53,b3438c92310b122c
d3aa996a-f1d8-41bb-99bc-8f33ca2ea9ce___RS_LB 4404.JPG,Potato___Late_blight,Late Blight,2,test,23aafc74e1132cd2e00de0222de55ef8,e34ff56173723e3a
d3cbf715-a2a3-4024-ac5d-c6ae21a77720___RS_LB 2735.JPG,Potato___Late_blight,Late Blight,2,train,1d8eb7621f47e5425d939bd730373acc,9636675b67168763
d3e6cc68-6d84-406f-9e02-b81f8051ecb3___RS_LB 3992.JPG,Potato___Late_blight,Late Blight,2,train,850cfe37af41ede5dcb08cf919e3b466,23c789392521130e
d42061d8-9da0-4190-8dd0-d3629f0cfa53___RS_LB 3954.JPG,Potato___Late_blight,Late Blight,2,test,45b53a8bdd3ab85eb31a8eafb9efa2c4,6d0f37e3e3e33e9c
d438f9b3-2952-425e-8c5f-a92a21b35f5f___RS_LB 4470.JPG,Potato___Late_blight,Late Blight,2,train,71dc7a2421360f316e6f56bc2d710c35,0c6771793c0e0610
d43fa915-e947-4316-b0f5-0f925c5d9625___RS_LB 3969.JPG,Potato___Late_blight,Late Blight,2,val,e202ffca05325781b6f10bdc56aed7cb,33475f9c3123470e
d4463dcb-ae91-4329-8c6d-6da1eecbaaac___RS_LB 2788.JPG,Potato___Late_blight,Late Blight,2,train,c863df1a1dae7e96e11a40c91522fddf,1a3b3153151dc366
d4486c3c-6d93-4d08-a3f5-7f4ae1f7ef3b___RS_LB 2829.JPG,Potato___Late_blight,Late Blight,2,test,2eee0adefb7925ca8b1a6a17a5098174,010814260247470c
d4d37fcb-95c0-4e20-809c-6b92e6a565f3___RS_LB 5110.JPG,Potato___Late_blight,Late Blight,2,train,5ca633dac3d89f2fd4699d399d9df0c4,9e1b373335b78e64
d50d5ba8-c809-431c-8cc1-e297bc2706f7___RS_LB 4467.JPG,Potato___Late_blight,Late Blight,2,train,6c213237fbe48c1d81f9309869738a22,932b471f3d783630
d5a52702-2160-4f20-a1d8-49db59f83f9a___RS_LB 3213.JPG,Potato___Late_blight,Late Blight,2,train,04f16eb0bb968371964a4d5f373fee2c,638d3933060c3874
d5bf2575-1e57-4792-81a1-5770e701be1b___RS_LB 3209.JPG,Potato___Late_blight,Late Blight,2,val,a13b3d6b4850602c685b429bc22c4066,77bf9eb6db7b3fcf
d5f14365-91a1-41e4-95a5-9ae88c3ff4d6___RS_LB 5163.JPG,Potato___Late_blight,Late Blight,2,train,c0d738b34575aceb7b17520b99b5957d,0f19194d1b437e78
d648ee66-d38a-4df0-8696-c6fe5490a15b___RS_LB 4144.JPG,Potato___Late_blight,Late Blight,2,train,f5700365afe08c8998947faececd80be,39262763633796cc
d66ee513-26cc-4676-8aeb-9902e0969d2b___RS_LB 3999.JPG,Potato___Late_blight,Late Blight,2,train,55ddb7927b895c5fdfdac401ce03e54c,1c0e032100900001
d6a4ae30-77a6-458c-99e4-c817e7234aa3___RS_LB 4706.JPG,Potato___Late_blight,Late Blight,2,val,af921feb16f8493cfd3ce41d32fdf168,07234711274e1c72
d6fd274a-f184-482f-8043-b2fff10644ee___RS_LB 3962.JPG,Potato___Late_blight,Late Blight,2,train,2a0afbec61995b163d6b40c777b965a3,386c7622279f4be7
d71490c0-7315-4301-b9cd-19de9357a2f7___RS_LB 3203.JPG,Potato___Late_blight,Late Blight,2,val,bd29199d1aa3bea06c41156ea082f4eb,cb8b1b3b33338ecc
d752ca70-320b-4d33-970f-8f3eead9141e___RS_LB 3166.JPG,Potato___Late_blight,Late Blight,2,train,49d619f6339c3ac42c0cddaf1c0c1928,2f67c54b63339be6
d78c58b2-c9d1-43f2-8b18-4455855c0f1f___RS_LB 3288.JPG,Potato___Late_blight,Late Blight,2,val,1c65eee515c1a61aefbae7739e032be4,3c3e7b6349732f9c
d7e7afff-cb91-4209-bf42-ce579f273cce___RS_LB 4468.JPG,Potato___Late_blight,Late Blight,2,train,2f2db135032b65ae48c9504d8754bcfe,2d46c3432706ce6d
d7ef98cc-2d20-42ef-983a-5e45805a8ee6___RS_LB 3841.JPG,Potato___Late_blight,Late Blight,2,train,b63ee9364b573c5dc5994e03e734cb7a,1c1e5b6131138325
d7fdf2fa-8a55-4ff5-86a2-ca73c5883e93___RS_LB 4665.JPG,Potato___Late_blight,Late Blight,2,test,d4b433d531137ed8d2ecf21533ed2f30,454b1332165c7860
d80e59e3-a88d-4c32-8dd1-a23a6fed45ae___RS_LB 2846.JPG,Potato___Late_blight,Late Blight,2,train,1ab0ae05f8a7916912502e56a32d469a,0f19336143463c72
d8580222-d6c2-4519-94f2-f59c2d613d8b___RS_LB 4158.JPG,Potato___Late_blight,Late Blight,2,train,9540040861176011d559060ae000c710,0146872323371e39
d879aaf6-d557-4607-b7a0-ecbb3761f152___RS_LB 4723.JPG,Potato___Late_blight,Late Blight,2,train,86dffdc805f84dd2480a068e9aeea976,5fcf9fdbcf1f83e7
d8e3b97f-d362-4e05-8600-a103580aace4___RS_LB 4773.JPG,Potato___Late_blight,Late Blight,2,train,3520d0d64110866594e3e9612f5dfee1,c33775e1b3869dbf
d8ef0e69-3dfc-4d13-8d49-a44fa9cfa62e___RS_LB 4140.JPG,Potato___Late_blight,Late Blight,2,train,3b07ceee75b9d2af7ae2f6ae46469b96,260b0d199bb63c18
d94eae91-7d2e-4394-b892-8c8c7fa9cf11___RS_LB 4864.JPG,Potato___Late_blight,Late Blight,2,train,dbbc828c910b8fdcdabbf5709481f82f,7dded7cf6f1dc9e1
d9817cc3-ef03-41e5-8892-1fddd27b7bcc___RS_LB 4878.JPG,Potato___Late_blight,Late Blight,2,train,bc3633af69ea8aaa38447e4d8afbb4f4,c68b3959536e1cb0
d98195f0-bdf8-4e0d-9fd5-af86cfed2a6c___RS_LB 4790.JPG,Potato___Late_blight,Late Blight,2,train,bd4950ae3b0d74d315e11bbd8486f760,ce0f696038209819
d992e6d3-25c9-4bbb-a806-8bc1455e5c40___RS_LB 4968.JPG,Potato___Late_blight,Late Blight,2,train,7f029ec3a314249dbdc2815c2c16b85b,8e032965611b1ecd
d994fd7e-a338-42c5-ac37-ede01c18999e___RS_LB 5134.JPG,Potato___Late_blight,Late Blight,2,test,2e1e7c8911b2d52429857df82ade9b66,97133973330e269d
d99f0d05-6ee3-440c-9dc6-48f7ba2bfc24___RS_LB 2654.JPG,Potato___Late_blight,Late Blight,2,train,2359bc4c49cef4e00a0e98b9f63c9a82,4c8f274f47252f0c
da16cb94-4f1d-4390-b446-19eac2110115___RS_LB 2912.JPG,Potato___Late_blight,Late Blight,2,train,e0e4cd1d8dddc84abe45ac6ea984f292,1c0e4b4102020501
dac19eb9-e4e3-4ca1-8183-268b839901c4___RS_LB 5208.JPG,Potato___Late_blight,Late Blight,2,train,2c93a143fe269d899c82ed7c100c13c2,fb3e6773198dc3f3
dac53cd2-477e-4f7b-a59d-bb9018eec686___RS_LB 2879.JPG,Potato___Late_blight,Late Blight,2,train,6505f313d2e8530de90873b53a554401,3f3b5bd9e92b8743
dae7db93-d197-4616-a16b-5dcc59058bc2___RS_LB 3178.JPG,Potato___Late_blight,Late Blight,2,train,cc3b58e272162bc155ebc27cb4e3b6ab,a5cd993521734e7c
db973ce3-7198-4ae8-910a-bb1a3046e353___RS_LB 5152.JPG,Potato___Late_blight,Late Blight,2,train,03e85bb457294824f8383464e73aed92,c30d357333379ed8
dbad8fb5-90a0-4bcc-902e-7b7b632d0233___RS_LB 4036.JPG,Potato___Late_blight,Late Blight,2,val,4da6894bcf5292a693bd0baa11ef68d8,8627614151331787
dbbd22b5-a565-470a-9e72-2c7d7c26dbe5___RS_LB 4932.JPG,Potato___Late_blight,Late Blight,2,train,db8752afdb9d609ec330c24bac8d174d,386c46633b894501
dc0ad08c-a096-4ad2-9a69-597c10e12f71___RS_LB 4869.JPG,Potato___Late_blight,Late Blight,2,train,0ed17af5bd9cfc0794605b8dd2b1aa6a,92b333372626ad9e
dc289122-aa0d-454b-b617-16824440fce4___RS_LB 2959.JPG,Potato___Late_blight,Late Blight,2,train,51334651e1b0b99dc8de0cb1f5bcec9b,2f7fd39ddb3206c7
dce12e0f-6f9d-4c29-ad7a-5e8216b690e0___RS_LB 4721.JPG,Potato___Late_blight,Late Blight,2,train,c63732e10659b9b80c89a35307986a04,2c3b311012060600
dcf61d08-eda8-41c1-9293-43895d68b426___RS_LB 4372.JPG,Potato___Late_blight,Late Blight,2,train,8123032c38ae4169217754f5c7fa2075,8c3c5e1627cb8de9
dcfa79c3-b0d0-4dd0-9796-5d529948b88e___RS_LB 5437.JPG,Potato___Late_blight,Late Blight,2,train,4ffd702489d8fe4ccb1a5e361b516471,1e1f1f3d7f3f1f4e
dd08ad51-110b-4de0-bfbb-862e53a6165c___RS_LB 4542.JPG,Potato___Late_blight,Late Blight,2,train,e58aba6be266eed9a91f8a719e5cad74,f381844d4d23a698
dd36e5d1-434f-41ce-8f7b-6528e9adc77d___RS_LB 4060.JPG,Potato___Late_blight,Late Blight,2,val,0af6051c410e117f913d076c2a9e5c8f,1c2643433b33070f
dd55ba8d-a425-4b06-9996-bbf315d71e6e___RS_LB 2737.JPG,Potato___Late_blight,Late Blight,2,train,f9b04ec23c183fe6c7b4d07921831845,c6316b535e1c322c
dd730e05-5196-46f4-9e7b-0c01a9fdaa1b___RS_LB 3321.JPG,Potato___Late_blight,Late Blight,2,test,c79200a4ef8a49d7e03fa82dfa38b64f,0613592563371eb9
dd9b9122-fd29-4986-9dc3-330d4a48ccc3___RS_LB 5290.JPG,Potato___Late_blight,Late Blight,2,train,24e9265938db95c6f9adc2a87ac37951,df1f9bf1e1e90fc6
de0ae213-3479-4f07-b7f8-d59607a2caa8___RS_LB 2528.JPG,Potato___Late_blight,Late Blight,2,val,286d319256d84fd6c0710dfd46926a03,0141020159436e78
de282779-9d54-4b8f-8292-e06c3e020e16___RS_LB 3971.JPG,Potato___Late_blight,Late Blight,2,train,464762202c621e0ea5465d37df36f2e8,367f5d5b5b576f3f
de54e40d-4c5f-48d9-9b6d-bc96bde09898___RS_LB 4086.JPG,Potato___Late_blight,Late Blight,2,train,f9d304ced1af78491f1ec406a972986f,03030d2b23477e39
de63bbba-d8d0-4e74-95d7-6d5adfcd0955___RS_LB 3222.JPG,Potato___Late_blight,Late Blight,2,train,9cc591aeeb1e30609a4721351c0d5f49,fb7e27334d0d97c3
def9c9e1-fd12-44d9-92ae-18c5ff0f52da___RS_LB 2605.JPG,Potato___Late_blight,Late Blight,2,train,cee5aa1852b5d140fa9b88a5d79750ac,1b0f667b37174d63
df0f75cf-febd-4fde-84a0-7c4da9f97fd2___RS_LB 2534.JPG,Potato___Late_blight,Late Blight,2,val,dacf4e793bb79b028b776e8eff764ff2,96362b39212b9fcd
df40ffa7-8efd-4720-8786-a30b9011dcfc___RS_LB 4150.JPG,Potato___Late_blight,Late Blight,2,test,b77ce46cdee98ae163cb873212e853e2,8e032343c367269f
df5eb1ff-9261-45ab-ae3f-bf942cdf1a72___RS_LB 2947.JPG,Potato___Late_blight,Late Blight,2,val,c45cd4187e7c7e4bd6a4eae2033ab613,1b278b39734b6e98
df60df5b-a619-4b38-926d-6372c0f6329a___RS_LB 5308.JPG,Potato___Late_blight,Late Blight,2,train,0f48ad145816882d17e133e32981a472,4392262c191b3224
df6898c4-f3a1-4ff2-8f44-3bc45a8d4ec5___RS_LB 3316.JPG,Potato___Late_blight,Late Blight,2,train,ad2383f1fe6847af5621341306bf42a3,8c3673494d3b86cc
df919a28-9f11-42f6-823c-15f70bf1325e___RS_LB 4936.JPG,Potato___Late_blight,Late Blight,2,train,b062e4e408b67bd927a5334ee2171fc4,43993973666c3820
dfa65276-0450-4a57-ba94-25384d378f22___RS_LB 4065.JPG,Potato___Late_blight,Late Blight,2,train,7ef4643da16cb4ca05786a66ef3f53b8,181c0743251e0200
e01f9ba8-74b9-48d8-b96c-ac48463a4d29___RS_LB 2857.JPG,Potato___Late_blight,Late Blight,2,val,6a95a7f18e46833f4ae92aef52829cd5,983d39615333260c
e0460bd7-100c-411f-ae0b-f69bfe360313___RS_LB 5310.JPG,Potato___Late_blight,Late Blight,2,test,4346016b0e3e6f904e308e53951faad8,4613313131311f9e
e08c2b56-3a54-4fcc-b814-85c55020278b___RS_LB 3991.JPG,Potato___Late_blight,Late Blight,2,train,93fccaf38742628fb6c8043a2795046c,963333333333160c
e0a085c0-20e4-4e36-87db-49f0b58fa349___RS_LB 4324.JPG,Potato___Late_blight,Late Blight,2,test,5c5e94ff214f6c53d73d6423d5b3ba59,2f232b23874f4bcf
e0a559bf-6345-4c5a-8b42-5545b52a2f1b___RS_LB 5456.JPG,Potato___Late_blight,Late Blight,2,train,c3a318aefd7fe3e2d24b3ce850ad46de,8e1b1d4c61130fec
e0c879c8-ebf3-43d0-9693-7a747fb5ba75___RS_LB 3956.JPG,Potato___Late_blight,Late Blight,2,test,bea7340bbfbfda0cffaf159f05ee69c1,ccce6b7b7d1b8366
e0d0ea5a-242d-4d1c-9df1-0cc592d75e48___RS_LB 3011.JPG,Potato___Late_blight,Late Blight,2,train,5482c8319033c8713a2a957c5162644c,9c2e6371713787cd
e0e15d89-8c3b-43f5-8617-136b720e39cd___RS_LB 2668.JPG,Potato___Late_blight,Late Blight,2,val,d55a80e2d7d92f19c94c3a2c7280e65a,981c5e6327078d61
e10ce839-9da1-4f23-9b5e-c5483f6eabbd___RS_LB 5328.JPG,Potato___Late_blight,Late Blight,2,test,692716f88d1ba1e8f4c12bb0a155961f,ffb779d1b3a6fd7f
e1197d2d-980a-45b1-9ab1-5b7cc36660bc___RS_LB 3885.JPG,Potato___Late_blight,Late Blight,2,train,ffdf30d03ef828e6b5d6b5f7d63cd02b,8c17878383536e3f
e12ede80-8428-4424-b95d-5d3267d112a8___RS_LB 3079.JPG,Potato___Late_blight,Late Blight,2,train,a24e3da40a00ccc6c893e23b9b8b863b,4b8f391d3b777c79
e19d0007-3013-419d-a46a-0b1919f05cc4___RS_LB 4057.JPG,Potato___Late_blight,Late Blight,2,train,03d735866f3ac114ce97a4c0a9d8b493,072321491d339ed8
e231f522-dd72-4fbd-94b4-5b4d7b935269___RS_LB 4131.JPG,Potato___Late_blight,Late Blight,2,train,99450ce03ba88e560850bd8360b55898,303c4e3b110c0200
e2326741-ee59-4e3c-86bf-9e81ccf50b6b___RS_LB 4147.JPG,Potato___Late_blight,Late Blight,2,train,f1d4790f4e6f16850d186ce0f20dca3e,8134787071311f4c
e25a378e-0aa3-4ac6-b0b1-281a500b9502___RS_LB 4835.JPG,Potato___Late_blight,Late Blight,2,train,c7a7d6e5cc9e95fec5449aeba3827b90,cf993d39592f9e7f
e25e57fb-41d5-4f46-92f7-ce841bd97374___RS_LB 5448.JPG,Potato___Late_blight,Late Blight,2,test,5c087f0d26e95282a00f855369233183,3e3b3b2f3c1d9fe7
e26ad557-11c8-44fd-aad1-dea51c613742___RS_LB 5115.JPG,Potato___Late_blight,Late Blight,2,train,392b0efbad00e7a35ce1b97463bec1f5,7f7ff77f3f1f97e1
e28b4ead-09f5-4e34-a162-0e0268f53763___RS_LB 2583.JPG,Potato___Late_blight,Late Blight,2,val,568464f863259dbb669669ca31d6d9d8,1e726371298d2501
e2ce6696-9f6e-445c-a6c6-c765d659447a___RS_LB 4960.JPG,Potato___Late_blight,Late Blight,2,train,9f052e984a7166bc90b8cd5373010a3f,0c47e17032894322
e2d4d58b-8754-4c63-b888-8355ddbcb989___RS_LB 4863.JPG,Potato___Late_blight,Late Blight,2,test,95c828517a450bc7356dbec71b25845b,1c465b5f3399c5e1
e36ccebd-29c6-466d-b46f-41fa38f6e9c0___RS_LB 5047.JPG,Potato___Late_blight,Late Blight,2,test,f16c69fe69f8491e9ad935ec9cc2b9e6,6789980d3d231e38
e3d4df7f-f184-453e-8a99-3cb0de5a2488___RS_LB 3959.JPG,Potato___Late_blight,Late Blight,2,train,1c7cc19ad06fcc635239925bcae61f87,9e8d3141c386adbe
e40a1e10-fca8-4831-b124-48bc07f92eb1___RS_LB 2897.JPG,Potato___Late_blight,Late Blight,2,test,b83145649b4ac94301816d82fb8ed582,2c4b492422020201
e439b96c-2ff6-4d53-b8f0-1ed720536b0c___RS_LB 4449.JPG,Potato___Late_blight,Late Blight,2,val,6d02b1342bf082d2acdc61cc5ee5bf82,3436e3d999234b8e
e465af98-028c-4222-b300-d9688b613d89___RS_LB 5137.JPG,Potato___Late_blight,Late Blight,2,test,5f1592c502225b267163556d6045a7d8,470931151b3e3c32
e4735c8f-e6da-46a1-b0fe-b1d2355a1bd4___RS_LB 2796.JPG,Potato___Late_blight,Late Blight,2,train,0806e0e24631da199036d80c6644fbdc,e70f575f4667bc9a
e47b3a9a-24ea-460a-8a8f-4fc9814a072e___RS_LB 3314.JPG,Potato___Late_blight,Late Blight,2,train,b7f8151f7dccf15dcb5e13668d0fee83,af273371792d13c7
e48ffe4c-d920-4559-83ab-62d9d881d787___RS_LB 4129.JPG,Potato___Late_blight,Late Blight,2,train,bbebad6528440c764d5d1ba9b7e73598,07193939391b8f6c
e4a264b9-fbae-4f38-86ce-d0a7d70e92e1___RS_LB 5211.JPG,Potato___Late_blight,Late Blight,2,train,eff1d0db07695b0bf4313ad794ca621e,4789303033121c18
e4d454e4-c1e4-4597-8e76-77a93465b41d___RS_LB 2868.JPG,Potato___Late_blight,Late Blight,2,train,5066172aa8243326ff7be0c340bc0c61,676174743413c3e2
e575421c-a9d4-4c0e-8027-b12fca1e3ac9___RS_LB 2806.JPG,Potato___Late_blight,Late Blight,2,train,23e9a0d42590878daa58159d4755dc61,e18b3869d9db8e2d
e6d7f5aa-d176-4e43-9e0c-afc2901442f6___RS_LB 3066.JPG,Potato___Late_blight,Late Blight,2,train,468d89b5593d1910910ac32271b26fb6,010404044d0b061c
e71a27b3-20d5-40e8-ad01-4c1942d46654___RS_LB 4085.JPG,Potato___Late_blight,Late Blight,2,train,2e4431b67b1440c814599596fc561ac5,c78b0d3b3b3f7f7b
e749122f-0dcc-4613-87a9-5347a51a7b58___RS_LB 4409.JPG,Potato___Late_blight,Late Blight,2,train,066663d463a7b3c58b206a3cc37d5f61,87271f3d3b1b92dd
e766a563-c87a-4d14-ae00-898ce62e15d4___RS_LB 5123.JPG,Potato___Late_blight,Late Blight,2,train,ca8d489025e03199873356a7cf685d44,071b335a1e266c58
e7e39ba3-b9af-4d5f-afb1-aea45e13446a___RS_LB 2876.JPG,Potato___Late_blight,Late Blight,2,train,d111a4f54d17d3ca5734129ca8ffd2fa,3a39455425094b0d
e8040f51-18ed-43ec-9fa3-b5eb972f4fec___RS_LB 2527.JPG,Potato___Late_blight,Late Blight,2,train,19da71903ce294c4907a11c6df7650f8,3f43093909238ecc
e9429874-1098-43af-bc38-0acc0b93f4f9___RS_LB 2682.JPG,Potato___Late_blight,Late Blight,2,val,64f207d6f76c4c9856237c6929e3819c,e69b317747457f3b
e956d757-4016-4d20-96a6-6844787ddc46___RS_LB 4815.JPG,Potato___Late_blight,Late Blight,2,train,8a1a1bf683c520c4508a09e8c772bdb9,3c0e53492909c323
e95f2954-1b68-490d-9684-90b3080676b1___RS_LB 3997.JPG,Potato___Late_blight,Late Blight,2,train,f3e48723f4ecd5c6e50d588f3170a386,0713212123138e4d
e9642678-b019-4ac2-a960-66fcccb2ccaa___RS_LB 2948.JPG,Potato___Late_blight,Late Blight,2,test,ce7a4b96289501c25a7435b0445baf51,0606021905171614
e986907b-6948-4c72-93d3-29cb795cc9a1___RS_LB 3837.JPG,Potato___Late_blight,Late Blight,2,train,17bc3b8cc61915068e4d106c27f98ada,c61333317367179f
e9cc84b7-fc38-4e65-a129-c7a63df76780___RS_LB 2705.JPG,Potato___Late_blight,Late Blight,2,train,201fed71f0b0bfa2064e3008093f3b4b,9c6e634b2d1dc521
ea06da1e-81c9-4e2e-8266-1f3d56914ff3___RS_LB 2701.JPG,Potato___Late_blight,Late Blight,2,train,eb69a471e748839cab7d7b7fadf150ca,963b694d5b732e98
ea2bb076-a483-4570-88ac-8ab236d4bb92___RS_LB 2503.JPG,Potato___Late_blight,Late Blight,2,train,e1e3f28ed38897975cf6983938bd3b99,86a72b39b18bdecd
ea350085-28c1-4fc0-9fb9-386536cb971e___RS_LB 4890.JPG,Potato___Late_blight,Late Blight,2,train,bcf149c8304e7f9d4724151d91fd65fa,9c1e6369399f4624
ea356b9c-9090-4f0d-9083-d1f63c77372d___RS_LB 2800.JPG,Potato___Late_blight,Late Blight,2,val,3b55e73d6a4eb461b4f715b17ea1f2a3,0381116141474678
ea542556-e7f6-416c-8451-149916f4574e___RS_LB 3086.JPG,Potato___Late_blight,Late Blight,2,train,86c595f6357a94ca4a2081ce8fcf0138,b1678d2f2f666c78
ea5fc080-37a7-4954-ba8c-a5d67b6a0962___RS_LB 2888.JPG,Potato___Late_blight,Late Blight,2,train,92e8ae3ac7ec7df598f12174b510c5e4,3f67777979633e98
ea620852-7590-4d82-8349-1470cb1fe3a8___RS_LB 2719.JPG,Potato___Late_blight,Late Blight,2,train,521ec4283a6e2fee971b08fcda27d8ec,93133445293b079c
eb2bd15b-a92b-4302-98a1-bbc13a0f95bb___RS_LB 2671.JPG,Potato___Late_blight,Late Blight,2,train,889b48f5237095d2160613fe63ac0ff5,1b7345e56f7e1e9c
eb34280e-0cfb-4166-a9b8-a15892c9ff5c___RS_LB 4450.JPG,Potato___Late_blight,Late Blight,2,train,2f2c335b935939120ea83d4a7c7edf75,0c13192d26230786
eb5ff6de-b988-42d7-87bf-374a4b938af9___RS_LB 4234.JPG,Potato___Late_blight,Late Blight,2,train,26ad32d21f5b168ce7af4decb754dd71,9d2e162307968665
ebd47dca-590b-43c4-812d-32f95b776690___RS_LB 3834.JPG,Potato___Late_blight,Late Blight,2,val,d0886505c66fe16cb6ad489a54b8150b,0713333333378dc9
ec53a246-df50-44c1-a87c-c8296f25f20c___RS_LB 4717.JPG,Potato___Late_blight,Late Blight,2,train,342b41e9a83c68f000b73786177f68d6,c79d1d79d3969fff
ec5974a3-4c73-4129-a372-8ddec73eb246___RS_LB 3034.JPG,Potato___Late_blight,Late Blight,2,train,158d30d8647869b9ffed0be01c2e89dd,2426414931360303
ec88be1e-7e05-4fa4-b456-529d7f1bf81c___RS_LB 3922.JPG,Potato___Late_blight,Late Blight,2,train,0b9641881ae73aeae85ff58b76e3a853,9f3365494f1eb048
ec958877-f479-4c8c-a947-3686039f8921___RS_LB 2587.JPG,Potato___Late_blight,Late Blight,2,train,d72cc15d753a9d3c42d17698996f6882,862747cd8f1f3e3d
ecfc161f-11f6-449f-80c1-1b0254f5179a___RS_LB 4279.JPG,Potato___Late_blight,Late Blight,2,val,1e8e5d321a5d616a3282ff81ef7bd4e1,173b337363038fed
ed2d2803-3b9b-4c3c-ab8a-9aea2bf76ffd___RS_LB 5190.JPG,Potato___Late_blight,Late Blight,2,train,b761eb96e69c8e25a3aeffc2e2b7a15e,9663cb9323031e38
ede8e8be-6d71-466e-918e-44afa1403e30___RS_LB 5455.JPG,Potato___Late_blight,Late Blight,2,test,d862a5ebe7290c07dd97273c68b169f4,7ebe37391999c1f0
ee09546f-d7cd-4af9-9445-41745638c9c3___RS_LB 4471.JPG,Potato___Late_blight,Late Blight,2,train,eaba6335943d835fc98495263bcfdb03,30184c0623934d67
ee1e965f-2bee-4a7a-8356-1118c9e41cd3___RS_LB 4120.JPG,Potato___Late_blight,Late Blight,2,train,29f92797214bc13d9d2766de4b8183c8,f3c1c989cd611387
ef48ec23-0655-43d7-9475-8e73086033a2___RS_LB 5219.JPG,Potato___Late_blight,Late Blight,2,train,dff5ef4c64544d8aa3e5c180aaa0dec7,0625706261338264
ef49abc4-4b8e-4438-88a9-b3acfdb52014___RS_LB 2623.JPG,Potato___Late_blight,Late Blight,2,test,7125b078d17dc02b0dc2ab91b8102927,8e1f0f1f27279f9c
f07f6548-70d6-4f8c-81e6-d8193c19061b___RS_LB 4984.JPG,Potato___Late_blight,Late Blight,2,train,7480363590f18a8b2c03a41f0a22eac7,039913236b363c70
f083d357-23f8-45e6-9fac-87e5d0ab9cac___RS_LB 3317.JPG,Potato___Late_blight,Late Blight,2,train,c03252d02ab8c604b6a79313a2a872e7,4309396864653e18
f14f54ba-3706-4f6e-8152-01226e55c86e___RS_LB 4237.JPG,Potato___Late_blight,Late Blight,2,train,8bfdd6d0e4e9e34fe08b4a8f75193164,e7872327464d3e37
f1764cd0-d391-4214-93db-20299d62e853___RS_LB 3012.JPG,Potato___Late_blight,Late Blight,2,train,abad944eca8e97492199cbcae65a739a,46333331280c0f1c
f18c34fd-e43a-4338-b3f3-6537f2f84f98___RS_LB 4111.JPG,Potato___Late_blight,Late Blight,2,train,926dae3144a9087fad8412f875edd8c8,1721695a3919c3b2
f1a2b03a-d724-4f81-a8d7-d7f38f26ea29___RS_LB 3039.JPG,Potato___Late_blight,Late Blight,2,train,cc47855473df3330af59f838885ef57b,3e67495525339f4c
f1b1a037-34e4-4016-a0bc-703059820f24___RS_LB 4343.JPG,Potato___Late_blight,Late Blight,2,train,fb2857512ae4b248713af0ce95e487d9,479f363c3879730e
f2676f08-798e-4291-8aa2-0655ca54cb07___RS_LB 4292.JPG,Potato___Late_blight,Late Blight,2,train,3abc277a40310f0ea2df630652f1df06,fedb93a32f9dbfee
f27d1c83-25e9-4ab8-8970-3ddfd2a4c6fc___RS_LB 3230.JPG,Potato___Late_blight,Late Blight,2,train,31925417a7ce4d287bb43e3e2a589a16,7fddbef35b3983f7
f2bfd338-f718-4794-a115-3337a0669988___RS_LB 2944.JPG,Potato___Late_blight,Late Blight,2,train,2e3c38f96b28c757055e54ce7bc438e9,cf9b39591d3e0fdf
f37f6160-4f5b-447f-b497-cc6eb7662e3b___RS_LB 4951.JPG,Potato___Late_blight,Late Blight,2,test,6f8db16b0b7a46fbbea73c7e72630d44,0d25366365330f4c
f3ee2886-4ada-4287-94b6-c4c93005b887___RS_LB 4352.JPG,Potato___Late_blight,Late Blight,2,train,8d36c34b7fe7d4a490e2c8307af80ef0,3e3e2f1b1911e5eb
f46c0317-fc28-4b5b-a09d-b52ef54fae67___RS_LB 3889.JPG,Potato___Late_blight,Late Blight,2,train,3f1fec400b72db9fe97aed29cdaf6f05,e685969c0503231c
f477f5a9-90cf-416b-8a3d-782ea2365c9f___RS_LB 3884.JPG,Potato___Late_blight,Late Blight,2,val,a405c8de3aea06b501f46217d174464b,1e5d4f0303456490
f4e0bb0f-5f98-497c-a090-4e4c47f6707b___RS_LB 5153.JPG,Potato___Late_blight,Late Blight,2,train,ebab070a1a8fd7cdaccbb6a3fb7dd494,000222352b3a3420
f4e6847d-d381-4849-9ff1-930cfb597d08___RS_LB 5097.JPG,Potato___Late_blight,Late Blight,2,test,02349670d400367ee0d758e2f4b20a1b,040410262c49173c
f528b00d-99a6-41db-8d96-9eed58b519c1___RS_LB 4544.JPG,Potato___Late_blight,Late Blight,2,train,8e39e2602e2bdf0af1ddb5dfb97a9f45,0b1d397b736f39b7
f528e881-b237-4797-ab54-0152eb901f53___RS_LB 3854.JPG,Potato___Late_blight,Late Blight,2,train,1f774d140e2d8cf4647eab47c471ee0d,3363414343cfcf5f
f5ad9b49-ea3a-46c0-8a54-d4e0aa76eda4___RS_LB 4379.JPG,Potato___Late_blight,Late Blight,2,val,c22ed5d67f238087ba68c203bb220b86,90cca65b4d679785
f5cf6151-96d1-49bb-af1b-fa6026d749e8___RS_LB 4048.JPG,Potato___Late_blight,Late Blight,2,test,b2c0d465e125129ae01a6e73bab7c843,3d76835171013b0b
f5f41985-23db-4902-96a1-db4d7f95a26a___RS_LB 3177.JPG,Potato___Late_blight,Late Blight,2,test,cadaf6526063523822bc0f79b05fa31c,062335292523361c
f62c0408-af09-4883-a780-7bd335e60443___RS_LB 5258.JPG,Potato___Late_blight,Late Blight,2,train,bc4369276ecfa85504985f64abcf570d,07032765731b5e99
f68e448a-c2f5-4638-a7cb-45e73083ae4a___RS_LB 3892.JPG,Potato___Late_blight,Late Blight,2,val,9d65b70b4ac788ae122e07a695d4e784,278f33255f4e7c64
f7438ce7-c12a-40df-83a1-1ab0cde13bb0___RS_LB 3847.JPG,Potato___Late_blight,Late Blight,2,train,8bbdfeda0c3748a0fe69decc923aa64e,c389383c75212326
f7936082-7315-477d-9710-529a7024b32d___RS_LB 2546.JPG,Potato___Late_blight,Late Blight,2,val,fe5932ddfc1e438ef978c29b95a0ef33,735ec6cbe3733b9f
f795a3d7-2915-447c-9e6f-df1d895f98bc___RS_LB 2792.JPG,Potato___Late_blight,Late Blight,2,train,ac12a8f079131d1f886fd315c09a4c0a,4f8f1d31730696c4
f7bbae6e-df8d-4f2a-b8b8-52c94d9bf2b5___RS_LB 3212.JPG,Potato___Late_blight,Late Blight,2,val,d2b1f9a6ce65d6c1dbc14972ee6ff29c,8c236b4321010302
f81452c0-aa6a-4d2e-a4ba-c761a2e7870f___RS_LB 4280.JPG,Potato___Late_blight,Late Blight,2,train,d0058536fd24a7e66024be4e1d88f0eb,000202042c293a00
f87fce12-78df-4a8c-92ff-8c0b83cc82b9___RS_LB 3025.JPG,Potato___Late_blight,Late Blight,2,train,c4891e79cf7f3a5bd604b5ac3f317063,469b2d7d5961179c
f8d2bf55-3044-4d09-9372-63aa960f1881___RS_LB 2538.JPG,Potato___Late_blight,Late Blight,2,train,e0bb5fa228fee41b49deabd2aba1277f,9c7e633135398bc3
f9102bc2-7c64-4dd8-afe5-d31db2159899___RS_LB 4401.JPG,Potato___Late_blight,Late Blight,2,test,226a86100adadce31086441278f7a3f0,336745190f91d9e7
f926e3c1-74bb-4397-85ca-725a54dfaf49___RS_LB 3053.JPG,Potato___Late_blight,Late Blight,2,train,e81a3f79b5847cf10c1767039e7f1f89,8e1b23210b1f9e86
f93b9fc8-469b-4a2f-8c0b-ca3d1a093185___RS_LB 3870.JPG,Potato___Late_blight,Late Blight,2,train,11e4ff8ae2d33bcd685782f8118b9364,44070725343d8d64
f95a6bbd-39a3-48e7-a612-8833c2b7b3ff___RS_LB 2784.JPG,Potato___Late_blight,Late Blight,2,train,4c8be3ee6b8cb97b10af31cadf287c4d,4d99b33963430e1c
f964b423-2146-4523-9f71-d7937c475bf0___RS_LB 3842.JPG,Potato___Late_blight,Late Blight,2,train,9e0b606625e6e2bb3d16483164fead33,23479d19233b271f
f973bbe0-ce70-4215-8d5b-9e7adc099261___RS_LB 2507.JPG,Potato___Late_blight,Late Blight,2,train,f62c24aba5dbbcaef177d47b0ef390d1,8b31216163464c72
f9bd5093-1f62-4d00-bb66-7f65ce5c412b___RS_LB 2854.JPG,Potato___Late_blight,Late Blight,2,val,932a28f581f577ff04d8b77a2fe13832,1e5b49617b1e8dc8
f9d861a9-0217-4de2-844f-fd23ccaa9def___RS_LB 3067.JPG,Potato___Late_blight,Late Blight,2,train,e8ce4995ce678e92b21ae8e3c8fdd5ef,184c064b21010101
fabf3179-8fba-4551-93fe-28e7f6c0efc3___RS_LB 3269.JPG,Potato___Late_blight,Late Blight,2,train,cab4857107b3502d02d74f2bc47a2e8a,439111194b63363c
faf67766-afc0-4f41-af0b-a3971fe325c7___RS_LB 4777.JPG,Potato___Late_blight,Late Blight,2,val,01ce51d5424648599944e1cf6f4bc98c,01042428172e7c50
fb13e4c8-17e4-48a9-899b-dfc7f302196c___RS_LB 4374.JPG,Potato___Late_blight,Late Blight,2,train,a74fb8d396ed42e6dbfb2e573b8eed34,3418582c261b0bc7
fb61ea12-3f1a-4ea3-911b-d830eeb74717___RS_LB 2914.JPG,Potato___Late_blight,Late Blight,2,train,0fe80b847d875983d3e1e1585b155544,d393256d5fc78edf
fb91b663-6a03-4165-8125-afc96e41ab5c___RS_LB 5130.JPG,Potato___Late_blight,Late Blight,2,train,1a3df547c2971b47caf268d99691bc26,4311234b1e6e3970
fb9dc049-ec76-4502-9a11-13fb62a26ed4___RS_LB 3916.JPG,Potato___Late_blight,Late Blight,2,train,ee9a520f868cf5ab58bb1e904a52ffa8,9e3339397bf3163c
fbe08e9f-d4a0-4a6e-9741-c34fda88b3d2___RS_LB 4540.JPG,Potato___Late_blight,Late Blight,2,train,e0a3c19a69f099feee339e1c919a56f5,639b31450d2b3ab4
fc748621-bd56-4012-a617-9e30df58ecfc___RS_LB 4402.JPG,Potato___Late_blight,Late Blight,2,train,c4198f096bc5af4fff95b9e99076d982,410138180d4b1030
fc759d3f-64c7-4e45-9a0c-5a2f07fd1055___RS_LB 3030.JPG,Potato___Late_blight,Late Blight,2,val,9168096018ded966a83809653077a107,9f0edbd9d9cb26c5
fc9b06c8-7c63-445d-9858-a5a0c7be719b___RS_LB 3273.JPG,Potato___Late_blight,Late Blight,2,val,69a40b9b4f4efc3e44088b22bbf64a19,3f365a73713599cb
fcc8393e-18f5-48c2-bd87-a0dabc151810___RS_LB 4029.JPG,Potato___Late_blight,Late Blight,2,val,f7bc69df4a72e83c239eed6fc65dd91d,4c8e3343134357fd
fd35fb86-6558-40f2-b8ac-6922e2107af5___RS_LB 4095.JPG,Potato___Late_blight,Late Blight,2,val,fac4d81b9fba3042956dc94925a78dc6,cc9c3979656b4e2d
fd81a3e2-1d3e-4e52-a010-ad1b36a5220d___RS_LB 4067.JPG,Potato___Late_blight,Late Blight,2,train,064d23b2e118c5157d7678016f994355,8b1979bdbb8f3e7b
fdb4e132-c71b-413f-93c0-c863dd4582a7___RS_LB 2582.JPG,Potato___Late_blight,Late Blight,2,train,34c20a2ade91fb0281dc5e63a104ddc9,468b395131310e1c
fdb7d904-91df-4f00-85bd-0fb038723329___RS_LB 2628.JPG,Potato___Late_blight,Late Blight,2,train,2ef2fbf5251a74dd30cd9abd427748ac,ed2733717b7f373f
fdc86644-2491-4ace-b7e3-190e1d68ebba___RS_LB 5129.JPG,Potato___Late_blight,Late Blight,2,train,c46927f90a3b1cedf409a2d196308e90,3fafc7cb650fc3f3
fdf53f6c-db92-48b9-9e06-0358e4114be6___RS_LB 2656.JPG,Potato___Late_blight,Late Blight,2,test,42aa1b1971c5a4cff26eca02d661be2c,1f2f43d1d96d3b9f
fe3eb287-4bb0-4a6f-b50e-253370bd19dd___RS_LB 4073.JPG,Potato___Late_blight,Late Blight,2,train,22fb70d59c127e5f3d5404e5fdcfdfbb,8e3f73fbf65e793e
fe4bbe61-ddd7-464f-8aa6-e292b8686c70___RS_LB 2902.JPG,Potato___Late_blight,Late Blight,2,train,d42f4791bf481f665bab74961623559e,1e336371733b9e4c
fe72d959-6788-4b19-9285-e0b2919dc718___RS_LB 2516.JPG,Potato___Late_blight,Late Blight,2,train,1399cf63964694654608edd132bc0189,1633393c1d8d4723
fe93615b-4160-4956-a65c-cdbc79af2052___RS_LB 5131.JPG,Potato___Late_blight,Late Blight,2,train,b26d1e293e5971d4d9e485fd56b875f2,0f35616d4f371ecc
fe9d57f1-8e00-4069-963a-b344cceca7b3___RS_LB 4486.JPG,Potato___Late_blight,Late Blight,2,train,494333f164ade40f86d9795e61468c82,000c2793d3633788
feefc118-4434-4ffb-afbb-02fb292f72b6___RS_LB 2874.JPG,Potato___Late_blight,Late Blight,2,train,2b24bfb7f68e476706b741929773a64f,8b1934536b279e58
ff03a125-445b-40e1-a7ed-0bb9b155dfd8___RS_LB 5039.JPG,Potato___Late_blight,Late Blight,2,val,66be916e9f4ecefa0320df96cbf1ac03,238d1c3d73766c70
ff7160f9-f8d7-4576-82b8-009bf1b63b3b___RS_LB 4974.JPG,Potato___Late_blight,Late Blight,2,train,e3c4dee1c544ddd795971f808116504e,1c06476924944121
fff55a7e-2f86-4747-8d31-f1fde3c307aa___RS_LB 3081.JPG,Potato___Late_blight,Late Blight,2,train,6c1602845043b28ea854ed79bcdc74dc,21498c2c45030b34
